date,market_id,commodity,min_price_per_kg,max_price_per_kg,avg_price_per_kg
2026-01-01,MKT_01,Carrots,19.35,22.25,21.24
2026-01-01,MKT_01,Pork,287.38,316.12,304.49
2026-01-01,MKT_01,Rice (Sinandomeng),45.91,57.39,47.02
2026-01-01,MKT_01,Chicken (Whole),153.04,191.3,185.81
2026-01-01,MKT_01,Beef (Rump),383.64,452.5,385.54
2026-01-01,MKT_01,Tilapia,116.58,155.44,153.8
2026-01-01,MKT_01,Bangus,142.94,200.12,153.65
2026-01-01,MKT_01,Tomatoes,58.09,106.5,67.29
2026-01-01,MKT_01,Red Onions,86.73,154.18,115.93
2026-01-01,MKT_01,Garlic,74.5,121.07,88.27
2026-01-01,MKT_02,Carrots,19.3,22.19,20.35
2026-01-01,MKT_02,Pork,295.41,324.96,306.37
2026-01-01,MKT_02,Rice (Sinandomeng),48.1,60.12,50.8
2026-01-01,MKT_02,Chicken (Whole),156.26,195.32,176.33
2026-01-01,MKT_02,Beef (Rump),379.02,447.04,420.24
2026-01-01,MKT_02,Tilapia,117.8,157.07,124.83
2026-01-01,MKT_02,Bangus,145.65,203.91,185.33
2026-01-01,MKT_02,Tomatoes,58.54,107.32,80.07
2026-01-01,MKT_02,Red Onions,88.18,156.77,91.0
2026-01-01,MKT_02,Garlic,77.13,125.34,120.56
2026-01-01,MKT_02,Cabbage,39.69,69.46,49.16
2026-01-01,MKT_02,Potatoes,67.32,105.79,87.31
2026-01-01,MKT_02,Whole Fish (Galunggong),172.81,230.42,228.2
2026-01-01,MKT_03,Carrots,20.06,23.07,22.12
2026-01-01,MKT_03,Pork,303.32,333.66,306.42
2026-01-01,MKT_03,Rice (Sinandomeng),48.12,60.15,50.78
2026-01-01,MKT_03,Chicken (Whole),159.72,199.65,175.35
2026-01-01,MKT_03,Beef (Rump),388.24,457.92,407.38
2026-01-01,MKT_03,Tilapia,119.17,158.89,130.55
2026-01-01,MKT_03,Bangus,152.38,213.33,185.41
2026-01-01,MKT_03,Tomatoes,60.29,110.53,64.46
2026-01-01,MKT_04,Carrots,20.28,23.33,22.8
2026-01-01,MKT_04,Pork,302.95,333.25,303.61
2026-01-01,MKT_04,Rice (Sinandomeng),49.4,61.75,59.16
2026-01-01,MKT_04,Chicken (Whole),165.67,207.09,197.34
2026-01-01,MKT_04,Beef (Rump),403.25,475.63,409.04
2026-01-01,MKT_04,Tilapia,120.89,161.19,155.31
2026-01-01,MKT_04,Bangus,152.3,213.23,190.15
2026-01-01,MKT_04,Tomatoes,60.77,111.41,76.71
2026-01-01,MKT_04,Red Onions,91.55,162.75,114.88
2026-01-01,MKT_04,Garlic,82.58,134.18,127.97
2026-01-01,MKT_04,Cabbage,41.61,72.82,56.38
2026-01-01,MKT_04,Potatoes,71.78,112.8,102.73
2026-01-01,MKT_04,Whole Fish (Galunggong),181.86,242.48,215.82
2026-01-01,MKT_05,Carrots,20.79,23.91,22.4
2026-01-01,MKT_05,Pork,319.04,350.94,332.75
2026-01-01,MKT_05,Rice (Sinandomeng),49.98,62.48,54.1
2026-01-01,MKT_05,Chicken (Whole),165.68,207.1,186.74
2026-01-01,MKT_05,Beef (Rump),404.31,476.88,434.18
2026-01-01,MKT_05,Tilapia,125.44,167.26,156.78
2026-01-01,MKT_05,Bangus,154.18,215.85,211.08
2026-01-01,MKT_05,Tomatoes,61.95,113.57,103.36
2026-01-01,MKT_05,Red Onions,94.84,168.6,153.82
2026-01-01,MKT_05,Garlic,83.59,135.84,93.65
2026-01-02,MKT_01,Carrots,19.23,22.11,21.25
2026-01-02,MKT_01,Pork,292.36,321.59,318.16
2026-01-02,MKT_01,Rice (Sinandomeng),45.57,56.97,48.44
2026-01-02,MKT_01,Chicken (Whole),152.81,191.02,169.2
2026-01-02,MKT_01,Beef (Rump),376.13,443.64,377.09
2026-01-02,MKT_01,Tilapia,115.67,154.23,135.35
2026-01-02,MKT_01,Bangus,140.82,197.14,147.95
2026-01-02,MKT_01,Tomatoes,57.22,104.91,73.48
2026-01-02,MKT_01,Red Onions,86.18,153.21,120.94
2026-01-02,MKT_01,Garlic,77.28,125.59,111.04
2026-01-02,MKT_02,Carrots,19.68,22.63,22.06
2026-01-02,MKT_02,Pork,293.66,323.03,301.3
2026-01-02,MKT_02,Rice (Sinandomeng),45.66,57.07,49.13
2026-01-02,MKT_02,Chicken (Whole),156.74,195.92,158.65
2026-01-02,MKT_02,Beef (Rump),382.55,451.22,386.53
2026-01-02,MKT_02,Tilapia,122.03,162.71,133.59
2026-01-02,MKT_02,Bangus,146.57,205.19,155.42
2026-01-02,MKT_02,Tomatoes,59.07,108.3,83.18
2026-01-02,MKT_02,Red Onions,89.74,159.54,106.59
2026-01-02,MKT_02,Garlic,79.3,128.87,115.17
2026-01-02,MKT_02,Cabbage,40.04,70.07,58.93
2026-01-02,MKT_02,Potatoes,67.13,105.49,87.65
2026-01-02,MKT_02,Whole Fish (Galunggong),173.73,231.63,176.55
2026-01-02,MKT_03,Carrots,19.83,22.8,21.49
2026-01-02,MKT_03,Pork,293.02,322.32,311.78
2026-01-02,MKT_03,Rice (Sinandomeng),48.05,60.06,50.47
2026-01-02,MKT_03,Chicken (Whole),157.79,197.24,194.31
2026-01-02,MKT_03,Beef (Rump),399.07,470.69,409.28
2026-01-02,MKT_03,Tilapia,118.59,158.12,154.72
2026-01-02,MKT_03,Bangus,149.28,208.99,201.29
2026-01-02,MKT_03,Tomatoes,60.73,111.34,101.77
2026-01-02,MKT_04,Carrots,20.03,23.04,21.65
2026-01-02,MKT_04,Pork,298.77,328.64,301.96
2026-01-02,MKT_04,Rice (Sinandomeng),49.09,61.37,59.71
2026-01-02,MKT_04,Chicken (Whole),163.82,204.78,177.87
2026-01-02,MKT_04,Beef (Rump),402.37,474.59,427.74
2026-01-02,MKT_04,Tilapia,123.34,164.45,159.42
2026-01-02,MKT_04,Bangus,153.67,215.14,201.33
2026-01-02,MKT_04,Tomatoes,60.59,111.08,69.09
2026-01-02,MKT_04,Red Onions,92.11,163.76,156.09
2026-01-02,MKT_04,Garlic,81.95,133.17,82.7
2026-01-02,MKT_04,Cabbage,40.37,70.65,45.58
2026-01-02,MKT_04,Potatoes,73.36,115.28,100.54
2026-01-02,MKT_04,Whole Fish (Galunggong),184.88,246.51,198.98
2026-01-02,MKT_05,Carrots,20.51,23.58,21.68
2026-01-02,MKT_05,Pork,315.54,347.1,338.85
2026-01-02,MKT_05,Rice (Sinandomeng),50.61,63.27,58.78
2026-01-02,MKT_05,Chicken (Whole),167.39,209.24,191.11
2026-01-02,MKT_05,Beef (Rump),404.16,476.71,423.64
2026-01-02,MKT_05,Tilapia,123.44,164.59,133.74
2026-01-02,MKT_05,Bangus,155.83,218.16,211.04
2026-01-02,MKT_05,Tomatoes,62.71,114.96,95.56
2026-01-02,MKT_05,Red Onions,93.62,166.43,135.55
2026-01-02,MKT_05,Garlic,84.94,138.03,111.1
2026-01-03,MKT_01,Carrots,19.39,22.3,20.43
2026-01-03,MKT_01,Pork,284.14,312.56,285.31
2026-01-03,MKT_01,Rice (Sinandomeng),45.31,56.64,55.52
2026-01-03,MKT_01,Chicken (Whole),154.76,193.45,191.21
2026-01-03,MKT_01,Beef (Rump),373.09,440.06,374.61
2026-01-03,MKT_01,Tilapia,116.49,155.31,152.1
2026-01-03,MKT_01,Bangus,145.06,203.09,200.52
2026-01-03,MKT_01,Tomatoes,57.53,105.48,98.08
2026-01-03,MKT_01,Red Onions,85.26,151.57,141.35
2026-01-03,MKT_01,Garlic,74.98,121.85,90.02
2026-01-03,MKT_02,Carrots,19.66,22.61,21.99
2026-01-03,MKT_02,Pork,288.39,317.23,308.27
2026-01-03,MKT_02,Rice (Sinandomeng),46.4,58.0,53.42
2026-01-03,MKT_02,Chicken (Whole),157.17,196.46,195.58
2026-01-03,MKT_02,Beef (Rump),382.54,451.2,442.4
2026-01-03,MKT_02,Tilapia,115.54,154.06,143.83
2026-01-03,MKT_02,Bangus,149.44,209.21,171.07
2026-01-03,MKT_02,Tomatoes,59.75,109.54,74.57
2026-01-03,MKT_02,Red Onions,88.9,158.04,148.48
2026-01-03,MKT_02,Garlic,79.02,128.4,123.7
2026-01-03,MKT_02,Cabbage,39.51,69.14,62.87
2026-01-03,MKT_02,Potatoes,72.65,114.16,99.48
2026-01-03,MKT_02,Whole Fish (Galunggong),178.98,238.63,231.68
2026-01-03,MKT_03,Carrots,20.2,23.22,21.38
2026-01-03,MKT_03,Pork,296.52,326.17,313.59
2026-01-03,MKT_03,Rice (Sinandomeng),47.83,59.79,48.72
2026-01-03,MKT_03,Chicken (Whole),165.56,206.94,177.63
2026-01-03,MKT_03,Beef (Rump),379.08,447.12,419.19
2026-01-03,MKT_03,Tilapia,119.15,158.87,124.57
2026-01-03,MKT_03,Bangus,152.45,213.43,184.27
2026-01-03,MKT_03,Tomatoes,59.36,108.82,90.05
2026-01-03,MKT_04,Carrots,20.6,23.69,21.28
2026-01-03,MKT_04,Pork,306.21,336.83,322.72
2026-01-03,MKT_04,Rice (Sinandomeng),48.49,60.61,56.08
2026-01-03,MKT_04,Chicken (Whole),158.34,197.92,189.52
2026-01-03,MKT_04,Beef (Rump),398.89,470.49,418.51
2026-01-03,MKT_04,Tilapia,120.97,161.3,122.47
2026-01-03,MKT_04,Bangus,152.74,213.84,211.1
2026-01-03,MKT_04,Tomatoes,61.65,113.03,82.75
2026-01-03,MKT_04,Red Onions,92.97,165.28,105.83
2026-01-03,MKT_04,Garlic,81.03,131.67,108.79
2026-01-03,MKT_04,Cabbage,40.41,70.71,61.85
2026-01-03,MKT_04,Potatoes,70.08,110.12,107.86
2026-01-03,MKT_04,Whole Fish (Galunggong),186.08,248.1,231.61
2026-01-03,MKT_05,Carrots,21.44,24.65,22.87
2026-01-03,MKT_05,Pork,316.65,348.31,324.75
2026-01-03,MKT_05,Rice (Sinandomeng),50.83,63.54,51.5
2026-01-03,MKT_05,Chicken (Whole),164.7,205.88,169.86
2026-01-03,MKT_05,Beef (Rump),408.2,481.46,442.96
2026-01-03,MKT_05,Tilapia,126.19,168.26,130.71
2026-01-03,MKT_05,Bangus,148.71,208.19,159.34
2026-01-03,MKT_05,Tomatoes,61.48,112.71,83.77
2026-01-03,MKT_05,Red Onions,95.8,170.32,142.99
2026-01-03,MKT_05,Garlic,81.48,132.41,84.24
2026-01-04,MKT_01,Carrots,19.63,22.58,21.11
2026-01-04,MKT_01,Pork,281.54,309.69,305.29
2026-01-04,MKT_01,Rice (Sinandomeng),45.37,56.72,46.6
2026-01-04,MKT_01,Chicken (Whole),154.71,193.39,179.42
2026-01-04,MKT_01,Beef (Rump),374.81,442.08,437.62
2026-01-04,MKT_01,Tilapia,114.51,152.68,136.4
2026-01-04,MKT_01,Bangus,147.57,206.6,174.66
2026-01-04,MKT_01,Tomatoes,56.49,103.56,82.13
2026-01-04,MKT_01,Red Onions,86.2,153.24,150.18
2026-01-04,MKT_01,Garlic,77.51,125.95,120.96
2026-01-04,MKT_02,Carrots,19.68,22.64,20.32
2026-01-04,MKT_02,Pork,291.2,320.32,300.67
2026-01-04,MKT_02,Rice (Sinandomeng),46.62,58.27,48.38
2026-01-04,MKT_02,Chicken (Whole),158.84,198.55,186.31
2026-01-04,MKT_02,Beef (Rump),387.46,457.01,438.35
2026-01-04,MKT_02,Tilapia,118.15,157.54,149.5
2026-01-04,MKT_02,Bangus,145.13,203.19,188.46
2026-01-04,MKT_02,Tomatoes,58.3,106.88,97.19
2026-01-04,MKT_02,Red Onions,88.17,156.75,113.81
2026-01-04,MKT_02,Garlic,78.54,127.63,116.38
2026-01-04,MKT_02,Cabbage,39.53,69.17,64.61
2026-01-04,MKT_02,Potatoes,68.39,107.47,85.23
2026-01-04,MKT_02,Whole Fish (Galunggong),178.63,238.17,185.17
2026-01-04,MKT_03,Carrots,20.24,23.28,22.58
2026-01-04,MKT_03,Pork,305.87,336.46,315.84
2026-01-04,MKT_03,Rice (Sinandomeng),48.02,60.02,58.37
2026-01-04,MKT_03,Chicken (Whole),160.78,200.97,198.53
2026-01-04,MKT_03,Beef (Rump),389.24,459.1,429.23
2026-01-04,MKT_03,Tilapia,118.53,158.04,130.32
2026-01-04,MKT_03,Bangus,154.71,216.59,175.22
2026-01-04,MKT_03,Tomatoes,61.04,111.91,101.02
2026-01-04,MKT_04,Carrots,20.64,23.73,22.79
2026-01-04,MKT_04,Pork,305.94,336.54,308.14
2026-01-04,MKT_04,Rice (Sinandomeng),48.31,60.39,54.9
2026-01-04,MKT_04,Chicken (Whole),165.54,206.93,180.21
2026-01-04,MKT_04,Beef (Rump),396.94,468.19,405.66
2026-01-04,MKT_04,Tilapia,123.14,164.19,148.4
2026-01-04,MKT_04,Bangus,151.73,212.42,158.27
2026-01-04,MKT_04,Tomatoes,61.42,112.6,65.57
2026-01-04,MKT_04,Red Onions,91.12,161.98,149.04
2026-01-04,MKT_04,Garlic,81.03,131.68,85.74
2026-01-04,MKT_04,Cabbage,40.94,71.64,70.74
2026-01-04,MKT_04,Potatoes,69.88,109.81,102.02
2026-01-04,MKT_04,Whole Fish (Galunggong),179.8,239.73,236.12
2026-01-04,MKT_05,Carrots,20.58,23.67,22.7
2026-01-04,MKT_05,Pork,311.04,342.14,328.35
2026-01-04,MKT_05,Rice (Sinandomeng),50.54,63.17,52.33
2026-01-04,MKT_05,Chicken (Whole),166.02,207.52,186.47
2026-01-04,MKT_05,Beef (Rump),405.49,478.27,410.03
2026-01-04,MKT_05,Tilapia,124.28,165.71,129.58
2026-01-04,MKT_05,Bangus,156.73,219.42,203.25
2026-01-04,MKT_05,Tomatoes,61.66,113.04,91.55
2026-01-04,MKT_05,Red Onions,93.45,166.14,114.43
2026-01-04,MKT_05,Garlic,83.68,135.98,128.74
2026-01-05,MKT_01,Carrots,19.27,22.16,19.91
2026-01-05,MKT_01,Pork,288.06,316.86,303.96
2026-01-05,MKT_01,Rice (Sinandomeng),46.1,57.62,53.22
2026-01-05,MKT_01,Chicken (Whole),154.8,193.49,181.52
2026-01-05,MKT_01,Beef (Rump),387.0,456.46,427.5
2026-01-05,MKT_01,Tilapia,113.82,151.76,147.61
2026-01-05,MKT_01,Bangus,148.93,208.5,165.68
2026-01-05,MKT_01,Tomatoes,56.87,104.27,66.1
2026-01-05,MKT_01,Red Onions,83.53,148.5,121.37
2026-01-05,MKT_01,Garlic,76.17,123.77,80.29
2026-01-05,MKT_02,Carrots,19.7,22.66,20.81
2026-01-05,MKT_02,Pork,302.44,332.69,326.74
2026-01-05,MKT_02,Rice (Sinandomeng),46.39,57.99,56.55
2026-01-05,MKT_02,Chicken (Whole),157.98,197.48,190.15
2026-01-05,MKT_02,Beef (Rump),374.48,441.69,436.74
2026-01-05,MKT_02,Tilapia,120.9,161.2,155.44
2026-01-05,MKT_02,Bangus,149.65,209.52,208.27
2026-01-05,MKT_02,Tomatoes,58.38,107.03,66.05
2026-01-05,MKT_02,Red Onions,85.89,152.69,150.21
2026-01-05,MKT_02,Garlic,80.02,130.04,121.8
2026-01-05,MKT_02,Cabbage,39.13,68.48,51.39
2026-01-05,MKT_02,Potatoes,69.9,109.84,81.05
2026-01-05,MKT_02,Whole Fish (Galunggong),176.41,235.22,221.37
2026-01-05,MKT_03,Carrots,20.01,23.02,22.41
2026-01-05,MKT_03,Pork,297.97,327.77,311.45
2026-01-05,MKT_03,Rice (Sinandomeng),48.45,60.56,50.38
2026-01-05,MKT_03,Chicken (Whole),160.29,200.36,169.72
2026-01-05,MKT_03,Beef (Rump),393.01,463.55,440.22
2026-01-05,MKT_03,Tilapia,117.24,156.32,122.06
2026-01-05,MKT_03,Bangus,152.87,214.02,193.77
2026-01-05,MKT_03,Tomatoes,61.4,112.56,87.99
2026-01-05,MKT_04,Carrots,20.43,23.5,22.69
2026-01-05,MKT_04,Pork,315.27,346.8,342.53
2026-01-05,MKT_04,Rice (Sinandomeng),50.22,62.78,55.38
2026-01-05,MKT_04,Chicken (Whole),164.75,205.94,193.55
2026-01-05,MKT_04,Beef (Rump),405.81,478.64,421.61
2026-01-05,MKT_04,Tilapia,124.31,165.74,140.67
2026-01-05,MKT_04,Bangus,149.04,208.66,175.18
2026-01-05,MKT_04,Tomatoes,60.96,111.76,87.06
2026-01-05,MKT_04,Red Onions,92.77,164.92,149.03
2026-01-05,MKT_04,Garlic,83.55,135.78,128.23
2026-01-05,MKT_04,Cabbage,39.97,69.95,67.99
2026-01-05,MKT_04,Potatoes,69.61,109.39,87.92
2026-01-05,MKT_04,Whole Fish (Galunggong),183.45,244.6,242.9
2026-01-05,MKT_05,Carrots,20.18,23.21,21.97
2026-01-05,MKT_05,Pork,311.6,342.76,319.34
2026-01-05,MKT_05,Rice (Sinandomeng),50.18,62.73,52.78
2026-01-05,MKT_05,Chicken (Whole),164.14,205.18,178.48
2026-01-05,MKT_05,Beef (Rump),405.23,477.97,453.62
2026-01-05,MKT_05,Tilapia,126.52,168.69,134.11
2026-01-05,MKT_05,Bangus,154.81,216.73,166.09
2026-01-05,MKT_05,Tomatoes,61.69,113.09,66.66
2026-01-05,MKT_05,Red Onions,93.46,166.14,108.75
2026-01-05,MKT_05,Garlic,81.96,133.18,100.75
2026-01-06,MKT_01,Carrots,19.79,22.76,20.37
2026-01-06,MKT_01,Pork,288.16,316.97,310.89
2026-01-06,MKT_01,Rice (Sinandomeng),45.58,56.97,55.16
2026-01-06,MKT_01,Chicken (Whole),154.11,192.64,189.17
2026-01-06,MKT_01,Beef (Rump),373.74,440.82,427.51
2026-01-06,MKT_01,Tilapia,114.8,153.07,143.19
2026-01-06,MKT_01,Bangus,142.81,199.93,164.1
2026-01-06,MKT_01,Tomatoes,57.08,104.65,80.14
2026-01-06,MKT_01,Red Onions,84.35,149.96,114.73
2026-01-06,MKT_01,Garlic,78.44,127.47,114.84
2026-01-06,MKT_02,Carrots,19.77,22.74,21.28
2026-01-06,MKT_02,Pork,295.4,324.94,311.09
2026-01-06,MKT_02,Rice (Sinandomeng),46.95,58.68,53.16
2026-01-06,MKT_02,Chicken (Whole),154.51,193.13,164.13
2026-01-06,MKT_02,Beef (Rump),377.78,445.58,379.62
2026-01-06,MKT_02,Tilapia,115.04,153.39,127.57
2026-01-06,MKT_02,Bangus,145.55,203.76,152.9
2026-01-06,MKT_02,Tomatoes,57.83,106.02,100.35
2026-01-06,MKT_02,Red Onions,90.48,160.85,145.72
2026-01-06,MKT_02,Garlic,79.46,129.12,104.21
2026-01-06,MKT_02,Cabbage,39.25,68.68,56.43
2026-01-06,MKT_02,Potatoes,67.7,106.38,96.29
2026-01-06,MKT_02,Whole Fish (Galunggong),173.6,231.47,190.24
2026-01-06,MKT_03,Carrots,19.94,22.93,21.16
2026-01-06,MKT_03,Pork,304.17,334.58,315.14
2026-01-06,MKT_03,Rice (Sinandomeng),49.37,61.72,61.07
2026-01-06,MKT_03,Chicken (Whole),156.64,195.8,161.02
2026-01-06,MKT_03,Beef (Rump),393.29,463.88,404.43
2026-01-06,MKT_03,Tilapia,118.83,158.44,126.53
2026-01-06,MKT_03,Bangus,148.9,208.47,166.1
2026-01-06,MKT_03,Tomatoes,60.04,110.08,80.67
2026-01-06,MKT_04,Carrots,20.15,23.17,22.63
2026-01-06,MKT_04,Pork,304.92,335.42,334.02
2026-01-06,MKT_04,Rice (Sinandomeng),48.31,60.38,58.39
2026-01-06,MKT_04,Chicken (Whole),161.82,202.27,169.06
2026-01-06,MKT_04,Beef (Rump),402.22,474.41,450.32
2026-01-06,MKT_04,Tilapia,122.58,163.44,145.86
2026-01-06,MKT_04,Bangus,154.69,216.57,172.24
2026-01-06,MKT_04,Tomatoes,60.6,111.11,77.13
2026-01-06,MKT_04,Red Onions,92.57,164.57,123.28
2026-01-06,MKT_04,Garlic,79.65,129.43,85.75
2026-01-06,MKT_04,Cabbage,40.83,71.45,59.42
2026-01-06,MKT_04,Potatoes,72.07,113.25,78.77
2026-01-06,MKT_04,Whole Fish (Galunggong),179.11,238.82,207.86
2026-01-06,MKT_05,Carrots,20.6,23.7,21.81
2026-01-06,MKT_05,Pork,312.21,343.43,316.77
2026-01-06,MKT_05,Rice (Sinandomeng),50.64,63.31,54.11
2026-01-06,MKT_05,Chicken (Whole),165.02,206.27,192.95
2026-01-06,MKT_05,Beef (Rump),408.7,482.06,443.32
2026-01-06,MKT_05,Tilapia,127.39,169.86,144.97
2026-01-06,MKT_05,Bangus,157.3,220.22,209.23
2026-01-06,MKT_05,Tomatoes,62.22,114.06,111.78
2026-01-06,MKT_05,Red Onions,94.1,167.29,162.34
2026-01-06,MKT_05,Garlic,82.48,134.02,92.14
2026-01-07,MKT_01,Carrots,19.23,22.11,20.81
2026-01-07,MKT_01,Pork,287.3,316.03,311.14
2026-01-07,MKT_01,Rice (Sinandomeng),46.32,57.9,48.95
2026-01-07,MKT_01,Chicken (Whole),152.61,190.76,159.19
2026-01-07,MKT_01,Beef (Rump),376.71,444.32,421.52
2026-01-07,MKT_01,Tilapia,114.44,152.59,134.37
2026-01-07,MKT_01,Bangus,145.96,204.34,168.98
2026-01-07,MKT_01,Tomatoes,57.31,105.06,95.99
2026-01-07,MKT_01,Red Onions,83.65,148.71,113.79
2026-01-07,MKT_01,Garlic,75.59,122.83,90.03
2026-01-07,MKT_02,Carrots,19.61,22.55,20.56
2026-01-07,MKT_02,Pork,301.54,331.7,328.27
2026-01-07,MKT_02,Rice (Sinandomeng),47.64,59.55,58.03
2026-01-07,MKT_02,Chicken (Whole),151.49,189.37,175.01
2026-01-07,MKT_02,Beef (Rump),373.55,440.6,383.25
2026-01-07,MKT_02,Tilapia,119.66,159.55,151.04
2026-01-07,MKT_02,Bangus,148.42,207.79,201.1
2026-01-07,MKT_02,Tomatoes,60.84,111.55,100.54
2026-01-07,MKT_02,Red Onions,87.58,155.7,104.76
2026-01-07,MKT_02,Garlic,77.38,125.74,113.11
2026-01-07,MKT_02,Cabbage,39.24,68.68,61.42
2026-01-07,MKT_02,Potatoes,68.1,107.01,101.84
2026-01-07,MKT_02,Whole Fish (Galunggong),179.2,238.94,186.2
2026-01-07,MKT_03,Carrots,19.85,22.82,22.02
2026-01-07,MKT_03,Pork,298.79,328.66,322.31
2026-01-07,MKT_03,Rice (Sinandomeng),47.3,59.12,49.42
2026-01-07,MKT_03,Chicken (Whole),161.82,202.27,190.73
2026-01-07,MKT_03,Beef (Rump),384.61,453.64,428.73
2026-01-07,MKT_03,Tilapia,120.74,160.99,131.12
2026-01-07,MKT_03,Bangus,154.22,215.91,175.7
2026-01-07,MKT_03,Tomatoes,58.4,107.07,80.92
2026-01-07,MKT_04,Carrots,20.85,23.98,23.37
2026-01-07,MKT_04,Pork,307.26,337.99,322.8
2026-01-07,MKT_04,Rice (Sinandomeng),48.15,60.19,55.4
2026-01-07,MKT_04,Chicken (Whole),163.46,204.33,191.74
2026-01-07,MKT_04,Beef (Rump),402.05,474.21,468.2
2026-01-07,MKT_04,Tilapia,120.98,161.3,144.14
2026-01-07,MKT_04,Bangus,154.06,215.69,191.35
2026-01-07,MKT_04,Tomatoes,62.63,114.83,110.97
2026-01-07,MKT_04,Red Onions,91.11,161.97,156.27
2026-01-07,MKT_04,Garlic,80.41,130.67,129.42
2026-01-07,MKT_04,Cabbage,40.72,71.27,66.01
2026-01-07,MKT_04,Potatoes,71.46,112.29,95.51
2026-01-07,MKT_04,Whole Fish (Galunggong),186.55,248.74,211.46
2026-01-07,MKT_05,Carrots,20.75,23.87,22.95
2026-01-07,MKT_05,Pork,310.08,341.09,310.72
2026-01-07,MKT_05,Rice (Sinandomeng),49.19,61.49,55.76
2026-01-07,MKT_05,Chicken (Whole),162.43,203.04,199.37
2026-01-07,MKT_05,Beef (Rump),398.05,469.5,450.51
2026-01-07,MKT_05,Tilapia,122.47,163.29,140.98
2026-01-07,MKT_05,Bangus,155.42,217.58,164.53
2026-01-07,MKT_05,Tomatoes,61.05,111.92,70.35
2026-01-07,MKT_05,Red Onions,89.96,159.93,153.56
2026-01-07,MKT_05,Garlic,83.13,135.09,102.1
2026-01-08,MKT_01,Carrots,19.75,22.72,20.28
2026-01-08,MKT_01,Pork,293.07,322.38,312.35
2026-01-08,MKT_01,Rice (Sinandomeng),45.89,57.36,47.28
2026-01-08,MKT_01,Chicken (Whole),150.94,188.68,188.07
2026-01-08,MKT_01,Beef (Rump),389.45,459.36,394.57
2026-01-08,MKT_01,Tilapia,115.31,153.74,143.88
2026-01-08,MKT_01,Bangus,144.45,202.22,156.6
2026-01-08,MKT_01,Tomatoes,57.47,105.36,66.91
2026-01-08,MKT_01,Red Onions,86.36,153.52,124.23
2026-01-08,MKT_01,Garlic,76.15,123.74,79.71
2026-01-08,MKT_02,Carrots,19.52,22.45,21.03
2026-01-08,MKT_02,Pork,300.77,330.84,314.08
2026-01-08,MKT_02,Rice (Sinandomeng),47.94,59.92,50.14
2026-01-08,MKT_02,Chicken (Whole),151.82,189.78,159.04
2026-01-08,MKT_02,Beef (Rump),373.97,441.09,417.05
2026-01-08,MKT_02,Tilapia,116.2,154.93,132.12
2026-01-08,MKT_02,Bangus,149.11,208.75,151.2
2026-01-08,MKT_02,Tomatoes,59.94,109.9,71.31
2026-01-08,MKT_02,Red Onions,89.17,158.53,91.02
2026-01-08,MKT_02,Garlic,77.05,125.2,82.46
2026-01-08,MKT_02,Cabbage,38.89,68.05,57.77
2026-01-08,MKT_02,Potatoes,69.11,108.61,78.78
2026-01-08,MKT_02,Whole Fish (Galunggong),175.75,234.33,217.84
2026-01-08,MKT_03,Carrots,19.89,22.87,22.08
2026-01-08,MKT_03,Pork,298.38,328.21,318.14
2026-01-08,MKT_03,Rice (Sinandomeng),48.83,61.04,51.63
2026-01-08,MKT_03,Chicken (Whole),161.42,201.78,162.43
2026-01-08,MKT_03,Beef (Rump),388.19,457.86,394.56
2026-01-08,MKT_03,Tilapia,120.59,160.78,137.61
2026-01-08,MKT_03,Bangus,147.18,206.06,199.35
2026-01-08,MKT_03,Tomatoes,59.53,109.14,72.64
2026-01-08,MKT_04,Carrots,20.71,23.82,22.01
2026-01-08,MKT_04,Pork,299.0,328.89,317.53
2026-01-08,MKT_04,Rice (Sinandomeng),49.4,61.75,54.55
2026-01-08,MKT_04,Chicken (Whole),158.2,197.75,170.05
2026-01-08,MKT_04,Beef (Rump),407.72,480.91,476.69
2026-01-08,MKT_04,Tilapia,121.42,161.89,156.2
2026-01-08,MKT_04,Bangus,153.9,215.46,183.92
2026-01-08,MKT_04,Tomatoes,61.3,112.39,83.1
2026-01-08,MKT_04,Red Onions,92.0,163.56,94.09
2026-01-08,MKT_04,Garlic,81.97,133.2,114.29
2026-01-08,MKT_04,Cabbage,39.77,69.6,47.7
2026-01-08,MKT_04,Potatoes,71.58,112.48,111.36
2026-01-08,MKT_04,Whole Fish (Galunggong),183.1,244.14,215.16
2026-01-08,MKT_05,Carrots,20.64,23.73,21.18
2026-01-08,MKT_05,Pork,308.5,339.35,336.29
2026-01-08,MKT_05,Rice (Sinandomeng),50.06,62.58,53.72
2026-01-08,MKT_05,Chicken (Whole),164.05,205.06,186.72
2026-01-08,MKT_05,Beef (Rump),411.62,485.5,427.16
2026-01-08,MKT_05,Tilapia,125.65,167.53,126.6
2026-01-08,MKT_05,Bangus,156.58,219.21,194.09
2026-01-08,MKT_05,Tomatoes,63.28,116.02,98.19
2026-01-08,MKT_05,Red Onions,91.11,161.98,127.87
2026-01-08,MKT_05,Garlic,81.66,132.7,84.51
2026-01-09,MKT_01,Carrots,19.36,22.26,20.02
2026-01-09,MKT_01,Pork,284.73,313.21,301.8
2026-01-09,MKT_01,Rice (Sinandomeng),45.64,57.05,49.15
2026-01-09,MKT_01,Chicken (Whole),150.22,187.78,163.72
2026-01-09,MKT_01,Beef (Rump),368.69,434.87,406.11
2026-01-09,MKT_01,Tilapia,117.1,156.13,135.7
2026-01-09,MKT_01,Bangus,145.11,203.15,187.4
2026-01-09,MKT_01,Tomatoes,57.77,105.9,68.4
2026-01-09,MKT_01,Red Onions,85.62,152.22,118.68
2026-01-09,MKT_01,Garlic,76.95,125.04,105.56
2026-01-09,MKT_02,Carrots,19.94,22.94,20.65
2026-01-09,MKT_02,Pork,290.84,319.92,293.45
2026-01-09,MKT_02,Rice (Sinandomeng),47.01,58.77,54.92
2026-01-09,MKT_02,Chicken (Whole),161.05,201.31,178.62
2026-01-09,MKT_02,Beef (Rump),386.34,455.68,441.47
2026-01-09,MKT_02,Tilapia,116.59,155.45,143.39
2026-01-09,MKT_02,Bangus,148.4,207.76,169.97
2026-01-09,MKT_02,Tomatoes,57.39,105.21,62.18
2026-01-09,MKT_02,Red Onions,88.1,156.62,101.1
2026-01-09,MKT_02,Garlic,79.14,128.61,105.91
2026-01-09,MKT_02,Cabbage,39.43,69.0,62.97
2026-01-09,MKT_02,Potatoes,69.24,108.81,95.15
2026-01-09,MKT_02,Whole Fish (Galunggong),178.65,238.2,193.77
2026-01-09,MKT_03,Carrots,20.14,23.16,21.63
2026-01-09,MKT_03,Pork,301.93,332.13,307.7
2026-01-09,MKT_03,Rice (Sinandomeng),48.15,60.19,54.92
2026-01-09,MKT_03,Chicken (Whole),157.41,196.76,193.36
2026-01-09,MKT_03,Beef (Rump),396.16,467.27,464.74
2026-01-09,MKT_03,Tilapia,119.93,159.91,154.03
2026-01-09,MKT_03,Bangus,151.53,212.15,202.38
2026-01-09,MKT_03,Tomatoes,60.84,111.55,63.18
2026-01-09,MKT_04,Carrots,20.25,23.28,21.96
2026-01-09,MKT_04,Pork,304.04,334.45,306.8
2026-01-09,MKT_04,Rice (Sinandomeng),48.74,60.92,57.02
2026-01-09,MKT_04,Chicken (Whole),166.21,207.77,169.36
2026-01-09,MKT_04,Beef (Rump),392.57,463.03,414.97
2026-01-09,MKT_04,Tilapia,125.0,166.67,138.46
2026-01-09,MKT_04,Bangus,153.44,214.82,191.73
2026-01-09,MKT_04,Tomatoes,61.44,112.64,73.63
2026-01-09,MKT_04,Red Onions,93.0,165.34,95.24
2026-01-09,MKT_04,Garlic,81.7,132.76,129.21
2026-01-09,MKT_04,Cabbage,41.44,72.52,65.97
2026-01-09,MKT_04,Potatoes,70.86,111.35,90.31
2026-01-09,MKT_04,Whole Fish (Galunggong),187.41,249.87,226.48
2026-01-09,MKT_05,Carrots,20.67,23.77,22.05
2026-01-09,MKT_05,Pork,318.54,350.39,341.79
2026-01-09,MKT_05,Rice (Sinandomeng),49.62,62.02,54.16
2026-01-09,MKT_05,Chicken (Whole),165.72,207.15,177.83
2026-01-09,MKT_05,Beef (Rump),399.73,471.47,403.21
2026-01-09,MKT_05,Tilapia,123.42,164.56,124.64
2026-01-09,MKT_05,Bangus,155.92,218.29,180.01
2026-01-09,MKT_05,Tomatoes,62.61,114.79,97.89
2026-01-09,MKT_05,Red Onions,94.93,168.76,164.23
2026-01-09,MKT_05,Garlic,82.94,134.78,107.2
2026-01-10,MKT_01,Carrots,18.86,21.69,21.17
2026-01-10,MKT_01,Pork,289.72,318.69,296.7
2026-01-10,MKT_01,Rice (Sinandomeng),46.2,57.75,53.11
2026-01-10,MKT_01,Chicken (Whole),154.78,193.48,174.61
2026-01-10,MKT_01,Beef (Rump),370.67,437.2,385.62
2026-01-10,MKT_01,Tilapia,114.24,152.33,121.65
2026-01-10,MKT_01,Bangus,142.57,199.59,146.31
2026-01-10,MKT_01,Tomatoes,58.67,107.56,105.58
2026-01-10,MKT_01,Red Onions,88.32,157.01,135.93
2026-01-10,MKT_01,Garlic,76.12,123.69,83.79
2026-01-10,MKT_02,Carrots,19.43,22.35,20.36
2026-01-10,MKT_02,Pork,296.85,326.53,312.75
2026-01-10,MKT_02,Rice (Sinandomeng),48.15,60.19,49.66
2026-01-10,MKT_02,Chicken (Whole),161.11,201.39,196.08
2026-01-10,MKT_02,Beef (Rump),378.62,446.57,438.62
2026-01-10,MKT_02,Tilapia,116.9,155.87,153.69
2026-01-10,MKT_02,Bangus,147.64,206.7,186.18
2026-01-10,MKT_02,Tomatoes,59.1,108.35,86.18
2026-01-10,MKT_02,Red Onions,87.96,156.38,113.59
2026-01-10,MKT_02,Garlic,77.44,125.84,90.25
2026-01-10,MKT_02,Cabbage,39.18,68.57,41.98
2026-01-10,MKT_02,Potatoes,70.48,110.76,79.63
2026-01-10,MKT_02,Whole Fish (Galunggong),175.0,233.34,224.31
2026-01-10,MKT_03,Carrots,20.07,23.08,21.57
2026-01-10,MKT_03,Pork,311.37,342.51,336.73
2026-01-10,MKT_03,Rice (Sinandomeng),47.62,59.52,51.91
2026-01-10,MKT_03,Chicken (Whole),161.64,202.05,172.66
2026-01-10,MKT_03,Beef (Rump),400.8,472.74,463.63
2026-01-10,MKT_03,Tilapia,121.06,161.42,155.04
2026-01-10,MKT_03,Bangus,152.49,213.49,205.03
2026-01-10,MKT_03,Tomatoes,60.74,111.35,95.84
2026-01-10,MKT_04,Carrots,20.55,23.64,22.47
2026-01-10,MKT_04,Pork,312.22,343.44,317.51
2026-01-10,MKT_04,Rice (Sinandomeng),49.43,61.78,59.93
2026-01-10,MKT_04,Chicken (Whole),162.8,203.5,176.6
2026-01-10,MKT_04,Beef (Rump),398.66,470.21,451.61
2026-01-10,MKT_04,Tilapia,123.06,164.08,156.86
2026-01-10,MKT_04,Bangus,152.11,212.96,182.98
2026-01-10,MKT_04,Tomatoes,61.37,112.52,93.56
2026-01-10,MKT_04,Red Onions,91.86,163.31,110.66
2026-01-10,MKT_04,Garlic,82.37,133.86,122.24
2026-01-10,MKT_04,Cabbage,42.1,73.67,45.87
2026-01-10,MKT_04,Potatoes,71.66,112.61,110.63
2026-01-10,MKT_04,Whole Fish (Galunggong),187.86,250.48,209.43
2026-01-10,MKT_05,Carrots,20.98,24.13,21.7
2026-01-10,MKT_05,Pork,312.84,344.12,341.72
2026-01-10,MKT_05,Rice (Sinandomeng),49.6,62.0,53.53
2026-01-10,MKT_05,Chicken (Whole),166.87,208.58,196.2
2026-01-10,MKT_05,Beef (Rump),406.38,479.32,431.76
2026-01-10,MKT_05,Tilapia,123.54,164.72,148.99
2026-01-10,MKT_05,Bangus,154.74,216.64,201.42
2026-01-10,MKT_05,Tomatoes,62.74,115.02,64.5
2026-01-10,MKT_05,Red Onions,95.71,170.16,146.4
2026-01-10,MKT_05,Garlic,83.12,135.07,106.34
2026-01-11,MKT_01,Carrots,18.77,21.58,19.57
2026-01-11,MKT_01,Pork,278.11,305.92,299.92
2026-01-11,MKT_01,Rice (Sinandomeng),45.34,56.68,46.69
2026-01-11,MKT_01,Chicken (Whole),155.3,194.13,181.54
2026-01-11,MKT_01,Beef (Rump),366.91,432.77,429.08
2026-01-11,MKT_01,Tilapia,116.77,155.69,123.0
2026-01-11,MKT_01,Bangus,145.46,203.65,169.96
2026-01-11,MKT_01,Tomatoes,57.51,105.44,87.98
2026-01-11,MKT_01,Red Onions,84.34,149.94,148.4
2026-01-11,MKT_01,Garlic,75.97,123.45,95.5
2026-01-11,MKT_02,Carrots,19.53,22.46,20.44
2026-01-11,MKT_02,Pork,295.58,325.14,296.97
2026-01-11,MKT_02,Rice (Sinandomeng),46.14,57.67,55.74
2026-01-11,MKT_02,Chicken (Whole),160.27,200.33,179.25
2026-01-11,MKT_02,Beef (Rump),384.2,453.16,437.09
2026-01-11,MKT_02,Tilapia,118.42,157.9,151.43
2026-01-11,MKT_02,Bangus,148.45,207.82,156.61
2026-01-11,MKT_02,Tomatoes,60.0,109.99,62.09
2026-01-11,MKT_02,Red Onions,88.47,157.27,142.98
2026-01-11,MKT_02,Garlic,79.25,128.78,103.12
2026-01-11,MKT_02,Cabbage,38.79,67.89,44.92
2026-01-11,MKT_02,Potatoes,70.49,110.77,90.3
2026-01-11,MKT_02,Whole Fish (Galunggong),176.75,235.66,192.83
2026-01-11,MKT_03,Carrots,19.8,22.77,21.87
2026-01-11,MKT_03,Pork,297.99,327.79,298.82
2026-01-11,MKT_03,Rice (Sinandomeng),46.64,58.3,47.91
2026-01-11,MKT_03,Chicken (Whole),158.91,198.64,182.65
2026-01-11,MKT_03,Beef (Rump),375.82,443.28,395.7
2026-01-11,MKT_03,Tilapia,121.41,161.89,152.7
2026-01-11,MKT_03,Bangus,150.96,211.34,153.81
2026-01-11,MKT_03,Tomatoes,59.13,108.4,71.31
2026-01-11,MKT_04,Carrots,20.39,23.44,22.91
2026-01-11,MKT_04,Pork,305.98,336.58,324.78
2026-01-11,MKT_04,Rice (Sinandomeng),48.13,60.16,56.38
2026-01-11,MKT_04,Chicken (Whole),162.67,203.34,176.12
2026-01-11,MKT_04,Beef (Rump),397.96,469.39,434.92
2026-01-11,MKT_04,Tilapia,121.96,162.61,123.78
2026-01-11,MKT_04,Bangus,151.47,212.05,156.65
2026-01-11,MKT_04,Tomatoes,60.3,110.55,88.75
2026-01-11,MKT_04,Red Onions,91.42,162.53,140.26
2026-01-11,MKT_04,Garlic,80.91,131.49,89.71
2026-01-11,MKT_04,Cabbage,41.14,72.0,44.76
2026-01-11,MKT_04,Potatoes,72.87,114.51,74.65
2026-01-11,MKT_04,Whole Fish (Galunggong),186.1,248.13,243.74
2026-01-11,MKT_05,Carrots,20.82,23.94,22.82
2026-01-11,MKT_05,Pork,309.09,340.0,335.64
2026-01-11,MKT_05,Rice (Sinandomeng),50.56,63.21,55.01
2026-01-11,MKT_05,Chicken (Whole),167.92,209.91,201.82
2026-01-11,MKT_05,Beef (Rump),413.31,487.49,446.91
2026-01-11,MKT_05,Tilapia,125.16,166.87,151.86
2026-01-11,MKT_05,Bangus,159.91,223.87,165.55
2026-01-11,MKT_05,Tomatoes,62.58,114.73,66.17
2026-01-11,MKT_05,Red Onions,92.72,164.84,155.22
2026-01-11,MKT_05,Garlic,82.62,134.26,94.22
2026-01-12,MKT_01,Carrots,19.36,22.26,21.11
2026-01-12,MKT_01,Pork,285.42,313.96,299.64
2026-01-12,MKT_01,Rice (Sinandomeng),47.32,59.15,50.29
2026-01-12,MKT_01,Chicken (Whole),154.65,193.31,192.67
2026-01-12,MKT_01,Beef (Rump),374.62,441.86,388.34
2026-01-12,MKT_01,Tilapia,115.42,153.89,141.41
2026-01-12,MKT_01,Bangus,143.42,200.79,192.86
2026-01-12,MKT_01,Tomatoes,56.1,102.85,89.87
2026-01-12,MKT_01,Red Onions,85.75,152.44,108.97
2026-01-12,MKT_01,Garlic,78.69,127.87,97.07
2026-01-12,MKT_02,Carrots,19.67,22.62,21.03
2026-01-12,MKT_02,Pork,298.71,328.58,320.15
2026-01-12,MKT_02,Rice (Sinandomeng),47.82,59.77,58.18
2026-01-12,MKT_02,Chicken (Whole),156.71,195.88,173.31
2026-01-12,MKT_02,Beef (Rump),386.02,455.3,448.82
2026-01-12,MKT_02,Tilapia,114.76,153.02,123.11
2026-01-12,MKT_02,Bangus,150.32,210.45,194.17
2026-01-12,MKT_02,Tomatoes,60.04,110.08,66.99
2026-01-12,MKT_02,Red Onions,88.87,157.99,101.61
2026-01-12,MKT_02,Garlic,78.71,127.91,90.66
2026-01-12,MKT_02,Cabbage,39.18,68.57,46.7
2026-01-12,MKT_02,Potatoes,69.83,109.74,104.21
2026-01-12,MKT_02,Whole Fish (Galunggong),178.48,237.98,200.0
2026-01-12,MKT_03,Carrots,19.15,22.02,20.76
2026-01-12,MKT_03,Pork,298.37,328.21,326.83
2026-01-12,MKT_03,Rice (Sinandomeng),47.19,58.99,50.48
2026-01-12,MKT_03,Chicken (Whole),156.89,196.12,186.96
2026-01-12,MKT_03,Beef (Rump),396.79,468.01,406.48
2026-01-12,MKT_03,Tilapia,119.92,159.89,129.62
2026-01-12,MKT_03,Bangus,151.07,211.5,155.94
2026-01-12,MKT_03,Tomatoes,60.07,110.13,77.1
2026-01-12,MKT_04,Carrots,20.02,23.02,22.18
2026-01-12,MKT_04,Pork,299.0,328.89,317.33
2026-01-12,MKT_04,Rice (Sinandomeng),48.65,60.81,57.04
2026-01-12,MKT_04,Chicken (Whole),162.36,202.95,164.31
2026-01-12,MKT_04,Beef (Rump),395.76,466.79,447.83
2026-01-12,MKT_04,Tilapia,121.82,162.43,155.76
2026-01-12,MKT_04,Bangus,157.67,220.74,208.18
2026-01-12,MKT_04,Tomatoes,62.13,113.9,73.08
2026-01-12,MKT_04,Red Onions,92.12,163.77,100.53
2026-01-12,MKT_04,Garlic,81.51,132.46,108.54
2026-01-12,MKT_04,Cabbage,40.78,71.36,68.98
2026-01-12,MKT_04,Potatoes,72.17,113.41,85.39
2026-01-12,MKT_04,Whole Fish (Galunggong),183.38,244.51,214.38
2026-01-12,MKT_05,Carrots,21.07,24.24,22.56
2026-01-12,MKT_05,Pork,313.56,344.92,329.71
2026-01-12,MKT_05,Rice (Sinandomeng),51.42,64.28,53.58
2026-01-12,MKT_05,Chicken (Whole),166.06,207.58,167.77
2026-01-12,MKT_05,Beef (Rump),412.08,486.05,427.31
2026-01-12,MKT_05,Tilapia,122.93,163.9,150.35
2026-01-12,MKT_05,Bangus,154.6,216.44,207.92
2026-01-12,MKT_05,Tomatoes,64.12,117.56,73.91
2026-01-12,MKT_05,Red Onions,94.77,168.49,163.96
2026-01-12,MKT_05,Garlic,83.79,136.17,119.4
2026-01-13,MKT_01,Carrots,19.92,22.91,22.15
2026-01-13,MKT_01,Pork,287.74,316.51,304.09
2026-01-13,MKT_01,Rice (Sinandomeng),46.88,58.59,49.69
2026-01-13,MKT_01,Chicken (Whole),156.45,195.56,182.06
2026-01-13,MKT_01,Beef (Rump),383.96,452.87,391.7
2026-01-13,MKT_01,Tilapia,113.14,150.85,137.79
2026-01-13,MKT_01,Bangus,143.86,201.4,193.59
2026-01-13,MKT_01,Tomatoes,57.9,106.14,95.36
2026-01-13,MKT_01,Red Onions,88.58,157.47,148.72
2026-01-13,MKT_01,Garlic,77.34,125.68,96.97
2026-01-13,MKT_02,Carrots,19.96,22.95,22.07
2026-01-13,MKT_02,Pork,288.48,317.32,310.2
2026-01-13,MKT_02,Rice (Sinandomeng),46.83,58.53,56.08
2026-01-13,MKT_02,Chicken (Whole),160.1,200.13,165.29
2026-01-13,MKT_02,Beef (Rump),381.19,449.61,403.57
2026-01-13,MKT_02,Tilapia,117.63,156.84,132.13
2026-01-13,MKT_02,Bangus,150.59,210.82,174.1
2026-01-13,MKT_02,Tomatoes,58.04,106.4,79.79
2026-01-13,MKT_02,Red Onions,87.34,155.27,103.05
2026-01-13,MKT_02,Garlic,76.81,124.82,80.75
2026-01-13,MKT_02,Cabbage,40.19,70.32,58.74
2026-01-13,MKT_02,Potatoes,69.66,109.47,88.15
2026-01-13,MKT_02,Whole Fish (Galunggong),179.05,238.73,210.01
2026-01-13,MKT_03,Carrots,19.9,22.89,21.35
2026-01-13,MKT_03,Pork,293.75,323.12,310.71
2026-01-13,MKT_03,Rice (Sinandomeng),46.82,58.52,53.03
2026-01-13,MKT_03,Chicken (Whole),163.32,204.15,196.2
2026-01-13,MKT_03,Beef (Rump),393.3,463.89,443.77
2026-01-13,MKT_03,Tilapia,121.37,161.82,131.48
2026-01-13,MKT_03,Bangus,150.63,210.89,206.07
2026-01-13,MKT_03,Tomatoes,59.32,108.76,83.36
2026-01-13,MKT_04,Carrots,20.32,23.36,21.34
2026-01-13,MKT_04,Pork,301.55,331.71,325.47
2026-01-13,MKT_04,Rice (Sinandomeng),48.17,60.21,54.62
2026-01-13,MKT_04,Chicken (Whole),165.4,206.75,194.8
2026-01-13,MKT_04,Beef (Rump),388.61,458.36,407.85
2026-01-13,MKT_04,Tilapia,120.63,160.84,128.23
2026-01-13,MKT_04,Bangus,152.49,213.49,193.86
2026-01-13,MKT_04,Tomatoes,61.29,112.37,97.3
2026-01-13,MKT_04,Red Onions,90.0,160.0,97.87
2026-01-13,MKT_04,Garlic,79.69,129.49,127.18
2026-01-13,MKT_04,Cabbage,41.06,71.86,55.97
2026-01-13,MKT_04,Potatoes,71.64,112.57,73.87
2026-01-13,MKT_04,Whole Fish (Galunggong),187.28,249.71,226.67
2026-01-13,MKT_05,Carrots,20.84,23.96,23.08
2026-01-13,MKT_05,Pork,314.44,345.89,341.86
2026-01-13,MKT_05,Rice (Sinandomeng),49.41,61.77,56.85
2026-01-13,MKT_05,Chicken (Whole),164.81,206.01,181.83
2026-01-13,MKT_05,Beef (Rump),398.32,469.82,453.85
2026-01-13,MKT_05,Tilapia,123.55,164.74,135.09
2026-01-13,MKT_05,Bangus,155.34,217.47,196.65
2026-01-13,MKT_05,Tomatoes,63.52,116.46,68.98
2026-01-13,MKT_05,Red Onions,92.47,164.4,134.58
2026-01-13,MKT_05,Garlic,85.77,139.38,95.11
2026-01-14,MKT_01,Carrots,19.39,22.3,20.3
2026-01-14,MKT_01,Pork,289.86,318.85,293.04
2026-01-14,MKT_01,Rice (Sinandomeng),46.11,57.64,53.0
2026-01-14,MKT_01,Chicken (Whole),153.25,191.56,174.15
2026-01-14,MKT_01,Beef (Rump),371.14,437.75,410.64
2026-01-14,MKT_01,Tilapia,112.73,150.31,131.4
2026-01-14,MKT_01,Bangus,142.19,199.07,166.62
2026-01-14,MKT_01,Tomatoes,59.08,108.3,94.18
2026-01-14,MKT_01,Red Onions,87.17,154.97,105.98
2026-01-14,MKT_01,Garlic,78.75,127.98,83.08
2026-01-14,MKT_02,Carrots,19.43,22.34,20.36
2026-01-14,MKT_02,Pork,289.43,318.38,299.85
2026-01-14,MKT_02,Rice (Sinandomeng),47.06,58.83,48.29
2026-01-14,MKT_02,Chicken (Whole),154.95,193.69,185.66
2026-01-14,MKT_02,Beef (Rump),383.57,452.41,443.77
2026-01-14,MKT_02,Tilapia,114.8,153.07,139.56
2026-01-14,MKT_02,Bangus,142.51,199.52,161.66
2026-01-14,MKT_02,Tomatoes,59.14,108.42,91.96
2026-01-14,MKT_02,Red Onions,90.46,160.81,123.22
2026-01-14,MKT_02,Garlic,78.9,128.22,82.31
2026-01-14,MKT_02,Cabbage,39.53,69.19,45.05
2026-01-14,MKT_02,Potatoes,68.68,107.93,95.57
2026-01-14,MKT_02,Whole Fish (Galunggong),176.86,235.81,182.96
2026-01-14,MKT_03,Carrots,19.58,22.51,20.95
2026-01-14,MKT_03,Pork,296.69,326.36,316.25
2026-01-14,MKT_03,Rice (Sinandomeng),48.89,61.11,58.31
2026-01-14,MKT_03,Chicken (Whole),157.38,196.72,195.93
2026-01-14,MKT_03,Beef (Rump),388.15,457.82,452.31
2026-01-14,MKT_03,Tilapia,122.18,162.91,143.38
2026-01-14,MKT_03,Bangus,150.32,210.45,187.69
2026-01-14,MKT_03,Tomatoes,60.17,110.32,66.95
2026-01-14,MKT_04,Carrots,20.31,23.35,22.5
2026-01-14,MKT_04,Pork,309.19,340.11,310.77
2026-01-14,MKT_04,Rice (Sinandomeng),49.65,62.06,53.61
2026-01-14,MKT_04,Chicken (Whole),161.31,201.64,165.26
2026-01-14,MKT_04,Beef (Rump),390.01,460.01,455.16
2026-01-14,MKT_04,Tilapia,119.09,158.79,134.95
2026-01-14,MKT_04,Bangus,154.14,215.8,181.77
2026-01-14,MKT_04,Tomatoes,61.55,112.84,108.29
2026-01-14,MKT_04,Red Onions,95.17,169.18,131.95
2026-01-14,MKT_04,Garlic,81.7,132.76,101.25
2026-01-14,MKT_04,Cabbage,40.74,71.3,67.19
2026-01-14,MKT_04,Potatoes,71.68,112.64,103.75
2026-01-14,MKT_04,Whole Fish (Galunggong),184.47,245.96,203.4
2026-01-14,MKT_05,Carrots,20.75,23.86,21.62
2026-01-14,MKT_05,Pork,308.6,339.46,329.85
2026-01-14,MKT_05,Rice (Sinandomeng),49.94,62.43,57.8
2026-01-14,MKT_05,Chicken (Whole),166.38,207.97,200.26
2026-01-14,MKT_05,Beef (Rump),405.45,478.23,449.47
2026-01-14,MKT_05,Tilapia,126.27,168.36,158.2
2026-01-14,MKT_05,Bangus,156.02,218.43,181.0
2026-01-14,MKT_05,Tomatoes,61.22,112.24,69.04
2026-01-14,MKT_05,Red Onions,92.78,164.94,95.12
2026-01-14,MKT_05,Garlic,82.98,134.84,90.35
2026-01-15,MKT_01,Carrots,19.22,22.1,21.54
2026-01-15,MKT_01,Pork,290.38,319.42,303.01
2026-01-15,MKT_01,Rice (Sinandomeng),46.13,57.66,51.26
2026-01-15,MKT_01,Chicken (Whole),148.86,186.07,153.19
2026-01-15,MKT_01,Beef (Rump),367.32,433.25,408.05
2026-01-15,MKT_01,Tilapia,116.28,155.04,141.33
2026-01-15,MKT_01,Bangus,143.52,200.93,147.3
2026-01-15,MKT_01,Tomatoes,58.94,108.06,107.31
2026-01-15,MKT_01,Red Onions,86.6,153.96,152.38
2026-01-15,MKT_01,Garlic,76.4,124.14,88.08
2026-01-15,MKT_02,Carrots,19.42,22.33,21.24
2026-01-15,MKT_02,Pork,292.64,321.9,294.9
2026-01-15,MKT_02,Rice (Sinandomeng),47.16,58.94,56.43
2026-01-15,MKT_02,Chicken (Whole),156.81,196.01,180.81
2026-01-15,MKT_02,Beef (Rump),387.75,457.35,424.41
2026-01-15,MKT_02,Tilapia,114.93,153.24,131.33
2026-01-15,MKT_02,Bangus,143.92,201.49,165.22
2026-01-15,MKT_02,Tomatoes,58.6,107.43,78.91
2026-01-15,MKT_02,Red Onions,88.93,158.1,141.87
2026-01-15,MKT_02,Garlic,79.31,128.88,80.35
2026-01-15,MKT_02,Cabbage,38.85,67.99,39.89
2026-01-15,MKT_02,Potatoes,65.88,103.52,75.9
2026-01-15,MKT_02,Whole Fish (Galunggong),174.93,233.23,206.1
2026-01-15,MKT_03,Carrots,20.12,23.14,21.05
2026-01-15,MKT_03,Pork,299.93,329.92,303.61
2026-01-15,MKT_03,Rice (Sinandomeng),48.42,60.52,55.0
2026-01-15,MKT_03,Chicken (Whole),162.87,203.59,167.27
2026-01-15,MKT_03,Beef (Rump),389.07,458.91,423.18
2026-01-15,MKT_03,Tilapia,119.2,158.94,148.27
2026-01-15,MKT_03,Bangus,148.01,207.21,176.21
2026-01-15,MKT_03,Tomatoes,58.77,107.74,81.31
2026-01-15,MKT_04,Carrots,19.92,22.9,21.97
2026-01-15,MKT_04,Pork,302.99,333.29,323.65
2026-01-15,MKT_04,Rice (Sinandomeng),49.71,62.14,55.21
2026-01-15,MKT_04,Chicken (Whole),164.83,206.03,166.87
2026-01-15,MKT_04,Beef (Rump),394.95,465.83,458.47
2026-01-15,MKT_04,Tilapia,126.28,168.38,153.88
2026-01-15,MKT_04,Bangus,151.64,212.29,205.53
2026-01-15,MKT_04,Tomatoes,62.37,114.35,66.27
2026-01-15,MKT_04,Red Onions,93.91,166.95,131.76
2026-01-15,MKT_04,Garlic,82.15,133.5,108.44
2026-01-15,MKT_04,Cabbage,40.39,70.69,60.82
2026-01-15,MKT_04,Potatoes,71.02,111.6,74.34
2026-01-15,MKT_04,Whole Fish (Galunggong),184.1,245.46,185.33
2026-01-15,MKT_05,Carrots,20.4,23.46,21.62
2026-01-15,MKT_05,Pork,307.63,338.39,331.18
2026-01-15,MKT_05,Rice (Sinandomeng),49.17,61.46,51.64
2026-01-15,MKT_05,Chicken (Whole),167.69,209.61,172.22
2026-01-15,MKT_05,Beef (Rump),412.54,486.58,432.4
2026-01-15,MKT_05,Tilapia,126.09,168.13,127.45
2026-01-15,MKT_05,Bangus,158.24,221.54,197.66
2026-01-15,MKT_05,Tomatoes,61.72,113.15,81.48
2026-01-15,MKT_05,Red Onions,93.16,165.63,137.61
2026-01-15,MKT_05,Garlic,82.9,134.71,122.76
2026-01-16,MKT_01,Carrots,19.34,22.24,19.92
2026-01-16,MKT_01,Pork,297.74,327.52,326.11
2026-01-16,MKT_01,Rice (Sinandomeng),45.62,57.02,56.31
2026-01-16,MKT_01,Chicken (Whole),155.83,194.78,179.17
2026-01-16,MKT_01,Beef (Rump),383.34,452.15,438.89
2026-01-16,MKT_01,Tilapia,116.11,154.82,141.37
2026-01-16,MKT_01,Bangus,143.18,200.45,195.9
2026-01-16,MKT_01,Tomatoes,56.84,104.22,67.76
2026-01-16,MKT_01,Red Onions,84.99,151.09,114.1
2026-01-16,MKT_01,Garlic,74.44,120.97,102.85
2026-01-16,MKT_02,Carrots,19.53,22.46,21.74
2026-01-16,MKT_02,Pork,292.75,322.03,311.51
2026-01-16,MKT_02,Rice (Sinandomeng),47.66,59.57,57.56
2026-01-16,MKT_02,Chicken (Whole),155.4,194.25,187.94
2026-01-16,MKT_02,Beef (Rump),381.22,449.65,432.63
2026-01-16,MKT_02,Tilapia,118.11,157.48,136.28
2026-01-16,MKT_02,Bangus,148.1,207.35,193.83
2026-01-16,MKT_02,Tomatoes,59.46,109.01,91.82
2026-01-16,MKT_02,Red Onions,88.44,157.23,155.69
2026-01-16,MKT_02,Garlic,76.84,124.87,121.43
2026-01-16,MKT_02,Cabbage,39.44,69.02,63.31
2026-01-16,MKT_02,Potatoes,67.92,106.73,76.49
2026-01-16,MKT_02,Whole Fish (Galunggong),179.74,239.66,223.42
2026-01-16,MKT_03,Carrots,20.01,23.01,21.59
2026-01-16,MKT_03,Pork,301.08,331.19,310.24
2026-01-16,MKT_03,Rice (Sinandomeng),49.87,62.34,56.85
2026-01-16,MKT_03,Chicken (Whole),161.81,202.26,187.41
2026-01-16,MKT_03,Beef (Rump),392.23,462.63,445.55
2026-01-16,MKT_03,Tilapia,119.75,159.67,120.61
2026-01-16,MKT_03,Bangus,147.25,206.14,162.03
2026-01-16,MKT_03,Tomatoes,59.81,109.66,99.39
2026-01-16,MKT_04,Carrots,20.14,23.17,21.05
2026-01-16,MKT_04,Pork,313.51,344.87,332.71
2026-01-16,MKT_04,Rice (Sinandomeng),49.24,61.56,51.87
2026-01-16,MKT_04,Chicken (Whole),166.07,207.59,189.03
2026-01-16,MKT_04,Beef (Rump),394.23,464.99,395.09
2026-01-16,MKT_04,Tilapia,120.99,161.32,159.17
2026-01-16,MKT_04,Bangus,154.46,216.24,177.32
2026-01-16,MKT_04,Tomatoes,60.4,110.74,75.98
2026-01-16,MKT_04,Red Onions,91.21,162.15,153.02
2026-01-16,MKT_04,Garlic,83.67,135.97,129.63
2026-01-16,MKT_04,Cabbage,40.56,70.98,58.51
2026-01-16,MKT_04,Potatoes,69.91,109.86,97.5
2026-01-16,MKT_04,Whole Fish (Galunggong),178.85,238.46,179.54
2026-01-16,MKT_05,Carrots,20.34,23.39,22.47
2026-01-16,MKT_05,Pork,317.68,349.45,321.04
2026-01-16,MKT_05,Rice (Sinandomeng),49.52,61.9,57.33
2026-01-16,MKT_05,Chicken (Whole),172.54,215.67,175.77
2026-01-16,MKT_05,Beef (Rump),414.62,489.04,456.28
2026-01-16,MKT_05,Tilapia,128.41,171.21,154.14
2026-01-16,MKT_05,Bangus,158.3,221.63,175.62
2026-01-16,MKT_05,Tomatoes,62.93,115.38,105.88
2026-01-16,MKT_05,Red Onions,92.5,164.44,97.15
2026-01-16,MKT_05,Garlic,83.2,135.19,100.74
2026-01-17,MKT_01,Carrots,19.41,22.32,21.42
2026-01-17,MKT_01,Pork,292.3,321.53,307.4
2026-01-17,MKT_01,Rice (Sinandomeng),45.26,56.57,49.14
2026-01-17,MKT_01,Chicken (Whole),153.14,191.42,169.82
2026-01-17,MKT_01,Beef (Rump),373.92,441.03,413.97
2026-01-17,MKT_01,Tilapia,114.98,153.31,142.94
2026-01-17,MKT_01,Bangus,141.7,198.37,177.62
2026-01-17,MKT_01,Tomatoes,59.27,108.66,97.79
2026-01-17,MKT_01,Red Onions,86.09,153.06,141.99
2026-01-17,MKT_01,Garlic,75.65,122.93,93.91
2026-01-17,MKT_02,Carrots,20.17,23.19,21.04
2026-01-17,MKT_02,Pork,300.94,331.04,311.98
2026-01-17,MKT_02,Rice (Sinandomeng),47.14,58.93,50.86
2026-01-17,MKT_02,Chicken (Whole),152.56,190.69,187.99
2026-01-17,MKT_02,Beef (Rump),379.47,447.58,438.54
2026-01-17,MKT_02,Tilapia,114.73,152.97,146.58
2026-01-17,MKT_02,Bangus,148.16,207.42,175.35
2026-01-17,MKT_02,Tomatoes,58.32,106.92,81.81
2026-01-17,MKT_02,Red Onions,88.16,156.73,118.18
2026-01-17,MKT_02,Garlic,80.53,130.86,117.02
2026-01-17,MKT_02,Cabbage,38.84,67.97,56.51
2026-01-17,MKT_02,Potatoes,69.09,108.57,74.8
2026-01-17,MKT_02,Whole Fish (Galunggong),178.47,237.96,234.92
2026-01-17,MKT_03,Carrots,20.37,23.42,21.01
2026-01-17,MKT_03,Pork,299.55,329.5,307.63
2026-01-17,MKT_03,Rice (Sinandomeng),47.85,59.82,51.06
2026-01-17,MKT_03,Chicken (Whole),159.46,199.32,170.53
2026-01-17,MKT_03,Beef (Rump),392.15,462.53,445.34
2026-01-17,MKT_03,Tilapia,122.69,163.58,125.8
2026-01-17,MKT_03,Bangus,149.39,209.15,178.54
2026-01-17,MKT_03,Tomatoes,57.82,106.0,74.71
2026-01-17,MKT_04,Carrots,20.67,23.76,23.05
2026-01-17,MKT_04,Pork,306.3,336.93,334.56
2026-01-17,MKT_04,Rice (Sinandomeng),49.33,61.66,50.42
2026-01-17,MKT_04,Chicken (Whole),159.45,199.31,188.35
2026-01-17,MKT_04,Beef (Rump),394.71,465.55,463.74
2026-01-17,MKT_04,Tilapia,123.83,165.11,132.31
2026-01-17,MKT_04,Bangus,150.18,210.25,184.07
2026-01-17,MKT_04,Tomatoes,61.62,112.97,92.76
2026-01-17,MKT_04,Red Onions,91.75,163.11,116.84
2026-01-17,MKT_04,Garlic,80.72,131.17,123.28
2026-01-17,MKT_04,Cabbage,40.31,70.55,57.22
2026-01-17,MKT_04,Potatoes,70.33,110.52,104.54
2026-01-17,MKT_04,Whole Fish (Galunggong),183.77,245.02,227.82
2026-01-17,MKT_05,Carrots,20.85,23.98,22.51
2026-01-17,MKT_05,Pork,310.35,341.38,313.3
2026-01-17,MKT_05,Rice (Sinandomeng),49.15,61.44,51.52
2026-01-17,MKT_05,Chicken (Whole),159.39,199.24,196.63
2026-01-17,MKT_05,Beef (Rump),408.15,481.41,442.06
2026-01-17,MKT_05,Tilapia,126.43,168.57,143.87
2026-01-17,MKT_05,Bangus,157.39,220.35,161.75
2026-01-17,MKT_05,Tomatoes,64.25,117.79,91.68
2026-01-17,MKT_05,Red Onions,93.35,165.96,97.57
2026-01-17,MKT_05,Garlic,84.85,137.88,126.26
2026-01-18,MKT_01,Carrots,19.01,21.86,19.81
2026-01-18,MKT_01,Pork,284.4,312.84,293.96
2026-01-18,MKT_01,Rice (Sinandomeng),46.17,57.71,48.83
2026-01-18,MKT_01,Chicken (Whole),157.5,196.87,191.68
2026-01-18,MKT_01,Beef (Rump),372.69,439.59,438.1
2026-01-18,MKT_01,Tilapia,112.39,149.85,141.04
2026-01-18,MKT_01,Bangus,145.99,204.38,177.41
2026-01-18,MKT_01,Tomatoes,57.53,105.47,81.4
2026-01-18,MKT_01,Red Onions,86.8,154.32,141.99
2026-01-18,MKT_01,Garlic,75.9,123.33,94.06
2026-01-18,MKT_02,Carrots,19.63,22.58,20.69
2026-01-18,MKT_02,Pork,287.53,316.28,310.03
2026-01-18,MKT_02,Rice (Sinandomeng),48.39,60.49,57.75
2026-01-18,MKT_02,Chicken (Whole),159.39,199.24,175.27
2026-01-18,MKT_02,Beef (Rump),382.6,451.27,393.79
2026-01-18,MKT_02,Tilapia,119.13,158.85,146.58
2026-01-18,MKT_02,Bangus,145.55,203.77,195.1
2026-01-18,MKT_02,Tomatoes,59.73,109.5,104.42
2026-01-18,MKT_02,Red Onions,87.75,156.0,100.64
2026-01-18,MKT_02,Garlic,77.92,126.61,121.05
2026-01-18,MKT_02,Cabbage,38.63,67.6,51.45
2026-01-18,MKT_02,Potatoes,69.04,108.5,93.2
2026-01-18,MKT_02,Whole Fish (Galunggong),176.47,235.29,232.89
2026-01-18,MKT_03,Carrots,20.42,23.49,21.78
2026-01-18,MKT_03,Pork,295.22,324.74,320.87
2026-01-18,MKT_03,Rice (Sinandomeng),48.31,60.39,53.55
2026-01-18,MKT_03,Chicken (Whole),162.85,203.56,191.92
2026-01-18,MKT_03,Beef (Rump),405.15,477.87,469.5
2026-01-18,MKT_03,Tilapia,120.35,160.47,128.18
2026-01-18,MKT_03,Bangus,149.21,208.89,200.07
2026-01-18,MKT_03,Tomatoes,60.15,110.28,95.54
2026-01-18,MKT_04,Carrots,20.8,23.91,21.96
2026-01-18,MKT_04,Pork,311.93,343.12,326.3
2026-01-18,MKT_04,Rice (Sinandomeng),48.87,61.09,53.38
2026-01-18,MKT_04,Chicken (Whole),166.31,207.89,180.41
2026-01-18,MKT_04,Beef (Rump),397.67,469.04,410.4
2026-01-18,MKT_04,Tilapia,123.91,165.22,128.47
2026-01-18,MKT_04,Bangus,154.23,215.92,169.29
2026-01-18,MKT_04,Tomatoes,60.85,111.55,83.73
2026-01-18,MKT_04,Red Onions,90.55,160.99,143.05
2026-01-18,MKT_04,Garlic,83.06,134.97,101.5
2026-01-18,MKT_04,Cabbage,41.71,73.0,67.7
2026-01-18,MKT_04,Potatoes,71.82,112.87,97.72
2026-01-18,MKT_04,Whole Fish (Galunggong),183.53,244.71,191.63
2026-01-18,MKT_05,Carrots,20.45,23.51,22.36
2026-01-18,MKT_05,Pork,317.34,349.08,319.98
2026-01-18,MKT_05,Rice (Sinandomeng),50.12,62.65,53.24
2026-01-18,MKT_05,Chicken (Whole),165.78,207.22,200.13
2026-01-18,MKT_05,Beef (Rump),410.7,484.41,461.67
2026-01-18,MKT_05,Tilapia,122.38,163.17,143.28
2026-01-18,MKT_05,Bangus,153.75,215.25,156.26
2026-01-18,MKT_05,Tomatoes,61.79,113.28,77.64
2026-01-18,MKT_05,Red Onions,94.29,167.63,157.81
2026-01-18,MKT_05,Garlic,83.42,135.55,123.09
2026-01-19,MKT_01,Carrots,19.39,22.3,20.39
2026-01-19,MKT_01,Pork,292.99,322.29,319.16
2026-01-19,MKT_01,Rice (Sinandomeng),46.56,58.21,48.24
2026-01-19,MKT_01,Chicken (Whole),158.16,197.7,175.89
2026-01-19,MKT_01,Beef (Rump),380.88,449.24,418.2
2026-01-19,MKT_01,Tilapia,114.98,153.31,129.68
2026-01-19,MKT_01,Bangus,142.8,199.91,184.82
2026-01-19,MKT_01,Tomatoes,57.52,105.45,101.11
2026-01-19,MKT_01,Red Onions,87.36,155.3,107.42
2026-01-19,MKT_01,Garlic,76.28,123.95,119.29
2026-01-19,MKT_02,Carrots,19.82,22.79,20.36
2026-01-19,MKT_02,Pork,296.77,326.45,324.88
2026-01-19,MKT_02,Rice (Sinandomeng),46.37,57.96,55.65
2026-01-19,MKT_02,Chicken (Whole),159.41,199.26,170.85
2026-01-19,MKT_02,Beef (Rump),384.35,453.33,391.41
2026-01-19,MKT_02,Tilapia,120.91,161.21,130.92
2026-01-19,MKT_02,Bangus,146.96,205.74,164.87
2026-01-19,MKT_02,Tomatoes,58.53,107.3,87.61
2026-01-19,MKT_02,Red Onions,86.78,154.27,136.69
2026-01-19,MKT_02,Garlic,77.12,125.32,79.89
2026-01-19,MKT_02,Cabbage,39.77,69.6,66.0
2026-01-19,MKT_02,Potatoes,70.4,110.62,78.17
2026-01-19,MKT_02,Whole Fish (Galunggong),176.12,234.82,222.47
2026-01-19,MKT_03,Carrots,19.95,22.94,20.52
2026-01-19,MKT_03,Pork,300.32,330.35,302.67
2026-01-19,MKT_03,Rice (Sinandomeng),48.84,61.05,58.66
2026-01-19,MKT_03,Chicken (Whole),157.77,197.22,161.88
2026-01-19,MKT_03,Beef (Rump),391.39,461.64,454.88
2026-01-19,MKT_03,Tilapia,121.76,162.34,157.05
2026-01-19,MKT_03,Bangus,151.13,211.58,185.62
2026-01-19,MKT_03,Tomatoes,57.57,105.54,72.96
2026-01-19,MKT_04,Carrots,20.6,23.69,22.01
2026-01-19,MKT_04,Pork,308.3,339.13,335.42
2026-01-19,MKT_04,Rice (Sinandomeng),49.95,62.44,55.54
2026-01-19,MKT_04,Chicken (Whole),167.07,208.84,191.69
2026-01-19,MKT_04,Beef (Rump),405.49,478.27,456.43
2026-01-19,MKT_04,Tilapia,122.54,163.38,127.19
2026-01-19,MKT_04,Bangus,149.4,209.15,172.49
2026-01-19,MKT_04,Tomatoes,63.15,115.78,112.73
2026-01-19,MKT_04,Red Onions,91.56,162.78,134.24
2026-01-19,MKT_04,Garlic,81.65,132.69,113.88
2026-01-19,MKT_04,Cabbage,41.82,73.18,44.47
2026-01-19,MKT_04,Potatoes,70.62,110.97,89.71
2026-01-19,MKT_04,Whole Fish (Galunggong),180.04,240.05,183.23
2026-01-19,MKT_05,Carrots,20.67,23.77,23.21
2026-01-19,MKT_05,Pork,308.88,339.77,319.28
2026-01-19,MKT_05,Rice (Sinandomeng),48.91,61.13,56.26
2026-01-19,MKT_05,Chicken (Whole),166.2,207.75,178.08
2026-01-19,MKT_05,Beef (Rump),406.08,478.97,406.98
2026-01-19,MKT_05,Tilapia,122.18,162.9,122.98
2026-01-19,MKT_05,Bangus,155.3,217.43,204.86
2026-01-19,MKT_05,Tomatoes,61.72,113.16,91.07
2026-01-19,MKT_05,Red Onions,91.07,161.9,156.63
2026-01-19,MKT_05,Garlic,83.34,135.42,104.12
2026-01-20,MKT_01,Carrots,19.26,22.15,19.98
2026-01-20,MKT_01,Pork,284.62,313.08,294.6
2026-01-20,MKT_01,Rice (Sinandomeng),46.85,58.57,52.64
2026-01-20,MKT_01,Chicken (Whole),153.65,192.06,180.42
2026-01-20,MKT_01,Beef (Rump),370.26,436.71,398.37
2026-01-20,MKT_01,Tilapia,112.48,149.97,127.98
2026-01-20,MKT_01,Bangus,144.6,202.44,179.65
2026-01-20,MKT_01,Tomatoes,58.06,106.44,73.22
2026-01-20,MKT_01,Red Onions,85.75,152.44,103.17
2026-01-20,MKT_01,Garlic,76.98,125.09,80.28
2026-01-20,MKT_02,Carrots,20.08,23.1,20.81
2026-01-20,MKT_02,Pork,298.04,327.84,309.59
2026-01-20,MKT_02,Rice (Sinandomeng),45.49,56.86,47.25
2026-01-20,MKT_02,Chicken (Whole),155.07,193.84,171.39
2026-01-20,MKT_02,Beef (Rump),381.43,449.89,387.34
2026-01-20,MKT_02,Tilapia,117.74,156.98,131.81
2026-01-20,MKT_02,Bangus,147.38,206.33,187.21
2026-01-20,MKT_02,Tomatoes,59.2,108.53,77.19
2026-01-20,MKT_02,Red Onions,88.07,156.56,131.5
2026-01-20,MKT_02,Garlic,78.42,127.44,122.78
2026-01-20,MKT_02,Cabbage,39.77,69.6,61.14
2026-01-20,MKT_02,Potatoes,68.9,108.27,74.03
2026-01-20,MKT_02,Whole Fish (Galunggong),173.31,231.08,174.47
2026-01-20,MKT_03,Carrots,20.03,23.04,21.38
2026-01-20,MKT_03,Pork,299.42,329.36,316.62
2026-01-20,MKT_03,Rice (Sinandomeng),46.65,58.31,47.62
2026-01-20,MKT_03,Chicken (Whole),160.38,200.48,174.3
2026-01-20,MKT_03,Beef (Rump),383.99,452.91,434.02
2026-01-20,MKT_03,Tilapia,121.75,162.33,149.66
2026-01-20,MKT_03,Bangus,150.96,211.35,176.99
2026-01-20,MKT_03,Tomatoes,58.93,108.03,74.16
2026-01-20,MKT_04,Carrots,20.68,23.78,22.84
2026-01-20,MKT_04,Pork,312.27,343.49,337.62
2026-01-20,MKT_04,Rice (Sinandomeng),48.78,60.97,58.88
2026-01-20,MKT_04,Chicken (Whole),162.88,203.6,176.05
2026-01-20,MKT_04,Beef (Rump),402.54,474.79,444.52
2026-01-20,MKT_04,Tilapia,124.75,166.33,153.88
2026-01-20,MKT_04,Bangus,149.26,208.96,190.17
2026-01-20,MKT_04,Tomatoes,60.22,110.4,81.89
2026-01-20,MKT_04,Red Onions,91.25,162.21,101.73
2026-01-20,MKT_04,Garlic,81.23,132.0,89.42
2026-01-20,MKT_04,Cabbage,41.27,72.22,42.53
2026-01-20,MKT_04,Potatoes,72.78,114.36,87.1
2026-01-20,MKT_04,Whole Fish (Galunggong),187.37,249.82,192.28
2026-01-20,MKT_05,Carrots,20.29,23.34,22.18
2026-01-20,MKT_05,Pork,308.37,339.21,326.95
2026-01-20,MKT_05,Rice (Sinandomeng),49.03,61.29,60.66
2026-01-20,MKT_05,Chicken (Whole),164.98,206.22,183.75
2026-01-20,MKT_05,Beef (Rump),400.86,472.81,435.81
2026-01-20,MKT_05,Tilapia,125.56,167.42,127.19
2026-01-20,MKT_05,Bangus,157.23,220.12,181.51
2026-01-20,MKT_05,Tomatoes,62.41,114.41,64.9
2026-01-20,MKT_05,Red Onions,93.48,166.19,105.46
2026-01-20,MKT_05,Garlic,82.76,134.48,84.44
2026-01-21,MKT_01,Carrots,19.12,21.99,20.16
2026-01-21,MKT_01,Pork,295.19,324.71,321.36
2026-01-21,MKT_01,Rice (Sinandomeng),46.58,58.23,53.5
2026-01-21,MKT_01,Chicken (Whole),152.8,191.0,184.05
2026-01-21,MKT_01,Beef (Rump),373.77,440.86,399.75
2026-01-21,MKT_01,Tilapia,116.01,154.67,129.33
2026-01-21,MKT_01,Bangus,141.31,197.84,172.56
2026-01-21,MKT_01,Tomatoes,57.73,105.84,83.75
2026-01-21,MKT_01,Red Onions,87.26,155.13,117.21
2026-01-21,MKT_01,Garlic,77.4,125.78,92.22
2026-01-21,MKT_02,Carrots,19.36,22.27,19.97
2026-01-21,MKT_02,Pork,291.21,320.33,301.34
2026-01-21,MKT_02,Rice (Sinandomeng),45.61,57.02,52.15
2026-01-21,MKT_02,Chicken (Whole),158.59,198.24,164.47
2026-01-21,MKT_02,Beef (Rump),394.33,465.11,428.95
2026-01-21,MKT_02,Tilapia,115.95,154.59,131.57
2026-01-21,MKT_02,Bangus,149.48,209.27,186.47
2026-01-21,MKT_02,Tomatoes,60.56,111.03,71.02
2026-01-21,MKT_02,Red Onions,87.57,155.68,119.98
2026-01-21,MKT_02,Garlic,78.27,127.19,104.79
2026-01-21,MKT_02,Cabbage,39.35,68.87,55.06
2026-01-21,MKT_02,Potatoes,69.09,108.57,103.07
2026-01-21,MKT_02,Whole Fish (Galunggong),177.23,236.31,184.98
2026-01-21,MKT_03,Carrots,19.88,22.86,21.95
2026-01-21,MKT_03,Pork,302.8,333.08,330.94
2026-01-21,MKT_03,Rice (Sinandomeng),47.73,59.67,49.86
2026-01-21,MKT_03,Chicken (Whole),160.91,201.13,180.37
2026-01-21,MKT_03,Beef (Rump),389.83,459.8,449.89
2026-01-21,MKT_03,Tilapia,116.81,155.74,128.15
2026-01-21,MKT_03,Bangus,152.84,213.98,165.56
2026-01-21,MKT_03,Tomatoes,59.46,109.02,84.79
2026-01-21,MKT_04,Carrots,20.81,23.93,22.35
2026-01-21,MKT_04,Pork,310.75,341.83,340.75
2026-01-21,MKT_04,Rice (Sinandomeng),49.12,61.4,54.22
2026-01-21,MKT_04,Chicken (Whole),164.45,205.56,187.95
2026-01-21,MKT_04,Beef (Rump),401.57,473.65,470.03
2026-01-21,MKT_04,Tilapia,122.04,162.73,156.43
2026-01-21,MKT_04,Bangus,152.66,213.72,179.54
2026-01-21,MKT_04,Tomatoes,61.73,113.18,93.84
2026-01-21,MKT_04,Red Onions,87.83,156.14,150.68
2026-01-21,MKT_04,Garlic,81.58,132.56,116.45
2026-01-21,MKT_04,Cabbage,40.57,70.99,62.33
2026-01-21,MKT_04,Potatoes,70.59,110.92,82.87
2026-01-21,MKT_04,Whole Fish (Galunggong),184.7,246.27,206.93
2026-01-21,MKT_05,Carrots,20.61,23.7,21.55
2026-01-21,MKT_05,Pork,315.88,347.47,345.67
2026-01-21,MKT_05,Rice (Sinandomeng),50.61,63.26,54.54
2026-01-21,MKT_05,Chicken (Whole),167.63,209.54,168.72
2026-01-21,MKT_05,Beef (Rump),409.84,483.4,464.07
2026-01-21,MKT_05,Tilapia,125.73,167.64,132.07
2026-01-21,MKT_05,Bangus,157.8,220.92,199.21
2026-01-21,MKT_05,Tomatoes,63.08,115.64,103.08
2026-01-21,MKT_05,Red Onions,94.07,167.24,100.96
2026-01-21,MKT_05,Garlic,84.48,137.29,110.24
2026-01-22,MKT_01,Carrots,19.15,22.02,20.41
2026-01-22,MKT_01,Pork,284.65,313.11,286.96
2026-01-22,MKT_01,Rice (Sinandomeng),45.51,56.89,54.4
2026-01-22,MKT_01,Chicken (Whole),152.86,191.08,188.63
2026-01-22,MKT_01,Beef (Rump),363.32,428.53,368.76
2026-01-22,MKT_01,Tilapia,115.58,154.11,134.87
2026-01-22,MKT_01,Bangus,145.48,203.68,148.85
2026-01-22,MKT_01,Tomatoes,58.44,107.15,62.42
2026-01-22,MKT_01,Red Onions,84.23,149.74,99.72
2026-01-22,MKT_01,Garlic,75.88,123.31,89.43
2026-01-22,MKT_02,Carrots,19.85,22.83,20.99
2026-01-22,MKT_02,Pork,293.13,322.44,307.12
2026-01-22,MKT_02,Rice (Sinandomeng),47.5,59.37,58.64
2026-01-22,MKT_02,Chicken (Whole),153.83,192.28,176.93
2026-01-22,MKT_02,Beef (Rump),390.16,460.19,399.15
2026-01-22,MKT_02,Tilapia,115.24,153.66,148.99
2026-01-22,MKT_02,Bangus,140.21,196.29,172.98
2026-01-22,MKT_02,Tomatoes,58.97,108.1,89.54
2026-01-22,MKT_02,Red Onions,88.48,157.3,105.39
2026-01-22,MKT_02,Garlic,77.81,126.44,112.32
2026-01-22,MKT_02,Cabbage,39.49,69.1,55.8
2026-01-22,MKT_02,Potatoes,69.13,108.63,89.66
2026-01-22,MKT_02,Whole Fish (Galunggong),177.46,236.61,193.74
2026-01-22,MKT_03,Carrots,19.85,22.82,21.33
2026-01-22,MKT_03,Pork,296.87,326.56,315.43
2026-01-22,MKT_03,Rice (Sinandomeng),47.71,59.63,48.8
2026-01-22,MKT_03,Chicken (Whole),158.03,197.53,158.54
2026-01-22,MKT_03,Beef (Rump),396.56,467.74,432.93
2026-01-22,MKT_03,Tilapia,119.41,159.21,152.48
2026-01-22,MKT_03,Bangus,150.35,210.49,151.08
2026-01-22,MKT_03,Tomatoes,60.74,111.36,76.93
2026-01-22,MKT_04,Carrots,20.14,23.16,20.85
2026-01-22,MKT_04,Pork,299.94,329.94,324.88
2026-01-22,MKT_04,Rice (Sinandomeng),48.37,60.46,52.35
2026-01-22,MKT_04,Chicken (Whole),163.83,204.79,181.67
2026-01-22,MKT_04,Beef (Rump),398.93,470.54,463.68
2026-01-22,MKT_04,Tilapia,123.1,164.14,127.18
2026-01-22,MKT_04,Bangus,152.77,213.87,194.56
2026-01-22,MKT_04,Tomatoes,59.01,108.18,89.99
2026-01-22,MKT_04,Red Onions,91.62,162.88,141.57
2026-01-22,MKT_04,Garlic,82.76,134.48,132.26
2026-01-22,MKT_04,Cabbage,41.54,72.7,64.99
2026-01-22,MKT_04,Potatoes,71.49,112.35,83.87
2026-01-22,MKT_04,Whole Fish (Galunggong),184.13,245.51,190.99
2026-01-22,MKT_05,Carrots,20.98,24.13,21.58
2026-01-22,MKT_05,Pork,317.42,349.16,328.99
2026-01-22,MKT_05,Rice (Sinandomeng),49.92,62.4,55.39
2026-01-22,MKT_05,Chicken (Whole),167.84,209.8,187.09
2026-01-22,MKT_05,Beef (Rump),402.38,474.6,429.22
2026-01-22,MKT_05,Tilapia,122.6,163.47,125.19
2026-01-22,MKT_05,Bangus,154.98,216.97,205.62
2026-01-22,MKT_05,Tomatoes,63.71,116.8,108.5
2026-01-22,MKT_05,Red Onions,94.44,167.89,129.16
2026-01-22,MKT_05,Garlic,81.83,132.98,126.47
2026-01-23,MKT_01,Carrots,19.4,22.31,21.06
2026-01-23,MKT_01,Pork,283.18,311.49,291.74
2026-01-23,MKT_01,Rice (Sinandomeng),46.35,57.94,54.67
2026-01-23,MKT_01,Chicken (Whole),151.44,189.29,163.57
2026-01-23,MKT_01,Beef (Rump),367.44,433.39,414.26
2026-01-23,MKT_01,Tilapia,118.16,157.54,126.31
2026-01-23,MKT_01,Bangus,143.26,200.56,164.47
2026-01-23,MKT_01,Tomatoes,58.14,106.6,61.4
2026-01-23,MKT_01,Red Onions,86.46,153.7,104.69
2026-01-23,MKT_01,Garlic,75.6,122.85,114.74
2026-01-23,MKT_02,Carrots,19.53,22.46,20.98
2026-01-23,MKT_02,Pork,289.53,318.48,301.33
2026-01-23,MKT_02,Rice (Sinandomeng),48.78,60.97,49.39
2026-01-23,MKT_02,Chicken (Whole),158.68,198.35,177.13
2026-01-23,MKT_02,Beef (Rump),382.33,450.96,428.65
2026-01-23,MKT_02,Tilapia,118.58,158.11,131.1
2026-01-23,MKT_02,Bangus,148.61,208.05,179.57
2026-01-23,MKT_02,Tomatoes,59.45,108.99,107.33
2026-01-23,MKT_02,Red Onions,89.11,158.41,97.82
2026-01-23,MKT_02,Garlic,79.11,128.55,92.47
2026-01-23,MKT_02,Cabbage,39.26,68.71,49.66
2026-01-23,MKT_02,Potatoes,70.23,110.36,85.28
2026-01-23,MKT_02,Whole Fish (Galunggong),176.84,235.79,226.43
2026-01-23,MKT_03,Carrots,20.02,23.02,20.57
2026-01-23,MKT_03,Pork,300.78,330.86,323.97
2026-01-23,MKT_03,Rice (Sinandomeng),48.18,60.22,53.74
2026-01-23,MKT_03,Chicken (Whole),156.16,195.2,159.16
2026-01-23,MKT_03,Beef (Rump),385.15,454.28,401.2
2026-01-23,MKT_03,Tilapia,119.81,159.75,149.42
2026-01-23,MKT_03,Bangus,146.3,204.82,174.05
2026-01-23,MKT_03,Tomatoes,60.02,110.03,107.71
2026-01-23,MKT_04,Carrots,20.47,23.54,21.13
2026-01-23,MKT_04,Pork,300.33,330.36,306.52
2026-01-23,MKT_04,Rice (Sinandomeng),48.52,60.65,50.59
2026-01-23,MKT_04,Chicken (Whole),166.28,207.84,190.24
2026-01-23,MKT_04,Beef (Rump),401.06,473.05,411.99
2026-01-23,MKT_04,Tilapia,123.3,164.4,139.37
2026-01-23,MKT_04,Bangus,155.57,217.79,197.34
2026-01-23,MKT_04,Tomatoes,60.47,110.86,106.28
2026-01-23,MKT_04,Red Onions,90.1,160.18,110.67
2026-01-23,MKT_04,Garlic,82.78,134.53,119.2
2026-01-23,MKT_04,Cabbage,40.75,71.32,43.09
2026-01-23,MKT_04,Potatoes,70.52,110.82,76.3
2026-01-23,MKT_04,Whole Fish (Galunggong),189.24,252.32,249.21
2026-01-23,MKT_05,Carrots,20.32,23.37,21.85
2026-01-23,MKT_05,Pork,312.83,344.11,333.91
2026-01-23,MKT_05,Rice (Sinandomeng),49.78,62.23,59.52
2026-01-23,MKT_05,Chicken (Whole),165.54,206.93,184.61
2026-01-23,MKT_05,Beef (Rump),392.66,463.14,396.21
2026-01-23,MKT_05,Tilapia,127.56,170.08,134.94
2026-01-23,MKT_05,Bangus,152.8,213.91,156.3
2026-01-23,MKT_05,Tomatoes,62.16,113.96,105.52
2026-01-23,MKT_05,Red Onions,93.02,165.37,162.06
2026-01-23,MKT_05,Garlic,83.91,136.35,94.54
2026-01-24,MKT_01,Carrots,18.72,21.53,20.01
2026-01-24,MKT_01,Pork,290.08,319.09,307.21
2026-01-24,MKT_01,Rice (Sinandomeng),46.22,57.77,57.07
2026-01-24,MKT_01,Chicken (Whole),152.01,190.01,159.54
2026-01-24,MKT_01,Beef (Rump),376.89,444.54,427.86
2026-01-24,MKT_01,Tilapia,115.23,153.65,121.78
2026-01-24,MKT_01,Bangus,148.06,207.28,162.96
2026-01-24,MKT_01,Tomatoes,57.43,105.29,87.95
2026-01-24,MKT_01,Red Onions,85.11,151.3,122.45
2026-01-24,MKT_01,Garlic,77.37,125.72,114.41
2026-01-24,MKT_02,Carrots,19.51,22.43,20.03
2026-01-24,MKT_02,Pork,294.0,323.4,304.64
2026-01-24,MKT_02,Rice (Sinandomeng),46.14,57.67,50.03
2026-01-24,MKT_02,Chicken (Whole),158.25,197.81,191.45
2026-01-24,MKT_02,Beef (Rump),379.45,447.56,408.72
2026-01-24,MKT_02,Tilapia,118.08,157.44,119.7
2026-01-24,MKT_02,Bangus,151.72,212.41,159.29
2026-01-24,MKT_02,Tomatoes,58.58,107.39,72.89
2026-01-24,MKT_02,Red Onions,89.2,158.59,157.63
2026-01-24,MKT_02,Garlic,78.18,127.05,80.83
2026-01-24,MKT_02,Cabbage,38.81,67.92,50.34
2026-01-24,MKT_02,Potatoes,69.99,109.98,99.9
2026-01-24,MKT_02,Whole Fish (Galunggong),171.36,228.48,216.06
2026-01-24,MKT_03,Carrots,20.3,23.35,21.31
2026-01-24,MKT_03,Pork,291.13,320.25,310.09
2026-01-24,MKT_03,Rice (Sinandomeng),48.64,60.8,51.82
2026-01-24,MKT_03,Chicken (Whole),160.03,200.04,169.15
2026-01-24,MKT_03,Beef (Rump),384.42,453.42,387.57
2026-01-24,MKT_03,Tilapia,119.27,159.02,156.6
2026-01-24,MKT_03,Bangus,151.54,212.16,186.72
2026-01-24,MKT_03,Tomatoes,61.78,113.26,88.36
2026-01-24,MKT_04,Carrots,19.93,22.92,21.94
2026-01-24,MKT_04,Pork,301.96,332.15,328.56
2026-01-24,MKT_04,Rice (Sinandomeng),48.0,60.0,58.91
2026-01-24,MKT_04,Chicken (Whole),162.75,203.43,194.21
2026-01-24,MKT_04,Beef (Rump),403.19,475.56,437.69
2026-01-24,MKT_04,Tilapia,119.79,159.72,143.3
2026-01-24,MKT_04,Bangus,152.97,214.16,164.67
2026-01-24,MKT_04,Tomatoes,62.0,113.66,72.99
2026-01-24,MKT_04,Red Onions,91.23,162.19,96.71
2026-01-24,MKT_04,Garlic,78.47,127.52,117.93
2026-01-24,MKT_04,Cabbage,40.92,71.61,66.24
2026-01-24,MKT_04,Potatoes,72.7,114.24,104.46
2026-01-24,MKT_04,Whole Fish (Galunggong),180.71,240.94,219.98
2026-01-24,MKT_05,Carrots,20.27,23.31,21.64
2026-01-24,MKT_05,Pork,313.44,344.78,315.08
2026-01-24,MKT_05,Rice (Sinandomeng),50.17,62.71,50.67
2026-01-24,MKT_05,Chicken (Whole),165.23,206.54,182.52
2026-01-24,MKT_05,Beef (Rump),401.65,473.74,471.33
2026-01-24,MKT_05,Tilapia,124.86,166.48,134.55
2026-01-24,MKT_05,Bangus,153.55,214.98,167.97
2026-01-24,MKT_05,Tomatoes,61.42,112.61,61.99
2026-01-24,MKT_05,Red Onions,94.52,168.03,148.81
2026-01-24,MKT_05,Garlic,81.82,132.96,124.86
2026-01-25,MKT_01,Carrots,18.68,21.48,19.77
2026-01-25,MKT_01,Pork,284.95,313.45,305.05
2026-01-25,MKT_01,Rice (Sinandomeng),45.75,57.18,50.12
2026-01-25,MKT_01,Chicken (Whole),154.71,193.39,189.2
2026-01-25,MKT_01,Beef (Rump),370.9,437.48,410.13
2026-01-25,MKT_01,Tilapia,117.76,157.01,143.54
2026-01-25,MKT_01,Bangus,144.19,201.87,184.89
2026-01-25,MKT_01,Tomatoes,56.87,104.27,65.13
2026-01-25,MKT_01,Red Onions,86.96,154.6,150.92
2026-01-25,MKT_01,Garlic,78.48,127.53,81.02
2026-01-25,MKT_02,Carrots,19.8,22.76,20.88
2026-01-25,MKT_02,Pork,287.24,315.96,307.54
2026-01-25,MKT_02,Rice (Sinandomeng),46.76,58.45,52.75
2026-01-25,MKT_02,Chicken (Whole),157.4,196.75,177.42
2026-01-25,MKT_02,Beef (Rump),385.75,454.99,442.72
2026-01-25,MKT_02,Tilapia,117.27,156.36,144.33
2026-01-25,MKT_02,Bangus,146.28,204.79,199.75
2026-01-25,MKT_02,Tomatoes,60.42,110.76,95.19
2026-01-25,MKT_02,Red Onions,89.1,158.4,108.32
2026-01-25,MKT_02,Garlic,78.91,128.22,118.4
2026-01-25,MKT_02,Cabbage,38.87,68.01,48.81
2026-01-25,MKT_02,Potatoes,67.44,105.98,104.67
2026-01-25,MKT_02,Whole Fish (Galunggong),177.59,236.78,220.4
2026-01-25,MKT_03,Carrots,20.23,23.27,21.88
2026-01-25,MKT_03,Pork,299.97,329.97,311.51
2026-01-25,MKT_03,Rice (Sinandomeng),48.48,60.6,50.79
2026-01-25,MKT_03,Chicken (Whole),161.67,202.09,177.32
2026-01-25,MKT_03,Beef (Rump),394.97,465.86,397.23
2026-01-25,MKT_03,Tilapia,117.27,156.36,144.62
2026-01-25,MKT_03,Bangus,149.2,208.88,197.65
2026-01-25,MKT_03,Tomatoes,60.45,110.83,63.5
2026-01-25,MKT_04,Carrots,20.41,23.48,21.95
2026-01-25,MKT_04,Pork,309.14,340.06,315.0
2026-01-25,MKT_04,Rice (Sinandomeng),49.26,61.58,58.82
2026-01-25,MKT_04,Chicken (Whole),158.03,197.54,163.6
2026-01-25,MKT_04,Beef (Rump),404.22,476.77,466.63
2026-01-25,MKT_04,Tilapia,121.54,162.05,133.5
2026-01-25,MKT_04,Bangus,151.06,211.48,203.34
2026-01-25,MKT_04,Tomatoes,62.15,113.95,75.37
2026-01-25,MKT_04,Red Onions,92.63,164.68,137.53
2026-01-25,MKT_04,Garlic,83.05,134.96,129.68
2026-01-25,MKT_04,Cabbage,40.96,71.67,41.82
2026-01-25,MKT_04,Potatoes,71.01,111.59,93.23
2026-01-25,MKT_04,Whole Fish (Galunggong),183.99,245.32,201.84
2026-01-25,MKT_05,Carrots,20.49,23.56,22.28
2026-01-25,MKT_05,Pork,305.91,336.5,316.29
2026-01-25,MKT_05,Rice (Sinandomeng),49.47,61.83,50.75
2026-01-25,MKT_05,Chicken (Whole),170.08,212.6,203.12
2026-01-25,MKT_05,Beef (Rump),402.47,474.7,451.79
2026-01-25,MKT_05,Tilapia,121.73,162.3,135.39
2026-01-25,MKT_05,Bangus,155.65,217.91,214.01
2026-01-25,MKT_05,Tomatoes,61.91,113.5,94.88
2026-01-25,MKT_05,Red Onions,95.11,169.08,110.13
2026-01-25,MKT_05,Garlic,84.94,138.02,107.23
2026-01-26,MKT_01,Carrots,19.08,21.94,20.1
2026-01-26,MKT_01,Pork,289.17,318.09,297.38
2026-01-26,MKT_01,Rice (Sinandomeng),46.33,57.91,47.54
2026-01-26,MKT_01,Chicken (Whole),153.48,191.85,173.36
2026-01-26,MKT_01,Beef (Rump),373.05,440.01,422.22
2026-01-26,MKT_01,Tilapia,113.54,151.38,140.0
2026-01-26,MKT_01,Bangus,139.85,195.78,162.19
2026-01-26,MKT_01,Tomatoes,56.76,104.07,69.5
2026-01-26,MKT_01,Red Onions,86.29,153.4,104.54
2026-01-26,MKT_01,Garlic,75.06,121.97,88.76
2026-01-26,MKT_02,Carrots,19.66,22.61,21.34
2026-01-26,MKT_02,Pork,294.31,323.74,297.0
2026-01-26,MKT_02,Rice (Sinandomeng),46.65,58.31,53.54
2026-01-26,MKT_02,Chicken (Whole),156.15,195.19,180.37
2026-01-26,MKT_02,Beef (Rump),374.6,441.83,376.1
2026-01-26,MKT_02,Tilapia,119.09,158.79,156.94
2026-01-26,MKT_02,Bangus,148.83,208.36,190.69
2026-01-26,MKT_02,Tomatoes,57.77,105.91,87.03
2026-01-26,MKT_02,Red Onions,86.68,154.11,126.88
2026-01-26,MKT_02,Garlic,77.3,125.61,118.77
2026-01-26,MKT_02,Cabbage,39.53,69.18,45.84
2026-01-26,MKT_02,Potatoes,68.96,108.36,92.02
2026-01-26,MKT_02,Whole Fish (Galunggong),179.23,238.97,203.7
2026-01-26,MKT_03,Carrots,20.35,23.4,20.88
2026-01-26,MKT_03,Pork,293.11,322.42,306.36
2026-01-26,MKT_03,Rice (Sinandomeng),48.37,60.46,59.49
2026-01-26,MKT_03,Chicken (Whole),162.7,203.37,170.68
2026-01-26,MKT_03,Beef (Rump),388.05,457.69,434.71
2026-01-26,MKT_03,Tilapia,119.96,159.94,124.07
2026-01-26,MKT_03,Bangus,149.61,209.45,194.14
2026-01-26,MKT_03,Tomatoes,59.88,109.78,73.03
2026-01-26,MKT_04,Carrots,20.65,23.74,22.06
2026-01-26,MKT_04,Pork,313.87,345.26,333.75
2026-01-26,MKT_04,Rice (Sinandomeng),49.95,62.44,53.23
2026-01-26,MKT_04,Chicken (Whole),161.99,202.49,170.36
2026-01-26,MKT_04,Beef (Rump),399.34,471.02,461.86
2026-01-26,MKT_04,Tilapia,120.99,161.32,132.14
2026-01-26,MKT_04,Bangus,151.45,212.02,166.7
2026-01-26,MKT_04,Tomatoes,61.14,112.09,98.24
2026-01-26,MKT_04,Red Onions,90.83,161.48,133.59
2026-01-26,MKT_04,Garlic,80.9,131.47,128.57
2026-01-26,MKT_04,Cabbage,40.94,71.65,66.35
2026-01-26,MKT_04,Potatoes,71.92,113.02,109.82
2026-01-26,MKT_04,Whole Fish (Galunggong),184.87,246.5,218.37
2026-01-26,MKT_05,Carrots,20.94,24.09,23.04
2026-01-26,MKT_05,Pork,306.43,337.07,328.8
2026-01-26,MKT_05,Rice (Sinandomeng),49.37,61.71,54.08
2026-01-26,MKT_05,Chicken (Whole),166.49,208.11,204.39
2026-01-26,MKT_05,Beef (Rump),411.88,485.8,431.98
2026-01-26,MKT_05,Tilapia,129.05,172.07,145.03
2026-01-26,MKT_05,Bangus,156.68,219.36,205.75
2026-01-26,MKT_05,Tomatoes,63.05,115.59,86.97
2026-01-26,MKT_05,Red Onions,91.79,163.19,141.95
2026-01-26,MKT_05,Garlic,84.03,136.55,106.56
2026-01-27,MKT_01,Carrots,19.8,22.77,22.14
2026-01-27,MKT_01,Pork,284.55,313.01,286.81
2026-01-27,MKT_01,Rice (Sinandomeng),45.68,57.11,50.81
2026-01-27,MKT_01,Chicken (Whole),155.66,194.58,156.99
2026-01-27,MKT_01,Beef (Rump),374.55,441.78,378.77
2026-01-27,MKT_01,Tilapia,111.74,148.99,130.04
2026-01-27,MKT_01,Bangus,142.89,200.05,180.18
2026-01-27,MKT_01,Tomatoes,58.9,107.98,71.91
2026-01-27,MKT_01,Red Onions,86.02,152.93,91.17
2026-01-27,MKT_01,Garlic,76.46,124.25,85.65
2026-01-27,MKT_02,Carrots,19.84,22.81,21.94
2026-01-27,MKT_02,Pork,295.53,325.08,315.59
2026-01-27,MKT_02,Rice (Sinandomeng),46.8,58.5,50.61
2026-01-27,MKT_02,Chicken (Whole),155.33,194.16,165.29
2026-01-27,MKT_02,Beef (Rump),399.45,471.15,425.18
2026-01-27,MKT_02,Tilapia,119.84,159.79,134.12
2026-01-27,MKT_02,Bangus,148.08,207.32,166.51
2026-01-27,MKT_02,Tomatoes,59.29,108.7,104.03
2026-01-27,MKT_02,Red Onions,88.03,156.5,112.44
2026-01-27,MKT_02,Garlic,78.79,128.04,103.69
2026-01-27,MKT_02,Cabbage,39.06,68.36,55.22
2026-01-27,MKT_02,Potatoes,67.71,106.4,87.17
2026-01-27,MKT_02,Whole Fish (Galunggong),177.39,236.52,217.24
2026-01-27,MKT_03,Carrots,19.91,22.89,22.07
2026-01-27,MKT_03,Pork,301.89,332.08,315.21
2026-01-27,MKT_03,Rice (Sinandomeng),48.44,60.55,55.72
2026-01-27,MKT_03,Chicken (Whole),161.14,201.42,168.68
2026-01-27,MKT_03,Beef (Rump),384.58,453.61,432.29
2026-01-27,MKT_03,Tilapia,119.25,159.0,126.15
2026-01-27,MKT_03,Bangus,149.34,209.07,149.96
2026-01-27,MKT_03,Tomatoes,60.88,111.61,86.99
2026-01-27,MKT_04,Carrots,20.68,23.78,21.52
2026-01-27,MKT_04,Pork,302.81,333.09,306.39
2026-01-27,MKT_04,Rice (Sinandomeng),48.05,60.07,51.0
2026-01-27,MKT_04,Chicken (Whole),169.02,211.28,179.64
2026-01-27,MKT_04,Beef (Rump),400.33,472.19,404.92
2026-01-27,MKT_04,Tilapia,119.92,159.89,128.98
2026-01-27,MKT_04,Bangus,151.73,212.42,209.52
2026-01-27,MKT_04,Tomatoes,62.12,113.89,83.73
2026-01-27,MKT_04,Red Onions,94.62,168.21,126.26
2026-01-27,MKT_04,Garlic,83.85,136.25,120.44
2026-01-27,MKT_04,Cabbage,41.03,71.81,46.64
2026-01-27,MKT_04,Potatoes,68.63,107.85,102.4
2026-01-27,MKT_04,Whole Fish (Galunggong),183.61,244.81,222.12
2026-01-27,MKT_05,Carrots,20.5,23.57,22.25
2026-01-27,MKT_05,Pork,312.39,343.62,316.43
2026-01-27,MKT_05,Rice (Sinandomeng),49.28,61.59,57.61
2026-01-27,MKT_05,Chicken (Whole),165.42,206.78,174.24
2026-01-27,MKT_05,Beef (Rump),410.62,484.32,425.97
2026-01-27,MKT_05,Tilapia,124.38,165.84,145.43
2026-01-27,MKT_05,Bangus,155.33,217.46,204.29
2026-01-27,MKT_05,Tomatoes,62.35,114.32,66.37
2026-01-27,MKT_05,Red Onions,97.14,172.69,144.49
2026-01-27,MKT_05,Garlic,81.87,133.03,116.91
2026-01-28,MKT_01,Carrots,19.28,22.18,21.37
2026-01-28,MKT_01,Pork,295.91,325.51,319.9
2026-01-28,MKT_01,Rice (Sinandomeng),46.04,57.55,50.05
2026-01-28,MKT_01,Chicken (Whole),156.54,195.67,187.22
2026-01-28,MKT_01,Beef (Rump),366.68,432.5,422.6
2026-01-28,MKT_01,Tilapia,114.83,153.11,148.23
2026-01-28,MKT_01,Bangus,142.2,199.08,164.37
2026-01-28,MKT_01,Tomatoes,57.54,105.5,95.77
2026-01-28,MKT_01,Red Onions,86.34,153.5,91.27
2026-01-28,MKT_01,Garlic,76.87,124.91,118.64
2026-01-28,MKT_02,Carrots,19.85,22.83,22.27
2026-01-28,MKT_02,Pork,283.89,312.28,286.21
2026-01-28,MKT_02,Rice (Sinandomeng),46.6,58.25,51.1
2026-01-28,MKT_02,Chicken (Whole),157.31,196.63,188.61
2026-01-28,MKT_02,Beef (Rump),371.22,437.85,386.17
2026-01-28,MKT_02,Tilapia,118.72,158.29,132.74
2026-01-28,MKT_02,Bangus,145.6,203.83,167.25
2026-01-28,MKT_02,Tomatoes,58.63,107.5,81.35
2026-01-28,MKT_02,Red Onions,89.41,158.95,138.49
2026-01-28,MKT_02,Garlic,79.93,129.89,80.84
2026-01-28,MKT_02,Cabbage,39.59,69.28,53.98
2026-01-28,MKT_02,Potatoes,67.41,105.92,68.11
2026-01-28,MKT_02,Whole Fish (Galunggong),178.02,237.36,210.51
2026-01-28,MKT_03,Carrots,20.2,23.23,20.83
2026-01-28,MKT_03,Pork,302.06,332.26,325.39
2026-01-28,MKT_03,Rice (Sinandomeng),49.05,61.31,58.01
2026-01-28,MKT_03,Chicken (Whole),160.2,200.25,166.18
2026-01-28,MKT_03,Beef (Rump),398.25,469.73,446.05
2026-01-28,MKT_03,Tilapia,122.53,163.37,129.8
2026-01-28,MKT_03,Bangus,151.57,212.2,163.7
2026-01-28,MKT_03,Tomatoes,60.27,110.49,105.47
2026-01-28,MKT_04,Carrots,20.54,23.62,22.62
2026-01-28,MKT_04,Pork,313.65,345.01,341.14
2026-01-28,MKT_04,Rice (Sinandomeng),49.73,62.16,56.85
2026-01-28,MKT_04,Chicken (Whole),160.72,200.9,179.79
2026-01-28,MKT_04,Beef (Rump),400.13,471.95,451.37
2026-01-28,MKT_04,Tilapia,120.87,161.17,133.7
2026-01-28,MKT_04,Bangus,151.53,212.15,166.43
2026-01-28,MKT_04,Tomatoes,60.87,111.59,106.51
2026-01-28,MKT_04,Red Onions,89.9,159.83,125.35
2026-01-28,MKT_04,Garlic,80.51,130.83,121.54
2026-01-28,MKT_04,Cabbage,41.71,73.0,62.19
2026-01-28,MKT_04,Potatoes,70.71,111.11,98.49
2026-01-28,MKT_04,Whole Fish (Galunggong),185.91,247.88,202.51
2026-01-28,MKT_05,Carrots,20.85,23.98,22.04
2026-01-28,MKT_05,Pork,314.49,345.94,323.2
2026-01-28,MKT_05,Rice (Sinandomeng),50.35,62.94,53.38
2026-01-28,MKT_05,Chicken (Whole),164.12,205.15,188.45
2026-01-28,MKT_05,Beef (Rump),410.56,484.25,470.3
2026-01-28,MKT_05,Tilapia,122.58,163.44,154.09
2026-01-28,MKT_05,Bangus,154.43,216.21,160.3
2026-01-28,MKT_05,Tomatoes,62.92,115.36,99.37
2026-01-28,MKT_05,Red Onions,92.24,163.98,94.94
2026-01-28,MKT_05,Garlic,80.84,131.37,94.2
2026-01-29,MKT_01,Carrots,19.3,22.2,19.87
2026-01-29,MKT_01,Pork,280.96,309.05,299.52
2026-01-29,MKT_01,Rice (Sinandomeng),46.57,58.21,56.52
2026-01-29,MKT_01,Chicken (Whole),152.88,191.09,165.48
2026-01-29,MKT_01,Beef (Rump),376.36,443.91,393.43
2026-01-29,MKT_01,Tilapia,115.77,154.36,137.95
2026-01-29,MKT_01,Bangus,145.7,203.98,195.35
2026-01-29,MKT_01,Tomatoes,58.15,106.61,106.0
2026-01-29,MKT_01,Red Onions,85.03,151.16,86.99
2026-01-29,MKT_01,Garlic,76.51,124.32,93.88
2026-01-29,MKT_02,Carrots,19.7,22.66,20.81
2026-01-29,MKT_02,Pork,300.44,330.49,319.95
2026-01-29,MKT_02,Rice (Sinandomeng),47.49,59.36,56.28
2026-01-29,MKT_02,Chicken (Whole),159.99,199.99,162.01
2026-01-29,MKT_02,Beef (Rump),384.46,453.47,423.28
2026-01-29,MKT_02,Tilapia,119.56,159.42,144.33
2026-01-29,MKT_02,Bangus,147.56,206.59,181.77
2026-01-29,MKT_02,Tomatoes,59.74,109.52,108.57
2026-01-29,MKT_02,Red Onions,87.73,155.96,135.79
2026-01-29,MKT_02,Garlic,80.28,130.45,99.92
2026-01-29,MKT_02,Cabbage,39.5,69.12,66.56
2026-01-29,MKT_02,Potatoes,67.13,105.49,102.34
2026-01-29,MKT_02,Whole Fish (Galunggong),177.39,236.52,190.19
2026-01-29,MKT_03,Carrots,19.37,22.28,21.77
2026-01-29,MKT_03,Pork,302.81,333.1,320.68
2026-01-29,MKT_03,Rice (Sinandomeng),48.64,60.8,49.74
2026-01-29,MKT_03,Chicken (Whole),164.69,205.86,192.41
2026-01-29,MKT_03,Beef (Rump),387.04,456.51,413.09
2026-01-29,MKT_03,Tilapia,123.53,164.71,152.04
2026-01-29,MKT_03,Bangus,150.01,210.01,188.78
2026-01-29,MKT_03,Tomatoes,59.33,108.77,90.63
2026-01-29,MKT_04,Carrots,20.25,23.29,21.97
2026-01-29,MKT_04,Pork,308.53,339.39,322.62
2026-01-29,MKT_04,Rice (Sinandomeng),48.33,60.41,56.23
2026-01-29,MKT_04,Chicken (Whole),162.4,202.99,163.66
2026-01-29,MKT_04,Beef (Rump),399.8,471.56,455.43
2026-01-29,MKT_04,Tilapia,125.2,166.93,159.84
2026-01-29,MKT_04,Bangus,154.92,216.89,204.37
2026-01-29,MKT_04,Tomatoes,61.24,112.27,86.18
2026-01-29,MKT_04,Red Onions,92.55,164.54,121.58
2026-01-29,MKT_04,Garlic,81.89,133.07,96.29
2026-01-29,MKT_04,Cabbage,40.11,70.19,67.4
2026-01-29,MKT_04,Potatoes,73.24,115.1,88.24
2026-01-29,MKT_04,Whole Fish (Galunggong),187.85,250.46,191.55
2026-01-29,MKT_05,Carrots,20.78,23.89,21.46
2026-01-29,MKT_05,Pork,309.97,340.96,328.67
2026-01-29,MKT_05,Rice (Sinandomeng),49.11,61.38,59.34
2026-01-29,MKT_05,Chicken (Whole),167.89,209.87,204.7
2026-01-29,MKT_05,Beef (Rump),409.28,482.74,430.54
2026-01-29,MKT_05,Tilapia,123.35,164.47,156.05
2026-01-29,MKT_05,Bangus,156.57,219.2,217.06
2026-01-29,MKT_05,Tomatoes,63.14,115.75,87.64
2026-01-29,MKT_05,Red Onions,92.9,165.16,162.9
2026-01-29,MKT_05,Garlic,82.96,134.82,125.01
2026-01-30,MKT_01,Carrots,19.14,22.01,19.77
2026-01-30,MKT_01,Pork,284.64,313.1,290.93
2026-01-30,MKT_01,Rice (Sinandomeng),45.95,57.44,49.27
2026-01-30,MKT_01,Chicken (Whole),149.88,187.35,154.06
2026-01-30,MKT_01,Beef (Rump),372.9,439.83,437.55
2026-01-30,MKT_01,Tilapia,114.77,153.02,143.55
2026-01-30,MKT_01,Bangus,143.86,201.41,160.1
2026-01-30,MKT_01,Tomatoes,58.03,106.39,96.34
2026-01-30,MKT_01,Red Onions,84.78,150.71,100.38
2026-01-30,MKT_01,Garlic,75.55,122.77,82.04
2026-01-30,MKT_02,Carrots,19.37,22.27,21.15
2026-01-30,MKT_02,Pork,288.17,316.98,290.41
2026-01-30,MKT_02,Rice (Sinandomeng),47.47,59.34,49.57
2026-01-30,MKT_02,Chicken (Whole),155.46,194.33,168.94
2026-01-30,MKT_02,Beef (Rump),382.02,450.58,402.95
2026-01-30,MKT_02,Tilapia,116.07,154.76,137.8
2026-01-30,MKT_02,Bangus,146.19,204.67,180.07
2026-01-30,MKT_02,Tomatoes,59.07,108.3,83.95
2026-01-30,MKT_02,Red Onions,88.67,157.64,107.77
2026-01-30,MKT_02,Garlic,77.2,125.44,100.75
2026-01-30,MKT_02,Cabbage,39.15,68.52,48.34
2026-01-30,MKT_02,Potatoes,67.73,106.43,99.23
2026-01-30,MKT_02,Whole Fish (Galunggong),176.08,234.78,203.03
2026-01-30,MKT_03,Carrots,19.81,22.78,21.74
2026-01-30,MKT_03,Pork,308.25,339.07,331.92
2026-01-30,MKT_03,Rice (Sinandomeng),48.59,60.73,58.69
2026-01-30,MKT_03,Chicken (Whole),160.95,201.18,194.41
2026-01-30,MKT_03,Beef (Rump),378.72,446.7,445.49
2026-01-30,MKT_03,Tilapia,119.5,159.33,127.58
2026-01-30,MKT_03,Bangus,151.9,212.66,181.65
2026-01-30,MKT_03,Tomatoes,59.95,109.91,84.11
2026-01-30,MKT_04,Carrots,20.91,24.05,23.2
2026-01-30,MKT_04,Pork,310.28,341.31,323.0
2026-01-30,MKT_04,Rice (Sinandomeng),48.7,60.87,52.87
2026-01-30,MKT_04,Chicken (Whole),166.95,208.69,172.58
2026-01-30,MKT_04,Beef (Rump),396.2,467.31,410.47
2026-01-30,MKT_04,Tilapia,125.83,167.77,146.38
2026-01-30,MKT_04,Bangus,156.66,219.32,196.91
2026-01-30,MKT_04,Tomatoes,61.47,112.69,80.66
2026-01-30,MKT_04,Red Onions,89.75,159.56,135.78
2026-01-30,MKT_04,Garlic,81.86,133.02,91.65
2026-01-30,MKT_04,Cabbage,40.14,70.25,48.75
2026-01-30,MKT_04,Potatoes,70.76,111.2,103.83
2026-01-30,MKT_04,Whole Fish (Galunggong),182.14,242.86,199.7
2026-01-30,MKT_05,Carrots,20.47,23.54,21.75
2026-01-30,MKT_05,Pork,312.99,344.29,337.66
2026-01-30,MKT_05,Rice (Sinandomeng),49.4,61.75,56.22
2026-01-30,MKT_05,Chicken (Whole),165.85,207.31,200.54
2026-01-30,MKT_05,Beef (Rump),402.49,474.73,450.92
2026-01-30,MKT_05,Tilapia,125.67,167.56,135.19
2026-01-30,MKT_05,Bangus,156.92,219.69,172.84
2026-01-30,MKT_05,Tomatoes,62.12,113.89,75.99
2026-01-30,MKT_05,Red Onions,94.32,167.68,149.11
2026-01-30,MKT_05,Garlic,84.67,137.6,93.07
2026-01-31,MKT_01,Carrots,18.57,21.36,19.24
2026-01-31,MKT_01,Pork,285.37,313.91,299.26
2026-01-31,MKT_01,Rice (Sinandomeng),45.41,56.76,48.37
2026-01-31,MKT_01,Chicken (Whole),152.0,190.0,186.11
2026-01-31,MKT_01,Beef (Rump),361.31,426.16,410.37
2026-01-31,MKT_01,Tilapia,111.38,148.51,117.46
2026-01-31,MKT_01,Bangus,137.82,192.95,170.63
2026-01-31,MKT_01,Tomatoes,57.15,104.78,104.26
2026-01-31,MKT_01,Red Onions,85.69,152.34,140.52
2026-01-31,MKT_01,Garlic,78.47,127.51,87.17
2026-01-31,MKT_02,Carrots,19.64,22.59,21.34
2026-01-31,MKT_02,Pork,284.41,312.85,309.9
2026-01-31,MKT_02,Rice (Sinandomeng),47.41,59.26,48.46
2026-01-31,MKT_02,Chicken (Whole),166.22,207.78,168.14
2026-01-31,MKT_02,Beef (Rump),370.01,436.42,425.4
2026-01-31,MKT_02,Tilapia,120.7,160.94,127.51
2026-01-31,MKT_02,Bangus,146.9,205.66,161.12
2026-01-31,MKT_02,Tomatoes,58.42,107.1,61.29
2026-01-31,MKT_02,Red Onions,87.43,155.43,128.69
2026-01-31,MKT_02,Garlic,78.8,128.04,92.86
2026-01-31,MKT_02,Cabbage,38.95,68.16,62.06
2026-01-31,MKT_02,Potatoes,67.41,105.94,82.63
2026-01-31,MKT_02,Whole Fish (Galunggong),174.95,233.27,219.75
2026-01-31,MKT_03,Carrots,20.11,23.12,21.09
2026-01-31,MKT_03,Pork,303.08,333.39,330.81
2026-01-31,MKT_03,Rice (Sinandomeng),49.33,61.66,54.22
2026-01-31,MKT_03,Chicken (Whole),160.24,200.29,191.01
2026-01-31,MKT_03,Beef (Rump),397.58,468.94,414.57
2026-01-31,MKT_03,Tilapia,119.65,159.53,157.53
2026-01-31,MKT_03,Bangus,149.86,209.8,189.72
2026-01-31,MKT_03,Tomatoes,59.9,109.81,90.31
2026-01-31,MKT_04,Carrots,20.46,23.53,22.36
2026-01-31,MKT_04,Pork,309.91,340.9,338.82
2026-01-31,MKT_04,Rice (Sinandomeng),48.63,60.79,59.0
2026-01-31,MKT_04,Chicken (Whole),161.07,201.33,172.63
2026-01-31,MKT_04,Beef (Rump),403.39,475.79,472.67
2026-01-31,MKT_04,Tilapia,123.98,165.3,164.4
2026-01-31,MKT_04,Bangus,156.31,218.84,176.0
2026-01-31,MKT_04,Tomatoes,60.66,111.2,83.1
2026-01-31,MKT_04,Red Onions,91.49,162.65,110.31
2026-01-31,MKT_04,Garlic,82.8,134.54,130.77
2026-01-31,MKT_04,Cabbage,40.52,70.91,46.48
2026-01-31,MKT_04,Potatoes,72.07,113.26,75.05
2026-01-31,MKT_04,Whole Fish (Galunggong),183.09,244.11,189.13
2026-01-31,MKT_05,Carrots,20.9,24.03,21.72
2026-01-31,MKT_05,Pork,306.84,337.52,336.07
2026-01-31,MKT_05,Rice (Sinandomeng),49.98,62.48,53.32
2026-01-31,MKT_05,Chicken (Whole),159.22,199.03,178.0
2026-01-31,MKT_05,Beef (Rump),412.66,486.72,468.24
2026-01-31,MKT_05,Tilapia,126.2,168.27,150.43
2026-01-31,MKT_05,Bangus,153.86,215.41,178.73
2026-01-31,MKT_05,Tomatoes,63.97,117.28,110.74
2026-01-31,MKT_05,Red Onions,95.13,169.13,115.46
2026-01-31,MKT_05,Garlic,81.87,133.04,91.93
2026-02-01,MKT_01,Carrots,19.04,21.9,20.34
2026-02-01,MKT_01,Pork,283.25,311.57,306.45
2026-02-01,MKT_01,Rice (Sinandomeng),46.33,57.92,52.46
2026-02-01,MKT_01,Chicken (Whole),152.23,190.29,163.4
2026-02-01,MKT_01,Beef (Rump),363.21,428.41,401.98
2026-02-01,MKT_01,Tilapia,115.08,153.44,131.79
2026-02-01,MKT_01,Bangus,146.05,204.47,166.3
2026-02-01,MKT_01,Tomatoes,57.7,105.77,92.7
2026-02-01,MKT_01,Red Onions,87.13,154.9,142.45
2026-02-01,MKT_01,Garlic,77.04,125.19,104.26
2026-02-01,MKT_02,Carrots,19.82,22.79,21.11
2026-02-01,MKT_02,Pork,295.3,324.83,305.12
2026-02-01,MKT_02,Rice (Sinandomeng),46.95,58.69,53.65
2026-02-01,MKT_02,Chicken (Whole),157.02,196.28,175.27
2026-02-01,MKT_02,Beef (Rump),391.07,461.26,393.81
2026-02-01,MKT_02,Tilapia,118.68,158.25,144.59
2026-02-01,MKT_02,Bangus,144.86,202.8,155.18
2026-02-01,MKT_02,Tomatoes,58.87,107.93,86.67
2026-02-01,MKT_02,Red Onions,88.65,157.6,144.78
2026-02-01,MKT_02,Garlic,78.21,127.1,125.81
2026-02-01,MKT_02,Cabbage,38.06,66.6,39.95
2026-02-01,MKT_02,Potatoes,67.7,106.38,70.19
2026-02-01,MKT_02,Whole Fish (Galunggong),175.28,233.71,188.79
2026-02-01,MKT_03,Carrots,20.57,23.65,22.35
2026-02-01,MKT_03,Pork,302.19,332.41,313.19
2026-02-01,MKT_03,Rice (Sinandomeng),46.89,58.61,56.22
2026-02-01,MKT_03,Chicken (Whole),159.78,199.72,173.94
2026-02-01,MKT_03,Beef (Rump),397.76,469.15,423.78
2026-02-01,MKT_03,Tilapia,118.95,158.6,127.53
2026-02-01,MKT_03,Bangus,152.34,213.27,157.92
2026-02-01,MKT_03,Tomatoes,58.63,107.49,99.38
2026-02-01,MKT_04,Carrots,19.55,22.48,20.48
2026-02-01,MKT_04,Pork,311.4,342.54,336.72
2026-02-01,MKT_04,Rice (Sinandomeng),48.63,60.78,53.42
2026-02-01,MKT_04,Chicken (Whole),158.71,198.39,195.28
2026-02-01,MKT_04,Beef (Rump),395.53,466.52,404.33
2026-02-01,MKT_04,Tilapia,122.74,163.66,144.46
2026-02-01,MKT_04,Bangus,154.01,215.62,156.49
2026-02-01,MKT_04,Tomatoes,58.96,108.09,67.22
2026-02-01,MKT_04,Red Onions,90.91,161.62,137.17
2026-02-01,MKT_04,Garlic,81.67,132.72,117.94
2026-02-01,MKT_04,Cabbage,41.07,71.87,43.61
2026-02-01,MKT_04,Potatoes,70.39,110.61,94.92
2026-02-01,MKT_04,Whole Fish (Galunggong),183.04,244.06,239.87
2026-02-01,MKT_05,Carrots,20.62,23.72,21.86
2026-02-01,MKT_05,Pork,313.01,344.31,330.2
2026-02-01,MKT_05,Rice (Sinandomeng),50.75,63.44,60.77
2026-02-01,MKT_05,Chicken (Whole),165.59,206.99,190.81
2026-02-01,MKT_05,Beef (Rump),397.58,468.94,405.53
2026-02-01,MKT_05,Tilapia,123.52,164.7,138.28
2026-02-01,MKT_05,Bangus,159.9,223.87,201.84
2026-02-01,MKT_05,Tomatoes,61.63,112.99,65.66
2026-02-01,MKT_05,Red Onions,91.98,163.51,103.54
2026-02-01,MKT_05,Garlic,82.73,134.43,125.17
2026-02-02,MKT_01,Carrots,19.17,22.05,19.99
2026-02-02,MKT_01,Pork,285.62,314.18,310.35
2026-02-02,MKT_01,Rice (Sinandomeng),44.99,56.24,50.64
2026-02-02,MKT_01,Chicken (Whole),154.37,192.96,182.37
2026-02-02,MKT_01,Beef (Rump),375.72,443.15,418.06
2026-02-02,MKT_01,Tilapia,116.45,155.26,132.2
2026-02-02,MKT_01,Bangus,144.46,202.24,183.42
2026-02-02,MKT_01,Tomatoes,59.07,108.29,80.23
2026-02-02,MKT_01,Red Onions,87.45,155.46,97.76
2026-02-02,MKT_01,Garlic,77.46,125.88,117.46
2026-02-02,MKT_02,Carrots,19.96,22.95,21.32
2026-02-02,MKT_02,Pork,294.63,324.09,305.92
2026-02-02,MKT_02,Rice (Sinandomeng),46.91,58.63,56.46
2026-02-02,MKT_02,Chicken (Whole),157.54,196.93,176.62
2026-02-02,MKT_02,Beef (Rump),370.79,437.34,408.85
2026-02-02,MKT_02,Tilapia,117.86,157.14,130.81
2026-02-02,MKT_02,Bangus,146.79,205.5,189.32
2026-02-02,MKT_02,Tomatoes,59.18,108.49,76.39
2026-02-02,MKT_02,Red Onions,89.61,159.3,155.14
2026-02-02,MKT_02,Garlic,79.1,128.54,98.99
2026-02-02,MKT_02,Cabbage,38.78,67.86,67.09
2026-02-02,MKT_02,Potatoes,69.5,109.21,71.0
2026-02-02,MKT_02,Whole Fish (Galunggong),180.85,241.14,222.14
2026-02-02,MKT_03,Carrots,20.32,23.37,21.07
2026-02-02,MKT_03,Pork,294.18,323.6,303.41
2026-02-02,MKT_03,Rice (Sinandomeng),48.41,60.52,54.98
2026-02-02,MKT_03,Chicken (Whole),157.21,196.51,164.26
2026-02-02,MKT_03,Beef (Rump),388.34,458.05,417.57
2026-02-02,MKT_03,Tilapia,120.7,160.93,124.5
2026-02-02,MKT_03,Bangus,150.57,210.79,174.35
2026-02-02,MKT_03,Tomatoes,60.94,111.73,69.56
2026-02-02,MKT_04,Carrots,20.9,24.03,21.9
2026-02-02,MKT_04,Pork,308.21,339.03,336.34
2026-02-02,MKT_04,Rice (Sinandomeng),48.7,60.88,53.89
2026-02-02,MKT_04,Chicken (Whole),158.62,198.27,160.23
2026-02-02,MKT_04,Beef (Rump),405.51,478.3,447.88
2026-02-02,MKT_04,Tilapia,122.24,162.99,146.13
2026-02-02,MKT_04,Bangus,152.92,214.08,177.34
2026-02-02,MKT_04,Tomatoes,61.24,112.27,75.51
2026-02-02,MKT_04,Red Onions,92.4,164.26,143.17
2026-02-02,MKT_04,Garlic,82.17,133.52,101.54
2026-02-02,MKT_04,Cabbage,40.64,71.12,57.35
2026-02-02,MKT_04,Potatoes,71.3,112.04,104.88
2026-02-02,MKT_04,Whole Fish (Galunggong),181.97,242.63,230.54
2026-02-02,MKT_05,Carrots,20.59,23.68,22.8
2026-02-02,MKT_05,Pork,308.8,339.67,337.09
2026-02-02,MKT_05,Rice (Sinandomeng),49.84,62.3,54.21
2026-02-02,MKT_05,Chicken (Whole),164.25,205.31,199.63
2026-02-02,MKT_05,Beef (Rump),388.59,458.34,412.08
2026-02-02,MKT_05,Tilapia,124.13,165.5,140.56
2026-02-02,MKT_05,Bangus,153.22,214.5,188.2
2026-02-02,MKT_05,Tomatoes,62.5,114.58,104.14
2026-02-02,MKT_05,Red Onions,92.78,164.94,103.9
2026-02-02,MKT_05,Garlic,83.75,136.09,98.02
2026-02-03,MKT_01,Carrots,18.85,21.68,20.59
2026-02-03,MKT_01,Pork,280.12,308.13,282.15
2026-02-03,MKT_01,Rice (Sinandomeng),46.01,57.51,53.83
2026-02-03,MKT_01,Chicken (Whole),152.6,190.75,160.29
2026-02-03,MKT_01,Beef (Rump),366.69,432.51,424.63
2026-02-03,MKT_01,Tilapia,116.6,155.46,151.01
2026-02-03,MKT_01,Bangus,141.75,198.44,165.16
2026-02-03,MKT_01,Tomatoes,56.92,104.36,68.59
2026-02-03,MKT_01,Red Onions,87.72,155.94,133.47
2026-02-03,MKT_01,Garlic,77.42,125.81,116.99
2026-02-03,MKT_02,Carrots,19.27,22.16,21.16
2026-02-03,MKT_02,Pork,292.51,321.76,303.19
2026-02-03,MKT_02,Rice (Sinandomeng),46.18,57.72,47.54
2026-02-03,MKT_02,Chicken (Whole),158.94,198.68,197.89
2026-02-03,MKT_02,Beef (Rump),387.42,456.96,447.28
2026-02-03,MKT_02,Tilapia,120.89,161.19,132.76
2026-02-03,MKT_02,Bangus,152.13,212.99,177.24
2026-02-03,MKT_02,Tomatoes,58.24,106.78,79.06
2026-02-03,MKT_02,Red Onions,89.16,158.51,147.8
2026-02-03,MKT_02,Garlic,76.14,123.73,86.03
2026-02-03,MKT_02,Cabbage,39.31,68.79,63.26
2026-02-03,MKT_02,Potatoes,69.05,108.5,90.94
2026-02-03,MKT_02,Whole Fish (Galunggong),173.83,231.77,217.91
2026-02-03,MKT_03,Carrots,19.8,22.77,20.8
2026-02-03,MKT_03,Pork,304.05,334.46,314.09
2026-02-03,MKT_03,Rice (Sinandomeng),48.32,60.41,56.32
2026-02-03,MKT_03,Chicken (Whole),164.0,205.0,191.8
2026-02-03,MKT_03,Beef (Rump),398.91,470.51,440.03
2026-02-03,MKT_03,Tilapia,117.02,156.02,146.73
2026-02-03,MKT_03,Bangus,148.82,208.35,162.56
2026-02-03,MKT_03,Tomatoes,59.05,108.27,89.7
2026-02-03,MKT_04,Carrots,20.63,23.72,22.69
2026-02-03,MKT_04,Pork,307.28,338.0,333.03
2026-02-03,MKT_04,Rice (Sinandomeng),48.25,60.31,49.25
2026-02-03,MKT_04,Chicken (Whole),161.17,201.46,180.47
2026-02-03,MKT_04,Beef (Rump),405.11,477.82,472.22
2026-02-03,MKT_04,Tilapia,121.65,162.2,122.69
2026-02-03,MKT_04,Bangus,148.44,207.82,153.7
2026-02-03,MKT_04,Tomatoes,60.24,110.43,87.7
2026-02-03,MKT_04,Red Onions,94.38,167.79,107.53
2026-02-03,MKT_04,Garlic,82.81,134.56,132.3
2026-02-03,MKT_04,Cabbage,40.05,70.08,42.01
2026-02-03,MKT_04,Potatoes,71.59,112.5,94.6
2026-02-03,MKT_04,Whole Fish (Galunggong),186.13,248.18,217.17
2026-02-03,MKT_05,Carrots,20.3,23.34,22.67
2026-02-03,MKT_05,Pork,316.76,348.44,329.73
2026-02-03,MKT_05,Rice (Sinandomeng),50.24,62.8,54.13
2026-02-03,MKT_05,Chicken (Whole),164.64,205.8,186.24
2026-02-03,MKT_05,Beef (Rump),409.13,482.56,467.01
2026-02-03,MKT_05,Tilapia,125.34,167.12,153.42
2026-02-03,MKT_05,Bangus,156.83,219.56,175.59
2026-02-03,MKT_05,Tomatoes,62.53,114.64,63.09
2026-02-03,MKT_05,Red Onions,92.41,164.29,139.82
2026-02-03,MKT_05,Garlic,82.35,133.81,114.83
2026-02-04,MKT_01,Carrots,19.13,22.0,20.99
2026-02-04,MKT_01,Pork,288.21,317.03,297.71
2026-02-04,MKT_01,Rice (Sinandomeng),46.56,58.2,50.71
2026-02-04,MKT_01,Chicken (Whole),158.26,197.82,163.95
2026-02-04,MKT_01,Beef (Rump),375.75,443.2,383.12
2026-02-04,MKT_01,Tilapia,116.36,155.15,132.05
2026-02-04,MKT_01,Bangus,145.98,204.38,153.27
2026-02-04,MKT_01,Tomatoes,58.25,106.79,58.75
2026-02-04,MKT_01,Red Onions,85.16,151.4,102.26
2026-02-04,MKT_01,Garlic,78.43,127.44,79.55
2026-02-04,MKT_02,Carrots,19.95,22.94,22.36
2026-02-04,MKT_02,Pork,294.6,324.06,311.2
2026-02-04,MKT_02,Rice (Sinandomeng),46.42,58.02,52.74
2026-02-04,MKT_02,Chicken (Whole),156.87,196.09,171.89
2026-02-04,MKT_02,Beef (Rump),373.07,440.03,389.42
2026-02-04,MKT_02,Tilapia,120.31,160.41,124.52
2026-02-04,MKT_02,Bangus,145.59,203.82,156.21
2026-02-04,MKT_02,Tomatoes,58.54,107.32,106.21
2026-02-04,MKT_02,Red Onions,90.12,160.2,150.97
2026-02-04,MKT_02,Garlic,75.41,122.55,121.85
2026-02-04,MKT_02,Cabbage,39.97,69.94,49.94
2026-02-04,MKT_02,Potatoes,68.95,108.36,81.19
2026-02-04,MKT_02,Whole Fish (Galunggong),180.93,241.24,221.89
2026-02-04,MKT_03,Carrots,19.72,22.67,20.83
2026-02-04,MKT_03,Pork,301.52,331.68,305.76
2026-02-04,MKT_03,Rice (Sinandomeng),47.32,59.16,54.09
2026-02-04,MKT_03,Chicken (Whole),162.64,203.3,193.02
2026-02-04,MKT_03,Beef (Rump),396.21,467.32,457.91
2026-02-04,MKT_03,Tilapia,123.17,164.23,148.47
2026-02-04,MKT_03,Bangus,150.0,210.0,161.51
2026-02-04,MKT_03,Tomatoes,61.88,113.44,105.35
2026-02-04,MKT_04,Carrots,20.1,23.11,20.99
2026-02-04,MKT_04,Pork,305.76,336.33,323.58
2026-02-04,MKT_04,Rice (Sinandomeng),48.25,60.32,54.74
2026-02-04,MKT_04,Chicken (Whole),163.67,204.59,185.9
2026-02-04,MKT_04,Beef (Rump),392.51,462.96,409.24
2026-02-04,MKT_04,Tilapia,124.39,165.85,126.57
2026-02-04,MKT_04,Bangus,154.07,215.7,184.77
2026-02-04,MKT_04,Tomatoes,60.22,110.4,75.86
2026-02-04,MKT_04,Red Onions,92.93,165.2,137.16
2026-02-04,MKT_04,Garlic,83.51,135.7,102.69
2026-02-04,MKT_04,Cabbage,41.14,72.0,60.78
2026-02-04,MKT_04,Potatoes,69.97,109.95,97.82
2026-02-04,MKT_04,Whole Fish (Galunggong),183.2,244.26,217.12
2026-02-04,MKT_05,Carrots,21.01,24.16,21.56
2026-02-04,MKT_05,Pork,310.91,342.0,320.91
2026-02-04,MKT_05,Rice (Sinandomeng),49.18,61.48,57.31
2026-02-04,MKT_05,Chicken (Whole),169.35,211.69,186.22
2026-02-04,MKT_05,Beef (Rump),403.94,476.44,433.92
2026-02-04,MKT_05,Tilapia,127.66,170.22,167.01
2026-02-04,MKT_05,Bangus,154.83,216.76,190.95
2026-02-04,MKT_05,Tomatoes,62.09,113.84,111.78
2026-02-04,MKT_05,Red Onions,92.8,164.97,117.45
2026-02-04,MKT_05,Garlic,83.0,134.88,109.24
2026-02-05,MKT_01,Carrots,19.34,22.24,21.74
2026-02-05,MKT_01,Pork,283.59,311.95,296.45
2026-02-05,MKT_01,Rice (Sinandomeng),45.25,56.56,46.94
2026-02-05,MKT_01,Chicken (Whole),149.55,186.94,182.19
2026-02-05,MKT_01,Beef (Rump),363.91,429.22,406.83
2026-02-05,MKT_01,Tilapia,112.76,150.35,129.43
2026-02-05,MKT_01,Bangus,142.82,199.94,188.99
2026-02-05,MKT_01,Tomatoes,57.76,105.89,102.59
2026-02-05,MKT_01,Red Onions,86.94,154.56,97.53
2026-02-05,MKT_01,Garlic,76.96,125.06,99.95
2026-02-05,MKT_02,Carrots,20.04,23.04,21.34
2026-02-05,MKT_02,Pork,302.13,332.35,312.51
2026-02-05,MKT_02,Rice (Sinandomeng),46.84,58.55,49.08
2026-02-05,MKT_02,Chicken (Whole),154.49,193.11,182.62
2026-02-05,MKT_02,Beef (Rump),394.87,465.74,456.29
2026-02-05,MKT_02,Tilapia,119.74,159.66,142.7
2026-02-05,MKT_02,Bangus,149.49,209.28,181.75
2026-02-05,MKT_02,Tomatoes,58.29,106.87,62.56
2026-02-05,MKT_02,Red Onions,89.36,158.87,117.01
2026-02-05,MKT_02,Garlic,78.57,127.67,93.32
2026-02-05,MKT_02,Cabbage,39.16,68.52,51.93
2026-02-05,MKT_02,Potatoes,68.52,107.68,91.75
2026-02-05,MKT_02,Whole Fish (Galunggong),177.77,237.02,226.53
2026-02-05,MKT_03,Carrots,20.45,23.51,21.12
2026-02-05,MKT_03,Pork,310.22,341.24,335.6
2026-02-05,MKT_03,Rice (Sinandomeng),47.71,59.64,56.77
2026-02-05,MKT_03,Chicken (Whole),160.47,200.59,165.83
2026-02-05,MKT_03,Beef (Rump),389.42,459.32,450.22
2026-02-05,MKT_03,Tilapia,120.78,161.05,144.08
2026-02-05,MKT_03,Bangus,144.3,202.02,197.89
2026-02-05,MKT_03,Tomatoes,59.8,109.63,99.84
2026-02-05,MKT_04,Carrots,21.01,24.17,23.56
2026-02-05,MKT_04,Pork,302.96,333.26,316.35
2026-02-05,MKT_04,Rice (Sinandomeng),48.67,60.84,56.36
2026-02-05,MKT_04,Chicken (Whole),161.88,202.35,186.04
2026-02-05,MKT_04,Beef (Rump),396.94,468.19,460.83
2026-02-05,MKT_04,Tilapia,120.07,160.1,137.84
2026-02-05,MKT_04,Bangus,151.8,212.52,155.19
2026-02-05,MKT_04,Tomatoes,61.58,112.9,91.67
2026-02-05,MKT_04,Red Onions,92.36,164.2,117.87
2026-02-05,MKT_04,Garlic,81.9,133.09,123.85
2026-02-05,MKT_04,Cabbage,41.63,72.85,61.21
2026-02-05,MKT_04,Potatoes,71.89,112.97,88.99
2026-02-05,MKT_04,Whole Fish (Galunggong),187.23,249.65,246.57
2026-02-05,MKT_05,Carrots,21.48,24.7,22.47
2026-02-05,MKT_05,Pork,316.0,347.6,335.64
2026-02-05,MKT_05,Rice (Sinandomeng),48.99,61.24,50.16
2026-02-05,MKT_05,Chicken (Whole),167.1,208.88,192.25
2026-02-05,MKT_05,Beef (Rump),406.42,479.37,423.24
2026-02-05,MKT_05,Tilapia,127.66,170.21,155.85
2026-02-05,MKT_05,Bangus,155.75,218.05,166.26
2026-02-05,MKT_05,Tomatoes,61.68,113.07,71.47
2026-02-05,MKT_05,Red Onions,92.96,165.25,97.11
2026-02-05,MKT_05,Garlic,81.69,132.75,102.1
2026-02-06,MKT_01,Carrots,18.32,21.07,19.49
2026-02-06,MKT_01,Pork,297.24,326.96,321.84
2026-02-06,MKT_01,Rice (Sinandomeng),46.09,57.62,47.24
2026-02-06,MKT_01,Chicken (Whole),150.79,188.49,153.9
2026-02-06,MKT_01,Beef (Rump),384.32,453.3,444.51
2026-02-06,MKT_01,Tilapia,118.62,158.15,140.61
2026-02-06,MKT_01,Bangus,144.39,202.15,181.53
2026-02-06,MKT_01,Tomatoes,56.4,103.39,59.0
2026-02-06,MKT_01,Red Onions,85.79,152.51,97.45
2026-02-06,MKT_01,Garlic,76.54,124.37,82.98
2026-02-06,MKT_02,Carrots,19.62,22.56,20.6
2026-02-06,MKT_02,Pork,289.23,318.15,299.73
2026-02-06,MKT_02,Rice (Sinandomeng),47.74,59.68,49.08
2026-02-06,MKT_02,Chicken (Whole),151.75,189.68,152.4
2026-02-06,MKT_02,Beef (Rump),388.95,458.76,417.72
2026-02-06,MKT_02,Tilapia,120.1,160.13,139.71
2026-02-06,MKT_02,Bangus,146.19,204.66,165.96
2026-02-06,MKT_02,Tomatoes,58.74,107.69,67.73
2026-02-06,MKT_02,Red Onions,90.27,160.47,112.59
2026-02-06,MKT_02,Garlic,79.2,128.7,98.77
2026-02-06,MKT_02,Cabbage,39.0,68.26,44.56
2026-02-06,MKT_02,Potatoes,68.38,107.45,99.24
2026-02-06,MKT_02,Whole Fish (Galunggong),177.78,237.04,205.96
2026-02-06,MKT_03,Carrots,20.58,23.67,23.01
2026-02-06,MKT_03,Pork,299.18,329.09,309.8
2026-02-06,MKT_03,Rice (Sinandomeng),47.74,59.68,56.8
2026-02-06,MKT_03,Chicken (Whole),160.11,200.14,169.38
2026-02-06,MKT_03,Beef (Rump),390.3,460.35,418.37
2026-02-06,MKT_03,Tilapia,120.58,160.78,128.17
2026-02-06,MKT_03,Bangus,149.86,209.81,197.47
2026-02-06,MKT_03,Tomatoes,61.1,112.01,82.56
2026-02-06,MKT_04,Carrots,20.14,23.16,21.81
2026-02-06,MKT_04,Pork,307.96,338.75,334.27
2026-02-06,MKT_04,Rice (Sinandomeng),49.3,61.63,50.48
2026-02-06,MKT_04,Chicken (Whole),161.29,201.61,178.14
2026-02-06,MKT_04,Beef (Rump),400.28,472.13,439.65
2026-02-06,MKT_04,Tilapia,123.3,164.41,163.77
2026-02-06,MKT_04,Bangus,147.39,206.35,155.73
2026-02-06,MKT_04,Tomatoes,60.33,110.61,67.38
2026-02-06,MKT_04,Red Onions,94.0,167.11,105.95
2026-02-06,MKT_04,Garlic,80.9,131.47,114.57
2026-02-06,MKT_04,Cabbage,40.1,70.17,54.66
2026-02-06,MKT_04,Potatoes,69.48,109.18,92.96
2026-02-06,MKT_04,Whole Fish (Galunggong),180.76,241.02,215.37
2026-02-06,MKT_05,Carrots,20.77,23.88,22.44
2026-02-06,MKT_05,Pork,306.42,337.07,323.83
2026-02-06,MKT_05,Rice (Sinandomeng),50.41,63.01,51.2
2026-02-06,MKT_05,Chicken (Whole),164.45,205.56,179.18
2026-02-06,MKT_05,Beef (Rump),407.54,480.68,426.88
2026-02-06,MKT_05,Tilapia,127.41,169.88,156.73
2026-02-06,MKT_05,Bangus,159.1,222.74,205.64
2026-02-06,MKT_05,Tomatoes,62.68,114.92,94.44
2026-02-06,MKT_05,Red Onions,92.1,163.73,111.06
2026-02-06,MKT_05,Garlic,83.16,135.13,105.02
2026-02-07,MKT_01,Carrots,19.3,22.2,20.35
2026-02-07,MKT_01,Pork,299.3,329.23,299.99
2026-02-07,MKT_01,Rice (Sinandomeng),44.76,55.94,52.74
2026-02-07,MKT_01,Chicken (Whole),153.52,191.9,154.92
2026-02-07,MKT_01,Beef (Rump),378.15,446.02,390.31
2026-02-07,MKT_01,Tilapia,115.42,153.9,133.6
2026-02-07,MKT_01,Bangus,144.52,202.33,176.3
2026-02-07,MKT_01,Tomatoes,56.92,104.35,76.33
2026-02-07,MKT_01,Red Onions,87.69,155.9,101.38
2026-02-07,MKT_01,Garlic,76.86,124.9,78.42
2026-02-07,MKT_02,Carrots,19.67,22.62,21.91
2026-02-07,MKT_02,Pork,298.83,328.72,316.58
2026-02-07,MKT_02,Rice (Sinandomeng),46.83,58.53,55.35
2026-02-07,MKT_02,Chicken (Whole),159.95,199.94,196.05
2026-02-07,MKT_02,Beef (Rump),374.77,442.04,393.08
2026-02-07,MKT_02,Tilapia,118.12,157.49,126.24
2026-02-07,MKT_02,Bangus,145.17,203.23,177.35
2026-02-07,MKT_02,Tomatoes,57.84,106.04,86.09
2026-02-07,MKT_02,Red Onions,90.79,161.41,96.97
2026-02-07,MKT_02,Garlic,76.93,125.02,81.56
2026-02-07,MKT_02,Cabbage,39.24,68.67,45.82
2026-02-07,MKT_02,Potatoes,67.24,105.67,78.34
2026-02-07,MKT_02,Whole Fish (Galunggong),179.75,239.66,181.07
2026-02-07,MKT_03,Carrots,19.88,22.86,21.67
2026-02-07,MKT_03,Pork,304.81,335.29,332.81
2026-02-07,MKT_03,Rice (Sinandomeng),48.43,60.54,49.15
2026-02-07,MKT_03,Chicken (Whole),165.53,206.91,192.8
2026-02-07,MKT_03,Beef (Rump),381.35,449.79,427.65
2026-02-07,MKT_03,Tilapia,118.25,157.66,152.54
2026-02-07,MKT_03,Bangus,152.27,213.17,155.72
2026-02-07,MKT_03,Tomatoes,60.3,110.55,73.42
2026-02-07,MKT_04,Carrots,20.33,23.38,21.28
2026-02-07,MKT_04,Pork,315.22,346.75,323.02
2026-02-07,MKT_04,Rice (Sinandomeng),48.96,61.2,57.98
2026-02-07,MKT_04,Chicken (Whole),161.33,201.66,177.98
2026-02-07,MKT_04,Beef (Rump),404.13,476.67,419.63
2026-02-07,MKT_04,Tilapia,122.46,163.28,160.17
2026-02-07,MKT_04,Bangus,153.25,214.55,172.04
2026-02-07,MKT_04,Tomatoes,61.82,113.34,97.26
2026-02-07,MKT_04,Red Onions,92.79,164.96,162.01
2026-02-07,MKT_04,Garlic,80.42,130.68,114.01
2026-02-07,MKT_04,Cabbage,40.63,71.1,62.62
2026-02-07,MKT_04,Potatoes,69.96,109.93,90.12
2026-02-07,MKT_04,Whole Fish (Galunggong),184.55,246.07,203.94
2026-02-07,MKT_05,Carrots,21.37,24.57,23.51
2026-02-07,MKT_05,Pork,307.73,338.51,315.15
2026-02-07,MKT_05,Rice (Sinandomeng),48.81,61.01,51.53
2026-02-07,MKT_05,Chicken (Whole),164.88,206.1,196.89
2026-02-07,MKT_05,Beef (Rump),404.22,476.77,458.47
2026-02-07,MKT_05,Tilapia,126.14,168.19,163.46
2026-02-07,MKT_05,Bangus,155.24,217.33,214.16
2026-02-07,MKT_05,Tomatoes,62.73,115.01,82.55
2026-02-07,MKT_05,Red Onions,92.93,165.21,128.08
2026-02-07,MKT_05,Garlic,82.98,134.84,89.02
2026-02-08,MKT_01,Carrots,18.96,21.8,20.95
2026-02-08,MKT_01,Pork,282.99,311.29,307.39
2026-02-08,MKT_01,Rice (Sinandomeng),46.64,58.3,56.28
2026-02-08,MKT_01,Chicken (Whole),152.57,190.71,181.47
2026-02-08,MKT_01,Beef (Rump),377.0,444.67,440.5
2026-02-08,MKT_01,Tilapia,113.71,151.62,139.4
2026-02-08,MKT_01,Bangus,144.02,201.62,181.07
2026-02-08,MKT_01,Tomatoes,55.72,102.16,79.42
2026-02-08,MKT_01,Red Onions,85.91,152.74,139.23
2026-02-08,MKT_01,Garlic,75.93,123.38,116.44
2026-02-08,MKT_02,Carrots,19.96,22.95,21.96
2026-02-08,MKT_02,Pork,288.34,317.17,311.44
2026-02-08,MKT_02,Rice (Sinandomeng),46.94,58.67,56.65
2026-02-08,MKT_02,Chicken (Whole),157.61,197.02,163.17
2026-02-08,MKT_02,Beef (Rump),388.22,457.9,435.27
2026-02-08,MKT_02,Tilapia,119.17,158.89,129.44
2026-02-08,MKT_02,Bangus,146.85,205.6,150.45
2026-02-08,MKT_02,Tomatoes,58.87,107.92,93.84
2026-02-08,MKT_02,Red Onions,89.81,159.66,116.71
2026-02-08,MKT_02,Garlic,78.3,127.24,86.87
2026-02-08,MKT_02,Cabbage,39.31,68.79,45.2
2026-02-08,MKT_02,Potatoes,69.89,109.83,98.44
2026-02-08,MKT_02,Whole Fish (Galunggong),183.11,244.15,211.28
2026-02-08,MKT_03,Carrots,20.08,23.09,22.25
2026-02-08,MKT_03,Pork,302.4,332.64,305.98
2026-02-08,MKT_03,Rice (Sinandomeng),48.6,60.76,58.46
2026-02-08,MKT_03,Chicken (Whole),162.92,203.65,177.84
2026-02-08,MKT_03,Beef (Rump),396.19,467.3,458.34
2026-02-08,MKT_03,Tilapia,118.97,158.63,135.23
2026-02-08,MKT_03,Bangus,150.75,211.05,203.81
2026-02-08,MKT_03,Tomatoes,60.96,111.76,74.93
2026-02-08,MKT_04,Carrots,20.84,23.96,21.87
2026-02-08,MKT_04,Pork,305.37,335.91,328.78
2026-02-08,MKT_04,Rice (Sinandomeng),49.18,61.48,54.12
2026-02-08,MKT_04,Chicken (Whole),164.22,205.27,179.5
2026-02-08,MKT_04,Beef (Rump),398.03,469.47,423.69
2026-02-08,MKT_04,Tilapia,122.91,163.87,141.02
2026-02-08,MKT_04,Bangus,148.2,207.48,199.98
2026-02-08,MKT_04,Tomatoes,64.12,117.55,71.87
2026-02-08,MKT_04,Red Onions,94.92,168.74,166.98
2026-02-08,MKT_04,Garlic,81.38,132.25,114.95
2026-02-08,MKT_04,Cabbage,40.74,71.29,58.83
2026-02-08,MKT_04,Potatoes,69.68,109.5,100.66
2026-02-08,MKT_04,Whole Fish (Galunggong),178.78,238.37,190.75
2026-02-08,MKT_05,Carrots,20.95,24.09,22.35
2026-02-08,MKT_05,Pork,316.81,348.5,331.37
2026-02-08,MKT_05,Rice (Sinandomeng),50.54,63.17,57.0
2026-02-08,MKT_05,Chicken (Whole),164.41,205.52,177.78
2026-02-08,MKT_05,Beef (Rump),410.24,483.87,435.8
2026-02-08,MKT_05,Tilapia,124.58,166.11,127.3
2026-02-08,MKT_05,Bangus,155.17,217.23,169.08
2026-02-08,MKT_05,Tomatoes,61.19,112.18,61.7
2026-02-08,MKT_05,Red Onions,92.64,164.68,101.69
2026-02-08,MKT_05,Garlic,83.83,136.22,87.8
2026-02-09,MKT_01,Carrots,19.3,22.19,20.61
2026-02-09,MKT_01,Pork,288.76,317.63,292.58
2026-02-09,MKT_01,Rice (Sinandomeng),44.51,55.64,48.81
2026-02-09,MKT_01,Chicken (Whole),154.03,192.54,177.84
2026-02-09,MKT_01,Beef (Rump),370.97,437.56,373.8
2026-02-09,MKT_01,Tilapia,115.79,154.39,153.68
2026-02-09,MKT_01,Bangus,146.82,205.55,167.02
2026-02-09,MKT_01,Tomatoes,57.2,104.86,78.43
2026-02-09,MKT_01,Red Onions,86.54,153.85,144.16
2026-02-09,MKT_01,Garlic,79.25,128.78,121.78
2026-02-09,MKT_02,Carrots,19.68,22.64,21.13
2026-02-09,MKT_02,Pork,293.9,323.29,322.42
2026-02-09,MKT_02,Rice (Sinandomeng),46.45,58.07,52.67
2026-02-09,MKT_02,Chicken (Whole),158.78,198.47,197.67
2026-02-09,MKT_02,Beef (Rump),376.49,444.07,377.45
2026-02-09,MKT_02,Tilapia,119.95,159.93,136.18
2026-02-09,MKT_02,Bangus,148.5,207.89,168.7
2026-02-09,MKT_02,Tomatoes,58.3,106.89,98.18
2026-02-09,MKT_02,Red Onions,87.14,154.92,92.19
2026-02-09,MKT_02,Garlic,77.49,125.92,86.87
2026-02-09,MKT_02,Cabbage,38.14,66.74,50.16
2026-02-09,MKT_02,Potatoes,69.1,108.58,84.1
2026-02-09,MKT_02,Whole Fish (Galunggong),170.8,227.73,177.27
2026-02-09,MKT_03,Carrots,19.97,22.97,22.38
2026-02-09,MKT_03,Pork,299.32,329.26,308.45
2026-02-09,MKT_03,Rice (Sinandomeng),47.76,59.71,51.77
2026-02-09,MKT_03,Chicken (Whole),161.11,201.39,166.42
2026-02-09,MKT_03,Beef (Rump),386.78,456.2,430.72
2026-02-09,MKT_03,Tilapia,120.33,160.43,123.87
2026-02-09,MKT_03,Bangus,152.93,214.11,210.93
2026-02-09,MKT_03,Tomatoes,60.53,110.97,69.38
2026-02-09,MKT_04,Carrots,20.28,23.32,22.52
2026-02-09,MKT_04,Pork,306.04,336.64,329.32
2026-02-09,MKT_04,Rice (Sinandomeng),48.73,60.91,59.68
2026-02-09,MKT_04,Chicken (Whole),162.81,203.51,174.59
2026-02-09,MKT_04,Beef (Rump),399.04,470.66,419.95
2026-02-09,MKT_04,Tilapia,119.9,159.87,141.62
2026-02-09,MKT_04,Bangus,149.4,209.16,159.29
2026-02-09,MKT_04,Tomatoes,60.4,110.73,76.21
2026-02-09,MKT_04,Red Onions,92.49,164.43,128.7
2026-02-09,MKT_04,Garlic,82.39,133.88,115.48
2026-02-09,MKT_04,Cabbage,41.29,72.25,46.46
2026-02-09,MKT_04,Potatoes,70.5,110.79,85.83
2026-02-09,MKT_04,Whole Fish (Galunggong),183.86,245.15,209.29
2026-02-09,MKT_05,Carrots,20.69,23.79,21.57
2026-02-09,MKT_05,Pork,311.44,342.59,323.77
2026-02-09,MKT_05,Rice (Sinandomeng),49.63,62.04,61.33
2026-02-09,MKT_05,Chicken (Whole),167.05,208.81,183.1
2026-02-09,MKT_05,Beef (Rump),401.68,473.78,446.81
2026-02-09,MKT_05,Tilapia,126.91,169.21,135.34
2026-02-09,MKT_05,Bangus,158.66,222.12,163.47
2026-02-09,MKT_05,Tomatoes,62.83,115.19,80.52
2026-02-09,MKT_05,Red Onions,95.0,168.89,121.45
2026-02-09,MKT_05,Garlic,81.49,132.43,89.41
2026-02-10,MKT_01,Carrots,19.57,22.51,20.81
2026-02-10,MKT_01,Pork,289.71,318.68,293.91
2026-02-10,MKT_01,Rice (Sinandomeng),45.64,57.05,49.26
2026-02-10,MKT_01,Chicken (Whole),151.9,189.87,176.16
2026-02-10,MKT_01,Beef (Rump),383.81,452.7,408.92
2026-02-10,MKT_01,Tilapia,116.69,155.59,148.42
2026-02-10,MKT_01,Bangus,143.66,201.13,189.39
2026-02-10,MKT_01,Tomatoes,56.31,103.24,65.08
2026-02-10,MKT_01,Red Onions,88.15,156.71,90.36
2026-02-10,MKT_01,Garlic,75.47,122.64,107.83
2026-02-10,MKT_02,Carrots,19.49,22.41,21.16
2026-02-10,MKT_02,Pork,293.32,322.65,300.64
2026-02-10,MKT_02,Rice (Sinandomeng),46.52,58.15,48.58
2026-02-10,MKT_02,Chicken (Whole),156.33,195.41,168.18
2026-02-10,MKT_02,Beef (Rump),382.16,450.75,390.99
2026-02-10,MKT_02,Tilapia,117.21,156.28,129.42
2026-02-10,MKT_02,Bangus,147.72,206.81,199.6
2026-02-10,MKT_02,Tomatoes,60.29,110.53,88.07
2026-02-10,MKT_02,Red Onions,86.32,153.46,97.81
2026-02-10,MKT_02,Garlic,78.59,127.71,123.19
2026-02-10,MKT_02,Cabbage,38.54,67.45,60.25
2026-02-10,MKT_02,Potatoes,67.05,105.36,80.19
2026-02-10,MKT_02,Whole Fish (Galunggong),178.97,238.62,182.38
2026-02-10,MKT_03,Carrots,20.07,23.08,21.09
2026-02-10,MKT_03,Pork,293.1,322.41,314.66
2026-02-10,MKT_03,Rice (Sinandomeng),47.86,59.82,58.43
2026-02-10,MKT_03,Chicken (Whole),155.57,194.47,192.51
2026-02-10,MKT_03,Beef (Rump),384.79,453.86,415.57
2026-02-10,MKT_03,Tilapia,116.05,154.73,150.82
2026-02-10,MKT_03,Bangus,149.64,209.49,183.62
2026-02-10,MKT_03,Tomatoes,60.62,111.14,78.05
2026-02-10,MKT_04,Carrots,20.57,23.66,21.98
2026-02-10,MKT_04,Pork,304.23,334.65,328.09
2026-02-10,MKT_04,Rice (Sinandomeng),49.68,62.1,60.93
2026-02-10,MKT_04,Chicken (Whole),166.54,208.18,199.76
2026-02-10,MKT_04,Beef (Rump),401.96,474.1,462.58
2026-02-10,MKT_04,Tilapia,121.4,161.87,137.76
2026-02-10,MKT_04,Bangus,152.71,213.79,193.69
2026-02-10,MKT_04,Tomatoes,62.65,114.86,81.43
2026-02-10,MKT_04,Red Onions,91.37,162.43,136.34
2026-02-10,MKT_04,Garlic,82.3,133.74,110.32
2026-02-10,MKT_04,Cabbage,40.36,70.63,46.83
2026-02-10,MKT_04,Potatoes,72.46,113.87,92.46
2026-02-10,MKT_04,Whole Fish (Galunggong),181.32,241.76,194.66
2026-02-10,MKT_05,Carrots,20.77,23.89,22.28
2026-02-10,MKT_05,Pork,314.47,345.91,342.3
2026-02-10,MKT_05,Rice (Sinandomeng),51.26,64.07,54.74
2026-02-10,MKT_05,Chicken (Whole),166.94,208.67,185.64
2026-02-10,MKT_05,Beef (Rump),404.06,476.59,404.63
2026-02-10,MKT_05,Tilapia,124.19,165.59,126.28
2026-02-10,MKT_05,Bangus,158.16,221.42,192.94
2026-02-10,MKT_05,Tomatoes,62.82,115.16,71.18
2026-02-10,MKT_05,Red Onions,94.51,168.01,148.03
2026-02-10,MKT_05,Garlic,85.03,138.18,125.67
2026-02-11,MKT_01,Carrots,19.22,22.1,20.36
2026-02-11,MKT_01,Pork,289.75,318.72,308.39
2026-02-11,MKT_01,Rice (Sinandomeng),45.83,57.29,54.86
2026-02-11,MKT_01,Chicken (Whole),151.75,189.68,174.31
2026-02-11,MKT_01,Beef (Rump),370.91,437.48,427.44
2026-02-11,MKT_01,Tilapia,110.9,147.86,123.63
2026-02-11,MKT_01,Bangus,145.21,203.29,156.09
2026-02-11,MKT_01,Tomatoes,57.99,106.31,78.85
2026-02-11,MKT_01,Red Onions,87.1,154.84,123.33
2026-02-11,MKT_01,Garlic,75.8,123.17,105.76
2026-02-11,MKT_02,Carrots,19.43,22.34,20.01
2026-02-11,MKT_02,Pork,291.25,320.37,300.81
2026-02-11,MKT_02,Rice (Sinandomeng),47.84,59.81,55.66
2026-02-11,MKT_02,Chicken (Whole),157.25,196.56,174.43
2026-02-11,MKT_02,Beef (Rump),382.49,451.14,400.5
2026-02-11,MKT_02,Tilapia,118.98,158.65,121.52
2026-02-11,MKT_02,Bangus,145.63,203.88,163.46
2026-02-11,MKT_02,Tomatoes,59.13,108.4,85.33
2026-02-11,MKT_02,Red Onions,90.92,161.64,103.01
2026-02-11,MKT_02,Garlic,79.95,129.92,99.05
2026-02-11,MKT_02,Cabbage,39.41,68.96,60.68
2026-02-11,MKT_02,Potatoes,68.69,107.94,104.48
2026-02-11,MKT_02,Whole Fish (Galunggong),177.77,237.02,189.46
2026-02-11,MKT_03,Carrots,20.43,23.5,22.31
2026-02-11,MKT_03,Pork,306.13,336.74,321.13
2026-02-11,MKT_03,Rice (Sinandomeng),49.18,61.48,55.65
2026-02-11,MKT_03,Chicken (Whole),160.58,200.73,168.81
2026-02-11,MKT_03,Beef (Rump),377.82,445.63,432.11
2026-02-11,MKT_03,Tilapia,123.46,164.62,141.54
2026-02-11,MKT_03,Bangus,148.26,207.56,164.89
2026-02-11,MKT_03,Tomatoes,58.22,106.74,103.05
2026-02-11,MKT_04,Carrots,20.63,23.72,23.06
2026-02-11,MKT_04,Pork,296.71,326.38,318.34
2026-02-11,MKT_04,Rice (Sinandomeng),48.98,61.23,49.89
2026-02-11,MKT_04,Chicken (Whole),158.21,197.77,194.21
2026-02-11,MKT_04,Beef (Rump),395.93,466.99,397.27
2026-02-11,MKT_04,Tilapia,125.36,167.14,145.64
2026-02-11,MKT_04,Bangus,153.81,215.34,159.48
2026-02-11,MKT_04,Tomatoes,61.22,112.23,92.44
2026-02-11,MKT_04,Red Onions,92.44,164.33,109.71
2026-02-11,MKT_04,Garlic,78.35,127.33,82.44
2026-02-11,MKT_04,Cabbage,40.42,70.74,44.03
2026-02-11,MKT_04,Potatoes,70.89,111.39,79.09
2026-02-11,MKT_04,Whole Fish (Galunggong),185.31,247.08,216.49
2026-02-11,MKT_05,Carrots,20.5,23.58,21.08
2026-02-11,MKT_05,Pork,312.89,344.18,314.99
2026-02-11,MKT_05,Rice (Sinandomeng),49.86,62.33,60.04
2026-02-11,MKT_05,Chicken (Whole),165.01,206.26,176.07
2026-02-11,MKT_05,Beef (Rump),402.57,474.83,435.07
2026-02-11,MKT_05,Tilapia,124.64,166.19,148.56
2026-02-11,MKT_05,Bangus,151.83,212.57,171.18
2026-02-11,MKT_05,Tomatoes,63.11,115.69,69.11
2026-02-11,MKT_05,Red Onions,92.55,164.53,147.46
2026-02-11,MKT_05,Garlic,82.89,134.69,132.48
2026-02-12,MKT_01,Carrots,19.68,22.63,20.74
2026-02-12,MKT_01,Pork,291.61,320.77,309.87
2026-02-12,MKT_01,Rice (Sinandomeng),45.25,56.56,53.56
2026-02-12,MKT_01,Chicken (Whole),146.79,183.48,157.35
2026-02-12,MKT_01,Beef (Rump),377.42,445.17,381.67
2026-02-12,MKT_01,Tilapia,114.8,153.07,133.4
2026-02-12,MKT_01,Bangus,144.46,202.24,175.98
2026-02-12,MKT_01,Tomatoes,58.29,106.86,70.67
2026-02-12,MKT_01,Red Onions,87.66,155.84,125.73
2026-02-12,MKT_01,Garlic,76.3,123.99,100.83
2026-02-12,MKT_02,Carrots,19.57,22.5,21.23
2026-02-12,MKT_02,Pork,295.77,325.35,298.55
2026-02-12,MKT_02,Rice (Sinandomeng),47.37,59.21,54.11
2026-02-12,MKT_02,Chicken (Whole),157.27,196.58,162.6
2026-02-12,MKT_02,Beef (Rump),390.75,460.89,419.35
2026-02-12,MKT_02,Tilapia,118.41,157.88,152.76
2026-02-12,MKT_02,Bangus,148.69,208.16,185.65
2026-02-12,MKT_02,Tomatoes,59.05,108.26,65.88
2026-02-12,MKT_02,Red Onions,86.86,154.42,147.85
2026-02-12,MKT_02,Garlic,77.64,126.17,114.28
2026-02-12,MKT_02,Cabbage,38.49,67.35,44.12
2026-02-12,MKT_02,Potatoes,69.71,109.54,99.58
2026-02-12,MKT_02,Whole Fish (Galunggong),172.25,229.66,207.53
2026-02-12,MKT_03,Carrots,19.96,22.95,20.54
2026-02-12,MKT_03,Pork,298.37,328.2,303.14
2026-02-12,MKT_03,Rice (Sinandomeng),46.55,58.19,57.53
2026-02-12,MKT_03,Chicken (Whole),159.07,198.83,167.46
2026-02-12,MKT_03,Beef (Rump),388.21,457.89,441.53
2026-02-12,MKT_03,Tilapia,123.02,164.03,124.36
2026-02-12,MKT_03,Bangus,145.7,203.98,148.17
2026-02-12,MKT_03,Tomatoes,61.18,112.16,105.92
2026-02-12,MKT_04,Carrots,20.33,23.38,21.01
2026-02-12,MKT_04,Pork,309.87,340.85,322.0
2026-02-12,MKT_04,Rice (Sinandomeng),49.02,61.27,58.85
2026-02-12,MKT_04,Chicken (Whole),160.56,200.7,197.78
2026-02-12,MKT_04,Beef (Rump),406.11,479.0,426.42
2026-02-12,MKT_04,Tilapia,124.62,166.16,156.15
2026-02-12,MKT_04,Bangus,150.68,210.95,206.27
2026-02-12,MKT_04,Tomatoes,61.74,113.18,99.49
2026-02-12,MKT_04,Red Onions,91.0,161.78,95.95
2026-02-12,MKT_04,Garlic,79.8,129.67,95.18
2026-02-12,MKT_04,Cabbage,40.33,70.58,69.58
2026-02-12,MKT_04,Potatoes,72.82,114.43,112.98
2026-02-12,MKT_04,Whole Fish (Galunggong),185.99,247.99,209.5
2026-02-12,MKT_05,Carrots,20.71,23.82,23.04
2026-02-12,MKT_05,Pork,318.1,349.92,324.17
2026-02-12,MKT_05,Rice (Sinandomeng),50.75,63.43,55.85
2026-02-12,MKT_05,Chicken (Whole),164.53,205.67,189.44
2026-02-12,MKT_05,Beef (Rump),415.13,489.64,432.41
2026-02-12,MKT_05,Tilapia,124.13,165.51,126.99
2026-02-12,MKT_05,Bangus,155.45,217.64,166.23
2026-02-12,MKT_05,Tomatoes,60.7,111.28,78.79
2026-02-12,MKT_05,Red Onions,92.78,164.94,134.79
2026-02-12,MKT_05,Garlic,83.04,134.93,128.54
2026-02-13,MKT_01,Carrots,19.29,22.19,21.05
2026-02-13,MKT_01,Pork,283.07,311.38,295.02
2026-02-13,MKT_01,Rice (Sinandomeng),45.55,56.94,51.29
2026-02-13,MKT_01,Chicken (Whole),157.57,196.97,158.35
2026-02-13,MKT_01,Beef (Rump),380.66,448.99,383.75
2026-02-13,MKT_01,Tilapia,117.49,156.65,132.04
2026-02-13,MKT_01,Bangus,143.87,201.42,172.76
2026-02-13,MKT_01,Tomatoes,57.9,106.16,101.4
2026-02-13,MKT_01,Red Onions,87.24,155.09,141.07
2026-02-13,MKT_01,Garlic,78.77,127.99,120.95
2026-02-13,MKT_02,Carrots,19.14,22.02,20.37
2026-02-13,MKT_02,Pork,282.16,310.38,308.97
2026-02-13,MKT_02,Rice (Sinandomeng),46.67,58.34,56.38
2026-02-13,MKT_02,Chicken (Whole),157.38,196.73,176.31
2026-02-13,MKT_02,Beef (Rump),382.7,451.39,411.44
2026-02-13,MKT_02,Tilapia,116.26,155.01,149.9
2026-02-13,MKT_02,Bangus,148.18,207.46,181.18
2026-02-13,MKT_02,Tomatoes,58.37,107.01,61.47
2026-02-13,MKT_02,Red Onions,88.22,156.83,108.39
2026-02-13,MKT_02,Garlic,78.98,128.34,102.18
2026-02-13,MKT_02,Cabbage,38.94,68.15,44.88
2026-02-13,MKT_02,Potatoes,69.43,109.11,74.92
2026-02-13,MKT_02,Whole Fish (Galunggong),179.06,238.75,207.24
2026-02-13,MKT_03,Carrots,19.79,22.75,20.74
2026-02-13,MKT_03,Pork,297.82,327.6,325.37
2026-02-13,MKT_03,Rice (Sinandomeng),47.3,59.13,51.51
2026-02-13,MKT_03,Chicken (Whole),159.98,199.97,167.47
2026-02-13,MKT_03,Beef (Rump),391.8,462.12,454.07
2026-02-13,MKT_03,Tilapia,123.26,164.35,163.2
2026-02-13,MKT_03,Bangus,149.23,208.92,152.67
2026-02-13,MKT_03,Tomatoes,60.25,110.46,74.62
2026-02-13,MKT_04,Carrots,20.25,23.28,21.12
2026-02-13,MKT_04,Pork,303.85,334.23,318.09
2026-02-13,MKT_04,Rice (Sinandomeng),49.22,61.52,56.57
2026-02-13,MKT_04,Chicken (Whole),162.2,202.75,193.69
2026-02-13,MKT_04,Beef (Rump),397.43,468.76,398.67
2026-02-13,MKT_04,Tilapia,123.11,164.15,140.94
2026-02-13,MKT_04,Bangus,153.59,215.03,186.46
2026-02-13,MKT_04,Tomatoes,59.05,108.26,102.33
2026-02-13,MKT_04,Red Onions,91.13,162.01,154.1
2026-02-13,MKT_04,Garlic,82.92,134.74,130.53
2026-02-13,MKT_04,Cabbage,39.86,69.76,68.16
2026-02-13,MKT_04,Potatoes,68.24,107.24,79.33
2026-02-13,MKT_04,Whole Fish (Galunggong),185.14,246.86,243.86
2026-02-13,MKT_05,Carrots,20.87,24.0,21.97
2026-02-13,MKT_05,Pork,307.09,337.8,315.88
2026-02-13,MKT_05,Rice (Sinandomeng),50.0,62.5,51.45
2026-02-13,MKT_05,Chicken (Whole),164.9,206.12,171.61
2026-02-13,MKT_05,Beef (Rump),408.49,481.81,427.71
2026-02-13,MKT_05,Tilapia,119.66,159.55,132.47
2026-02-13,MKT_05,Bangus,155.42,217.59,215.04
2026-02-13,MKT_05,Tomatoes,61.92,113.51,110.21
2026-02-13,MKT_05,Red Onions,94.68,168.31,161.24
2026-02-13,MKT_05,Garlic,80.97,131.57,81.78
2026-02-14,MKT_01,Carrots,19.21,22.1,19.74
2026-02-14,MKT_01,Pork,290.51,319.56,298.24
2026-02-14,MKT_01,Rice (Sinandomeng),47.42,59.27,55.87
2026-02-14,MKT_01,Chicken (Whole),152.44,190.55,189.88
2026-02-14,MKT_01,Beef (Rump),376.3,443.84,412.29
2026-02-14,MKT_01,Tilapia,111.95,149.27,127.18
2026-02-14,MKT_01,Bangus,143.99,201.58,178.63
2026-02-14,MKT_01,Tomatoes,58.66,107.54,70.04
2026-02-14,MKT_01,Red Onions,88.92,158.09,124.54
2026-02-14,MKT_01,Garlic,77.3,125.62,124.66
2026-02-14,MKT_02,Carrots,19.13,22.0,21.07
2026-02-14,MKT_02,Pork,300.1,330.11,305.55
2026-02-14,MKT_02,Rice (Sinandomeng),45.91,57.39,50.94
2026-02-14,MKT_02,Chicken (Whole),153.97,192.46,183.78
2026-02-14,MKT_02,Beef (Rump),390.7,460.83,431.05
2026-02-14,MKT_02,Tilapia,117.46,156.61,131.01
2026-02-14,MKT_02,Bangus,145.67,203.94,159.02
2026-02-14,MKT_02,Tomatoes,59.43,108.95,84.41
2026-02-14,MKT_02,Red Onions,88.42,157.19,119.11
2026-02-14,MKT_02,Garlic,81.04,131.68,129.54
2026-02-14,MKT_02,Cabbage,39.85,69.73,44.38
2026-02-14,MKT_02,Potatoes,68.82,108.15,91.14
2026-02-14,MKT_02,Whole Fish (Galunggong),177.03,236.04,219.18
2026-02-14,MKT_03,Carrots,20.31,23.36,21.57
2026-02-14,MKT_03,Pork,299.59,329.55,311.51
2026-02-14,MKT_03,Rice (Sinandomeng),47.36,59.2,57.26
2026-02-14,MKT_03,Chicken (Whole),161.82,202.28,200.46
2026-02-14,MKT_03,Beef (Rump),388.29,457.99,419.25
2026-02-14,MKT_03,Tilapia,120.52,160.7,147.97
2026-02-14,MKT_03,Bangus,145.51,203.71,161.65
2026-02-14,MKT_03,Tomatoes,59.88,109.78,77.66
2026-02-14,MKT_04,Carrots,20.24,23.28,21.38
2026-02-14,MKT_04,Pork,296.9,326.59,302.92
2026-02-14,MKT_04,Rice (Sinandomeng),48.89,61.11,52.86
2026-02-14,MKT_04,Chicken (Whole),163.04,203.8,181.22
2026-02-14,MKT_04,Beef (Rump),399.93,471.71,441.24
2026-02-14,MKT_04,Tilapia,124.49,165.98,149.58
2026-02-14,MKT_04,Bangus,155.19,217.27,161.1
2026-02-14,MKT_04,Tomatoes,60.79,111.44,90.89
2026-02-14,MKT_04,Red Onions,92.05,163.65,144.76
2026-02-14,MKT_04,Garlic,82.21,133.59,84.24
2026-02-14,MKT_04,Cabbage,40.54,70.95,65.86
2026-02-14,MKT_04,Potatoes,69.84,109.75,75.55
2026-02-14,MKT_04,Whole Fish (Galunggong),183.04,244.05,240.75
2026-02-14,MKT_05,Carrots,21.16,24.34,22.85
2026-02-14,MKT_05,Pork,305.13,335.64,309.34
2026-02-14,MKT_05,Rice (Sinandomeng),49.21,61.51,52.12
2026-02-14,MKT_05,Chicken (Whole),164.5,205.62,181.5
2026-02-14,MKT_05,Beef (Rump),399.9,471.68,426.35
2026-02-14,MKT_05,Tilapia,126.07,168.09,142.61
2026-02-14,MKT_05,Bangus,154.58,216.42,159.22
2026-02-14,MKT_05,Tomatoes,63.06,115.61,79.9
2026-02-14,MKT_05,Red Onions,93.66,166.51,150.04
2026-02-14,MKT_05,Garlic,81.11,131.8,124.26
2026-02-15,MKT_01,Carrots,19.08,21.94,20.86
2026-02-15,MKT_01,Pork,292.53,321.78,301.87
2026-02-15,MKT_01,Rice (Sinandomeng),46.19,57.74,46.79
2026-02-15,MKT_01,Chicken (Whole),152.79,190.99,168.51
2026-02-15,MKT_01,Beef (Rump),381.54,450.02,433.75
2026-02-15,MKT_01,Tilapia,113.26,151.02,124.94
2026-02-15,MKT_01,Bangus,142.66,199.72,168.18
2026-02-15,MKT_01,Tomatoes,58.41,107.09,93.57
2026-02-15,MKT_01,Red Onions,87.32,155.24,128.62
2026-02-15,MKT_01,Garlic,75.42,122.55,118.13
2026-02-15,MKT_02,Carrots,19.74,22.7,21.35
2026-02-15,MKT_02,Pork,291.09,320.2,299.31
2026-02-15,MKT_02,Rice (Sinandomeng),45.55,56.94,52.07
2026-02-15,MKT_02,Chicken (Whole),156.04,195.05,190.33
2026-02-15,MKT_02,Beef (Rump),393.6,464.24,430.23
2026-02-15,MKT_02,Tilapia,119.45,159.26,121.94
2026-02-15,MKT_02,Bangus,146.89,205.65,165.31
2026-02-15,MKT_02,Tomatoes,57.38,105.19,66.39
2026-02-15,MKT_02,Red Onions,85.45,151.91,102.85
2026-02-15,MKT_02,Garlic,78.46,127.49,101.25
2026-02-15,MKT_02,Cabbage,39.44,69.02,42.98
2026-02-15,MKT_02,Potatoes,69.35,108.98,99.82
2026-02-15,MKT_02,Whole Fish (Galunggong),178.0,237.33,185.15
2026-02-15,MKT_03,Carrots,20.2,23.23,22.01
2026-02-15,MKT_03,Pork,301.24,331.37,320.57
2026-02-15,MKT_03,Rice (Sinandomeng),48.86,61.08,54.5
2026-02-15,MKT_03,Chicken (Whole),158.74,198.42,183.96
2026-02-15,MKT_03,Beef (Rump),390.19,460.22,396.31
2026-02-15,MKT_03,Tilapia,116.86,155.82,138.06
2026-02-15,MKT_03,Bangus,148.77,208.28,157.08
2026-02-15,MKT_03,Tomatoes,60.9,111.64,69.53
2026-02-15,MKT_04,Carrots,20.59,23.68,21.31
2026-02-15,MKT_04,Pork,295.33,324.86,298.87
2026-02-15,MKT_04,Rice (Sinandomeng),50.43,63.04,58.47
2026-02-15,MKT_04,Chicken (Whole),163.58,204.47,189.05
2026-02-15,MKT_04,Beef (Rump),398.83,470.42,404.64
2026-02-15,MKT_04,Tilapia,121.31,161.74,132.06
2026-02-15,MKT_04,Bangus,152.09,212.93,175.63
2026-02-15,MKT_04,Tomatoes,61.33,112.44,103.67
2026-02-15,MKT_04,Red Onions,92.59,164.6,143.53
2026-02-15,MKT_04,Garlic,81.99,133.23,96.31
2026-02-15,MKT_04,Cabbage,40.48,70.84,59.74
2026-02-15,MKT_04,Potatoes,70.45,110.71,107.49
2026-02-15,MKT_04,Whole Fish (Galunggong),181.0,241.33,182.96
2026-02-15,MKT_05,Carrots,21.12,24.29,23.43
2026-02-15,MKT_05,Pork,316.24,347.87,346.59
2026-02-15,MKT_05,Rice (Sinandomeng),50.27,62.84,58.26
2026-02-15,MKT_05,Chicken (Whole),168.97,211.22,174.76
2026-02-15,MKT_05,Beef (Rump),404.87,477.54,408.23
2026-02-15,MKT_05,Tilapia,126.32,168.43,141.71
2026-02-15,MKT_05,Bangus,157.22,220.1,186.14
2026-02-15,MKT_05,Tomatoes,63.19,115.85,66.54
2026-02-15,MKT_05,Red Onions,92.17,163.86,158.31
2026-02-15,MKT_05,Garlic,80.2,130.33,112.2
2026-02-16,MKT_01,Carrots,19.28,22.17,19.9
2026-02-16,MKT_01,Pork,279.23,307.15,305.91
2026-02-16,MKT_01,Rice (Sinandomeng),45.83,57.28,50.04
2026-02-16,MKT_01,Chicken (Whole),148.28,185.34,173.39
2026-02-16,MKT_01,Beef (Rump),381.74,450.26,400.35
2026-02-16,MKT_01,Tilapia,116.9,155.87,129.39
2026-02-16,MKT_01,Bangus,144.79,202.7,147.55
2026-02-16,MKT_01,Tomatoes,56.84,104.21,85.05
2026-02-16,MKT_01,Red Onions,84.0,149.33,89.45
2026-02-16,MKT_01,Garlic,74.12,120.45,105.03
2026-02-16,MKT_02,Carrots,19.43,22.35,20.74
2026-02-16,MKT_02,Pork,297.13,326.84,321.71
2026-02-16,MKT_02,Rice (Sinandomeng),46.79,58.49,53.18
2026-02-16,MKT_02,Chicken (Whole),158.0,197.5,165.91
2026-02-16,MKT_02,Beef (Rump),385.43,454.61,389.25
2026-02-16,MKT_02,Tilapia,118.82,158.43,151.9
2026-02-16,MKT_02,Bangus,142.64,199.7,173.78
2026-02-16,MKT_02,Tomatoes,58.11,106.54,62.94
2026-02-16,MKT_02,Red Onions,88.85,157.95,102.06
2026-02-16,MKT_02,Garlic,80.2,130.32,89.95
2026-02-16,MKT_02,Cabbage,39.89,69.81,40.9
2026-02-16,MKT_02,Potatoes,68.91,108.29,71.29
2026-02-16,MKT_02,Whole Fish (Galunggong),179.82,239.76,199.58
2026-02-16,MKT_03,Carrots,20.09,23.1,21.29
2026-02-16,MKT_03,Pork,293.02,322.32,294.27
2026-02-16,MKT_03,Rice (Sinandomeng),48.48,60.6,57.16
2026-02-16,MKT_03,Chicken (Whole),162.85,203.57,192.81
2026-02-16,MKT_03,Beef (Rump),400.82,472.76,449.22
2026-02-16,MKT_03,Tilapia,118.96,158.61,124.33
2026-02-16,MKT_03,Bangus,147.4,206.36,155.43
2026-02-16,MKT_03,Tomatoes,60.77,111.4,109.05
2026-02-16,MKT_04,Carrots,20.53,23.6,22.33
2026-02-16,MKT_04,Pork,307.45,338.2,326.34
2026-02-16,MKT_04,Rice (Sinandomeng),49.88,62.36,59.35
2026-02-16,MKT_04,Chicken (Whole),165.23,206.54,168.0
2026-02-16,MKT_04,Beef (Rump),400.81,472.75,454.34
2026-02-16,MKT_04,Tilapia,121.57,162.09,147.38
2026-02-16,MKT_04,Bangus,154.7,216.58,174.33
2026-02-16,MKT_04,Tomatoes,60.12,110.23,95.6
2026-02-16,MKT_04,Red Onions,92.19,163.89,105.13
2026-02-16,MKT_04,Garlic,81.56,132.53,127.77
2026-02-16,MKT_04,Cabbage,39.84,69.73,46.46
2026-02-16,MKT_04,Potatoes,71.84,112.89,92.39
2026-02-16,MKT_04,Whole Fish (Galunggong),182.04,242.72,236.96
2026-02-16,MKT_05,Carrots,20.92,24.06,21.92
2026-02-16,MKT_05,Pork,307.69,338.46,312.86
2026-02-16,MKT_05,Rice (Sinandomeng),50.54,63.17,59.82
2026-02-16,MKT_05,Chicken (Whole),170.43,213.03,183.8
2026-02-16,MKT_05,Beef (Rump),392.91,463.43,461.82
2026-02-16,MKT_05,Tilapia,122.65,163.53,134.8
2026-02-16,MKT_05,Bangus,153.84,215.38,188.52
2026-02-16,MKT_05,Tomatoes,61.18,112.17,74.29
2026-02-16,MKT_05,Red Onions,93.31,165.89,157.93
2026-02-16,MKT_05,Garlic,83.66,135.94,89.47
2026-02-17,MKT_01,Carrots,19.41,22.32,20.23
2026-02-17,MKT_01,Pork,289.2,318.11,316.73
2026-02-17,MKT_01,Rice (Sinandomeng),46.55,58.19,54.25
2026-02-17,MKT_01,Chicken (Whole),153.43,191.79,165.2
2026-02-17,MKT_01,Beef (Rump),370.95,437.54,377.55
2026-02-17,MKT_01,Tilapia,113.52,151.35,119.32
2026-02-17,MKT_01,Bangus,143.6,201.04,189.0
2026-02-17,MKT_01,Tomatoes,56.78,104.09,63.83
2026-02-17,MKT_01,Red Onions,86.87,154.44,100.5
2026-02-17,MKT_01,Garlic,75.72,123.05,80.74
2026-02-17,MKT_02,Carrots,19.45,22.37,21.21
2026-02-17,MKT_02,Pork,298.83,328.72,314.85
2026-02-17,MKT_02,Rice (Sinandomeng),47.89,59.86,55.29
2026-02-17,MKT_02,Chicken (Whole),159.55,199.43,170.4
2026-02-17,MKT_02,Beef (Rump),381.89,450.43,442.57
2026-02-17,MKT_02,Tilapia,116.61,155.48,138.68
2026-02-17,MKT_02,Bangus,148.13,207.38,187.91
2026-02-17,MKT_02,Tomatoes,58.01,106.35,104.9
2026-02-17,MKT_02,Red Onions,89.2,158.58,97.02
2026-02-17,MKT_02,Garlic,77.63,126.16,115.24
2026-02-17,MKT_02,Cabbage,39.07,68.37,57.42
2026-02-17,MKT_02,Potatoes,69.4,109.06,86.53
2026-02-17,MKT_02,Whole Fish (Galunggong),171.48,228.64,214.78
2026-02-17,MKT_03,Carrots,19.82,22.79,22.16
2026-02-17,MKT_03,Pork,301.67,331.83,309.54
2026-02-17,MKT_03,Rice (Sinandomeng),48.42,60.53,49.67
2026-02-17,MKT_03,Chicken (Whole),160.99,201.23,186.34
2026-02-17,MKT_03,Beef (Rump),388.65,458.41,438.73
2026-02-17,MKT_03,Tilapia,121.57,162.09,123.18
2026-02-17,MKT_03,Bangus,147.83,206.96,170.15
2026-02-17,MKT_03,Tomatoes,59.09,108.34,99.3
2026-02-17,MKT_04,Carrots,20.51,23.58,21.5
2026-02-17,MKT_04,Pork,301.18,331.3,319.04
2026-02-17,MKT_04,Rice (Sinandomeng),50.2,62.75,51.94
2026-02-17,MKT_04,Chicken (Whole),165.1,206.38,205.85
2026-02-17,MKT_04,Beef (Rump),394.46,465.26,409.72
2026-02-17,MKT_04,Tilapia,123.93,165.25,163.36
2026-02-17,MKT_04,Bangus,150.23,210.33,204.85
2026-02-17,MKT_04,Tomatoes,62.51,114.6,69.95
2026-02-17,MKT_04,Red Onions,91.82,163.23,161.14
2026-02-17,MKT_04,Garlic,80.88,131.44,94.85
2026-02-17,MKT_04,Cabbage,40.62,71.09,65.17
2026-02-17,MKT_04,Potatoes,70.61,110.96,84.58
2026-02-17,MKT_04,Whole Fish (Galunggong),183.0,244.0,242.38
2026-02-17,MKT_05,Carrots,20.45,23.51,21.29
2026-02-17,MKT_05,Pork,320.19,352.21,351.28
2026-02-17,MKT_05,Rice (Sinandomeng),49.51,61.89,50.81
2026-02-17,MKT_05,Chicken (Whole),168.4,210.49,171.23
2026-02-17,MKT_05,Beef (Rump),406.83,479.85,474.22
2026-02-17,MKT_05,Tilapia,123.03,164.04,143.4
2026-02-17,MKT_05,Bangus,155.58,217.81,199.47
2026-02-17,MKT_05,Tomatoes,63.47,116.37,101.95
2026-02-17,MKT_05,Red Onions,92.98,165.3,138.93
2026-02-17,MKT_05,Garlic,81.9,133.09,85.95
2026-02-18,MKT_01,Carrots,19.36,22.27,21.76
2026-02-18,MKT_01,Pork,278.23,306.05,291.46
2026-02-18,MKT_01,Rice (Sinandomeng),45.88,57.35,54.72
2026-02-18,MKT_01,Chicken (Whole),156.7,195.87,179.93
2026-02-18,MKT_01,Beef (Rump),373.14,440.11,413.51
2026-02-18,MKT_01,Tilapia,116.89,155.85,141.31
2026-02-18,MKT_01,Bangus,141.54,198.16,147.24
2026-02-18,MKT_01,Tomatoes,57.37,105.18,58.65
2026-02-18,MKT_01,Red Onions,85.93,152.77,100.36
2026-02-18,MKT_01,Garlic,77.39,125.75,112.75
2026-02-18,MKT_02,Carrots,19.62,22.56,20.44
2026-02-18,MKT_02,Pork,284.91,313.4,311.79
2026-02-18,MKT_02,Rice (Sinandomeng),48.08,60.1,50.17
2026-02-18,MKT_02,Chicken (Whole),155.57,194.46,156.4
2026-02-18,MKT_02,Beef (Rump),382.53,451.19,413.84
2026-02-18,MKT_02,Tilapia,117.04,156.06,137.23
2026-02-18,MKT_02,Bangus,146.96,205.75,188.96
2026-02-18,MKT_02,Tomatoes,58.7,107.63,80.42
2026-02-18,MKT_02,Red Onions,87.0,154.67,141.71
2026-02-18,MKT_02,Garlic,79.33,128.91,108.42
2026-02-18,MKT_02,Cabbage,38.8,67.9,56.95
2026-02-18,MKT_02,Potatoes,67.83,106.59,99.67
2026-02-18,MKT_02,Whole Fish (Galunggong),172.23,229.64,221.64
2026-02-18,MKT_03,Carrots,19.84,22.81,21.66
2026-02-18,MKT_03,Pork,296.94,326.64,303.3
2026-02-18,MKT_03,Rice (Sinandomeng),45.9,57.38,52.97
2026-02-18,MKT_03,Chicken (Whole),155.16,193.95,177.04
2026-02-18,MKT_03,Beef (Rump),373.43,440.46,434.46
2026-02-18,MKT_03,Tilapia,119.59,159.46,148.03
2026-02-18,MKT_03,Bangus,153.13,214.38,188.95
2026-02-18,MKT_03,Tomatoes,58.75,107.7,81.5
2026-02-18,MKT_04,Carrots,20.39,23.45,21.4
2026-02-18,MKT_04,Pork,304.88,335.37,333.46
2026-02-18,MKT_04,Rice (Sinandomeng),49.41,61.76,55.96
2026-02-18,MKT_04,Chicken (Whole),164.89,206.11,170.59
2026-02-18,MKT_04,Beef (Rump),410.41,484.07,438.22
2026-02-18,MKT_04,Tilapia,122.84,163.79,141.19
2026-02-18,MKT_04,Bangus,151.19,211.67,197.96
2026-02-18,MKT_04,Tomatoes,60.69,111.27,81.34
2026-02-18,MKT_04,Red Onions,91.16,162.07,156.44
2026-02-18,MKT_04,Garlic,80.83,131.35,106.95
2026-02-18,MKT_04,Cabbage,41.8,73.15,44.86
2026-02-18,MKT_04,Potatoes,72.08,113.28,76.98
2026-02-18,MKT_04,Whole Fish (Galunggong),179.2,238.93,236.42
2026-02-18,MKT_05,Carrots,20.94,24.09,21.97
2026-02-18,MKT_05,Pork,307.25,337.98,329.08
2026-02-18,MKT_05,Rice (Sinandomeng),50.42,63.02,58.05
2026-02-18,MKT_05,Chicken (Whole),169.05,211.32,206.38
2026-02-18,MKT_05,Beef (Rump),404.25,476.8,422.51
2026-02-18,MKT_05,Tilapia,123.76,165.02,164.04
2026-02-18,MKT_05,Bangus,159.31,223.03,202.76
2026-02-18,MKT_05,Tomatoes,61.77,113.25,72.98
2026-02-18,MKT_05,Red Onions,92.53,164.49,122.2
2026-02-18,MKT_05,Garlic,82.06,133.35,94.34
2026-02-19,MKT_01,Carrots,19.18,22.05,20.31
2026-02-19,MKT_01,Pork,289.09,318.0,289.79
2026-02-19,MKT_01,Rice (Sinandomeng),46.76,58.46,48.83
2026-02-19,MKT_01,Chicken (Whole),154.86,193.58,161.38
2026-02-19,MKT_01,Beef (Rump),377.38,445.12,380.87
2026-02-19,MKT_01,Tilapia,117.49,156.65,141.75
2026-02-19,MKT_01,Bangus,141.77,198.47,185.14
2026-02-19,MKT_01,Tomatoes,56.3,103.22,94.04
2026-02-19,MKT_01,Red Onions,87.18,154.99,114.84
2026-02-19,MKT_01,Garlic,76.65,124.55,113.35
2026-02-19,MKT_02,Carrots,19.89,22.87,22.19
2026-02-19,MKT_02,Pork,293.83,323.21,296.81
2026-02-19,MKT_02,Rice (Sinandomeng),46.6,58.25,55.67
2026-02-19,MKT_02,Chicken (Whole),158.22,197.78,191.5
2026-02-19,MKT_02,Beef (Rump),382.68,451.36,386.55
2026-02-19,MKT_02,Tilapia,117.53,156.71,123.75
2026-02-19,MKT_02,Bangus,152.37,213.32,191.55
2026-02-19,MKT_02,Tomatoes,59.87,109.75,61.2
2026-02-19,MKT_02,Red Onions,89.18,158.53,135.2
2026-02-19,MKT_02,Garlic,78.53,127.62,118.59
2026-02-19,MKT_02,Cabbage,39.22,68.63,52.78
2026-02-19,MKT_02,Potatoes,68.28,107.3,87.75
2026-02-19,MKT_02,Whole Fish (Galunggong),176.97,235.96,206.65
2026-02-19,MKT_03,Carrots,19.85,22.83,21.86
2026-02-19,MKT_03,Pork,294.65,324.11,313.6
2026-02-19,MKT_03,Rice (Sinandomeng),47.96,59.96,50.36
2026-02-19,MKT_03,Chicken (Whole),160.7,200.87,167.36
2026-02-19,MKT_03,Beef (Rump),395.6,466.61,463.47
2026-02-19,MKT_03,Tilapia,118.58,158.1,143.23
2026-02-19,MKT_03,Bangus,150.08,210.11,165.53
2026-02-19,MKT_03,Tomatoes,60.47,110.86,109.32
2026-02-19,MKT_04,Carrots,20.55,23.63,22.09
2026-02-19,MKT_04,Pork,313.22,344.54,317.74
2026-02-19,MKT_04,Rice (Sinandomeng),48.75,60.94,55.37
2026-02-19,MKT_04,Chicken (Whole),161.12,201.4,178.04
2026-02-19,MKT_04,Beef (Rump),398.37,469.87,459.03
2026-02-19,MKT_04,Tilapia,121.98,162.63,157.16
2026-02-19,MKT_04,Bangus,152.08,212.92,160.29
2026-02-19,MKT_04,Tomatoes,60.72,111.32,92.13
2026-02-19,MKT_04,Red Onions,92.2,163.91,117.88
2026-02-19,MKT_04,Garlic,80.8,131.3,112.94
2026-02-19,MKT_04,Cabbage,41.23,72.16,48.78
2026-02-19,MKT_04,Potatoes,72.11,113.31,77.71
2026-02-19,MKT_04,Whole Fish (Galunggong),184.64,246.18,237.6
2026-02-19,MKT_05,Carrots,20.5,23.58,21.89
2026-02-19,MKT_05,Pork,313.12,344.44,318.5
2026-02-19,MKT_05,Rice (Sinandomeng),50.66,63.33,52.39
2026-02-19,MKT_05,Chicken (Whole),168.31,210.39,189.6
2026-02-19,MKT_05,Beef (Rump),409.38,482.85,448.7
2026-02-19,MKT_05,Tilapia,124.83,166.45,141.34
2026-02-19,MKT_05,Bangus,155.95,218.32,185.41
2026-02-19,MKT_05,Tomatoes,63.48,116.38,89.43
2026-02-19,MKT_05,Red Onions,93.98,167.07,123.57
2026-02-19,MKT_05,Garlic,83.55,135.77,101.12
2026-02-20,MKT_01,Carrots,20.03,23.03,21.01
2026-02-20,MKT_01,Pork,286.62,315.29,309.09
2026-02-20,MKT_01,Rice (Sinandomeng),44.57,55.72,46.15
2026-02-20,MKT_01,Chicken (Whole),153.19,191.49,162.6
2026-02-20,MKT_01,Beef (Rump),373.73,440.81,385.39
2026-02-20,MKT_01,Tilapia,115.68,154.23,133.48
2026-02-20,MKT_01,Bangus,145.09,203.13,177.06
2026-02-20,MKT_01,Tomatoes,55.85,102.38,72.58
2026-02-20,MKT_01,Red Onions,87.08,154.82,112.76
2026-02-20,MKT_01,Garlic,76.73,124.69,89.36
2026-02-20,MKT_02,Carrots,19.52,22.45,21.49
2026-02-20,MKT_02,Pork,286.82,315.5,293.02
2026-02-20,MKT_02,Rice (Sinandomeng),48.07,60.08,52.3
2026-02-20,MKT_02,Chicken (Whole),155.79,194.74,177.68
2026-02-20,MKT_02,Beef (Rump),386.06,455.35,390.13
2026-02-20,MKT_02,Tilapia,116.15,154.87,148.81
2026-02-20,MKT_02,Bangus,147.69,206.77,168.66
2026-02-20,MKT_02,Tomatoes,58.58,107.39,93.63
2026-02-20,MKT_02,Red Onions,89.05,158.31,98.19
2026-02-20,MKT_02,Garlic,78.06,126.85,87.09
2026-02-20,MKT_02,Cabbage,38.69,67.71,44.68
2026-02-20,MKT_02,Potatoes,68.59,107.78,105.13
2026-02-20,MKT_02,Whole Fish (Galunggong),176.23,234.97,230.04
2026-02-20,MKT_03,Carrots,20.07,23.08,21.67
2026-02-20,MKT_03,Pork,304.16,334.57,324.04
2026-02-20,MKT_03,Rice (Sinandomeng),47.24,59.05,58.43
2026-02-20,MKT_03,Chicken (Whole),162.09,202.61,164.65
2026-02-20,MKT_03,Beef (Rump),383.06,451.81,391.26
2026-02-20,MKT_03,Tilapia,121.06,161.41,141.62
2026-02-20,MKT_03,Bangus,151.39,211.95,169.76
2026-02-20,MKT_03,Tomatoes,59.58,109.23,78.37
2026-02-20,MKT_04,Carrots,20.17,23.2,22.21
2026-02-20,MKT_04,Pork,302.37,332.61,303.4
2026-02-20,MKT_04,Rice (Sinandomeng),49.01,61.27,50.66
2026-02-20,MKT_04,Chicken (Whole),164.85,206.06,190.98
2026-02-20,MKT_04,Beef (Rump),396.97,468.22,453.8
2026-02-20,MKT_04,Tilapia,118.48,157.97,123.15
2026-02-20,MKT_04,Bangus,151.81,212.53,204.62
2026-02-20,MKT_04,Tomatoes,60.69,111.27,86.59
2026-02-20,MKT_04,Red Onions,92.45,164.35,127.5
2026-02-20,MKT_04,Garlic,82.24,133.64,111.96
2026-02-20,MKT_04,Cabbage,40.89,71.56,57.42
2026-02-20,MKT_04,Potatoes,72.31,113.64,78.3
2026-02-20,MKT_04,Whole Fish (Galunggong),186.16,248.22,237.71
2026-02-20,MKT_05,Carrots,20.66,23.76,21.68
2026-02-20,MKT_05,Pork,308.28,339.11,319.89
2026-02-20,MKT_05,Rice (Sinandomeng),49.87,62.33,55.04
2026-02-20,MKT_05,Chicken (Whole),162.36,202.95,201.92
2026-02-20,MKT_05,Beef (Rump),406.46,479.41,410.88
2026-02-20,MKT_05,Tilapia,123.86,165.15,158.06
2026-02-20,MKT_05,Bangus,162.92,228.09,199.46
2026-02-20,MKT_05,Tomatoes,63.62,116.64,73.01
2026-02-20,MKT_05,Red Onions,92.78,164.94,135.51
2026-02-20,MKT_05,Garlic,81.98,133.22,93.04
2026-02-21,MKT_01,Carrots,19.0,21.84,19.75
2026-02-21,MKT_01,Pork,292.36,321.59,296.97
2026-02-21,MKT_01,Rice (Sinandomeng),46.8,58.49,55.67
2026-02-21,MKT_01,Chicken (Whole),156.9,196.12,193.23
2026-02-21,MKT_01,Beef (Rump),369.41,435.72,385.81
2026-02-21,MKT_01,Tilapia,116.06,154.74,148.29
2026-02-21,MKT_01,Bangus,142.26,199.17,194.2
2026-02-21,MKT_01,Tomatoes,59.05,108.26,90.9
2026-02-21,MKT_01,Red Onions,85.29,151.63,112.07
2026-02-21,MKT_01,Garlic,75.34,122.42,78.2
2026-02-21,MKT_02,Carrots,19.28,22.17,20.54
2026-02-21,MKT_02,Pork,293.96,323.35,304.42
2026-02-21,MKT_02,Rice (Sinandomeng),47.52,59.4,49.69
2026-02-21,MKT_02,Chicken (Whole),158.25,197.81,172.88
2026-02-21,MKT_02,Beef (Rump),376.19,443.71,429.8
2026-02-21,MKT_02,Tilapia,116.93,155.9,144.28
2026-02-21,MKT_02,Bangus,145.88,204.24,152.45
2026-02-21,MKT_02,Tomatoes,57.76,105.9,87.87
2026-02-21,MKT_02,Red Onions,87.5,155.56,126.8
2026-02-21,MKT_02,Garlic,79.99,129.98,125.14
2026-02-21,MKT_02,Cabbage,38.44,67.26,49.48
2026-02-21,MKT_02,Potatoes,68.82,108.15,101.64
2026-02-21,MKT_02,Whole Fish (Galunggong),180.05,240.06,231.7
2026-02-21,MKT_03,Carrots,20.39,23.45,22.73
2026-02-21,MKT_03,Pork,307.49,338.24,330.51
2026-02-21,MKT_03,Rice (Sinandomeng),48.22,60.27,55.42
2026-02-21,MKT_03,Chicken (Whole),161.07,201.34,189.85
2026-02-21,MKT_03,Beef (Rump),387.07,456.54,393.47
2026-02-21,MKT_03,Tilapia,117.68,156.9,131.08
2026-02-21,MKT_03,Bangus,149.68,209.55,151.24
2026-02-21,MKT_03,Tomatoes,60.99,111.81,92.36
2026-02-21,MKT_04,Carrots,19.74,22.7,21.54
2026-02-21,MKT_04,Pork,303.93,334.32,307.97
2026-02-21,MKT_04,Rice (Sinandomeng),49.35,61.69,59.51
2026-02-21,MKT_04,Chicken (Whole),163.21,204.01,202.77
2026-02-21,MKT_04,Beef (Rump),405.0,477.69,412.48
2026-02-21,MKT_04,Tilapia,124.17,165.56,138.81
2026-02-21,MKT_04,Bangus,149.85,209.79,205.07
2026-02-21,MKT_04,Tomatoes,61.27,112.34,91.35
2026-02-21,MKT_04,Red Onions,90.82,161.45,136.77
2026-02-21,MKT_04,Garlic,80.71,131.16,122.93
2026-02-21,MKT_04,Cabbage,40.0,70.0,46.15
2026-02-21,MKT_04,Potatoes,71.65,112.6,102.6
2026-02-21,MKT_04,Whole Fish (Galunggong),186.98,249.31,231.25
2026-02-21,MKT_05,Carrots,20.9,24.03,23.25
2026-02-21,MKT_05,Pork,305.75,336.32,319.03
2026-02-21,MKT_05,Rice (Sinandomeng),49.88,62.35,52.02
2026-02-21,MKT_05,Chicken (Whole),167.61,209.51,184.04
2026-02-21,MKT_05,Beef (Rump),404.88,477.55,467.6
2026-02-21,MKT_05,Tilapia,125.36,167.14,161.8
2026-02-21,MKT_05,Bangus,154.52,216.33,199.08
2026-02-21,MKT_05,Tomatoes,62.19,114.01,78.52
2026-02-21,MKT_05,Red Onions,93.2,165.69,128.39
2026-02-21,MKT_05,Garlic,84.94,138.03,125.96
2026-02-22,MKT_01,Carrots,18.9,21.73,20.09
2026-02-22,MKT_01,Pork,278.61,306.47,288.98
2026-02-22,MKT_01,Rice (Sinandomeng),47.07,58.84,51.47
2026-02-22,MKT_01,Chicken (Whole),153.88,192.35,174.02
2026-02-22,MKT_01,Beef (Rump),367.39,433.33,385.91
2026-02-22,MKT_01,Tilapia,116.8,155.73,152.7
2026-02-22,MKT_01,Bangus,145.27,203.38,182.76
2026-02-22,MKT_01,Tomatoes,59.07,108.3,60.98
2026-02-22,MKT_01,Red Onions,86.66,154.06,123.4
2026-02-22,MKT_01,Garlic,79.67,129.46,97.71
2026-02-22,MKT_02,Carrots,19.57,22.5,20.97
2026-02-22,MKT_02,Pork,296.55,326.21,298.56
2026-02-22,MKT_02,Rice (Sinandomeng),47.55,59.44,50.7
2026-02-22,MKT_02,Chicken (Whole),164.27,205.34,194.61
2026-02-22,MKT_02,Beef (Rump),379.72,447.88,411.16
2026-02-22,MKT_02,Tilapia,116.78,155.71,128.14
2026-02-22,MKT_02,Bangus,148.65,208.11,187.21
2026-02-22,MKT_02,Tomatoes,57.65,105.7,96.94
2026-02-22,MKT_02,Red Onions,87.21,155.04,106.0
2026-02-22,MKT_02,Garlic,78.23,127.12,125.66
2026-02-22,MKT_02,Cabbage,40.16,70.28,40.87
2026-02-22,MKT_02,Potatoes,69.37,109.01,89.89
2026-02-22,MKT_02,Whole Fish (Galunggong),176.61,235.48,230.4
2026-02-22,MKT_03,Carrots,19.85,22.82,22.26
2026-02-22,MKT_03,Pork,290.53,319.58,317.54
2026-02-22,MKT_03,Rice (Sinandomeng),49.47,61.84,57.63
2026-02-22,MKT_03,Chicken (Whole),159.86,199.83,169.72
2026-02-22,MKT_03,Beef (Rump),385.7,454.93,418.25
2026-02-22,MKT_03,Tilapia,124.1,165.47,139.0
2026-02-22,MKT_03,Bangus,147.22,206.11,157.23
2026-02-22,MKT_03,Tomatoes,61.16,112.13,94.84
2026-02-22,MKT_04,Carrots,20.4,23.47,21.6
2026-02-22,MKT_04,Pork,309.29,340.22,338.76
2026-02-22,MKT_04,Rice (Sinandomeng),49.35,61.68,59.93
2026-02-22,MKT_04,Chicken (Whole),164.92,206.15,166.54
2026-02-22,MKT_04,Beef (Rump),411.81,485.72,430.29
2026-02-22,MKT_04,Tilapia,126.33,168.44,149.74
2026-02-22,MKT_04,Bangus,151.45,212.04,196.2
2026-02-22,MKT_04,Tomatoes,61.65,113.02,66.59
2026-02-22,MKT_04,Red Onions,89.52,159.14,118.41
2026-02-22,MKT_04,Garlic,82.59,134.21,133.24
2026-02-22,MKT_04,Cabbage,41.44,72.52,50.3
2026-02-22,MKT_04,Potatoes,69.22,108.78,86.71
2026-02-22,MKT_04,Whole Fish (Galunggong),183.54,244.72,235.61
2026-02-22,MKT_05,Carrots,21.02,24.17,21.96
2026-02-22,MKT_05,Pork,313.58,344.94,340.6
2026-02-22,MKT_05,Rice (Sinandomeng),49.04,61.31,55.31
2026-02-22,MKT_05,Chicken (Whole),163.71,204.64,201.77
2026-02-22,MKT_05,Beef (Rump),404.79,477.44,466.66
2026-02-22,MKT_05,Tilapia,124.04,165.38,140.52
2026-02-22,MKT_05,Bangus,155.25,217.34,179.3
2026-02-22,MKT_05,Tomatoes,61.19,112.19,107.46
2026-02-22,MKT_05,Red Onions,93.64,166.48,165.14
2026-02-22,MKT_05,Garlic,85.13,138.33,109.92
2026-02-23,MKT_01,Carrots,18.85,21.67,21.07
2026-02-23,MKT_01,Pork,287.01,315.71,308.75
2026-02-23,MKT_01,Rice (Sinandomeng),46.52,58.15,54.69
2026-02-23,MKT_01,Chicken (Whole),149.87,187.33,184.69
2026-02-23,MKT_01,Beef (Rump),374.64,441.88,426.45
2026-02-23,MKT_01,Tilapia,117.07,156.09,138.94
2026-02-23,MKT_01,Bangus,141.76,198.47,149.29
2026-02-23,MKT_01,Tomatoes,57.72,105.82,83.16
2026-02-23,MKT_01,Red Onions,87.69,155.9,153.3
2026-02-23,MKT_01,Garlic,79.59,129.33,103.69
2026-02-23,MKT_02,Carrots,19.63,22.57,21.76
2026-02-23,MKT_02,Pork,290.79,319.87,319.28
2026-02-23,MKT_02,Rice (Sinandomeng),45.73,57.16,55.69
2026-02-23,MKT_02,Chicken (Whole),155.11,193.88,162.83
2026-02-23,MKT_02,Beef (Rump),374.06,441.2,377.28
2026-02-23,MKT_02,Tilapia,120.67,160.89,134.79
2026-02-23,MKT_02,Bangus,149.0,208.6,205.1
2026-02-23,MKT_02,Tomatoes,57.79,105.95,70.93
2026-02-23,MKT_02,Red Onions,87.16,154.96,150.05
2026-02-23,MKT_02,Garlic,78.48,127.53,115.8
2026-02-23,MKT_02,Cabbage,39.82,69.68,59.01
2026-02-23,MKT_02,Potatoes,69.13,108.63,106.93
2026-02-23,MKT_02,Whole Fish (Galunggong),177.48,236.64,208.06
2026-02-23,MKT_03,Carrots,20.06,23.07,20.8
2026-02-23,MKT_03,Pork,295.17,324.69,312.57
2026-02-23,MKT_03,Rice (Sinandomeng),48.06,60.07,53.87
2026-02-23,MKT_03,Chicken (Whole),159.9,199.88,197.45
2026-02-23,MKT_03,Beef (Rump),381.79,450.31,408.19
2026-02-23,MKT_03,Tilapia,123.01,164.02,147.67
2026-02-23,MKT_03,Bangus,148.67,208.14,166.65
2026-02-23,MKT_03,Tomatoes,58.76,107.72,105.59
2026-02-23,MKT_04,Carrots,20.27,23.31,21.04
2026-02-23,MKT_04,Pork,304.84,335.32,311.88
2026-02-23,MKT_04,Rice (Sinandomeng),48.91,61.14,58.17
2026-02-23,MKT_04,Chicken (Whole),162.54,203.18,166.4
2026-02-23,MKT_04,Beef (Rump),397.72,469.1,455.06
2026-02-23,MKT_04,Tilapia,122.67,163.56,157.26
2026-02-23,MKT_04,Bangus,153.22,214.51,194.91
2026-02-23,MKT_04,Tomatoes,61.55,112.85,87.63
2026-02-23,MKT_04,Red Onions,92.41,164.29,109.42
2026-02-23,MKT_04,Garlic,82.18,133.54,132.07
2026-02-23,MKT_04,Cabbage,41.24,72.17,46.4
2026-02-23,MKT_04,Potatoes,70.67,111.06,102.39
2026-02-23,MKT_04,Whole Fish (Galunggong),181.82,242.43,193.46
2026-02-23,MKT_05,Carrots,21.11,24.28,22.81
2026-02-23,MKT_05,Pork,310.17,341.18,337.73
2026-02-23,MKT_05,Rice (Sinandomeng),49.83,62.29,58.0
2026-02-23,MKT_05,Chicken (Whole),165.89,207.37,202.35
2026-02-23,MKT_05,Beef (Rump),418.91,494.1,433.39
2026-02-23,MKT_05,Tilapia,123.27,164.35,156.03
2026-02-23,MKT_05,Bangus,154.04,215.66,188.43
2026-02-23,MKT_05,Tomatoes,62.39,114.38,88.53
2026-02-23,MKT_05,Red Onions,93.35,165.96,117.78
2026-02-23,MKT_05,Garlic,81.84,133.0,108.52
2026-02-24,MKT_01,Carrots,19.17,22.05,21.1
2026-02-24,MKT_01,Pork,288.07,316.88,308.4
2026-02-24,MKT_01,Rice (Sinandomeng),45.72,57.15,54.09
2026-02-24,MKT_01,Chicken (Whole),153.24,191.55,189.38
2026-02-24,MKT_01,Beef (Rump),369.92,436.31,382.44
2026-02-24,MKT_01,Tilapia,113.17,150.89,134.86
2026-02-24,MKT_01,Bangus,143.07,200.29,182.76
2026-02-24,MKT_01,Tomatoes,56.7,103.96,83.11
2026-02-24,MKT_01,Red Onions,84.64,150.48,121.59
2026-02-24,MKT_01,Garlic,74.58,121.19,75.35
2026-02-24,MKT_02,Carrots,19.67,22.62,21.96
2026-02-24,MKT_02,Pork,291.99,321.19,300.12
2026-02-24,MKT_02,Rice (Sinandomeng),47.79,59.74,57.94
2026-02-24,MKT_02,Chicken (Whole),152.11,190.13,187.48
2026-02-24,MKT_02,Beef (Rump),380.04,448.25,425.51
2026-02-24,MKT_02,Tilapia,117.98,157.31,134.21
2026-02-24,MKT_02,Bangus,145.57,203.8,157.0
2026-02-24,MKT_02,Tomatoes,58.76,107.73,97.18
2026-02-24,MKT_02,Red Onions,85.71,152.37,111.42
2026-02-24,MKT_02,Garlic,77.89,126.56,119.12
2026-02-24,MKT_02,Cabbage,38.69,67.71,42.48
2026-02-24,MKT_02,Potatoes,69.57,109.33,79.84
2026-02-24,MKT_02,Whole Fish (Galunggong),176.8,235.74,208.21
2026-02-24,MKT_03,Carrots,20.23,23.27,21.95
2026-02-24,MKT_03,Pork,305.22,335.74,321.17
2026-02-24,MKT_03,Rice (Sinandomeng),47.64,59.54,49.41
2026-02-24,MKT_03,Chicken (Whole),160.26,200.32,197.34
2026-02-24,MKT_03,Beef (Rump),383.69,452.56,405.12
2026-02-24,MKT_03,Tilapia,120.65,160.86,130.87
2026-02-24,MKT_03,Bangus,151.13,211.59,153.79
2026-02-24,MKT_03,Tomatoes,60.26,110.48,70.59
2026-02-24,MKT_04,Carrots,20.25,23.29,21.51
2026-02-24,MKT_04,Pork,314.03,345.43,317.97
2026-02-24,MKT_04,Rice (Sinandomeng),48.97,61.21,54.04
2026-02-24,MKT_04,Chicken (Whole),170.25,212.81,204.76
2026-02-24,MKT_04,Beef (Rump),391.52,461.79,403.91
2026-02-24,MKT_04,Tilapia,123.48,164.64,146.3
2026-02-24,MKT_04,Bangus,155.16,217.22,198.37
2026-02-24,MKT_04,Tomatoes,60.25,110.46,93.51
2026-02-24,MKT_04,Red Onions,91.45,162.58,128.75
2026-02-24,MKT_04,Garlic,79.92,129.87,124.81
2026-02-24,MKT_04,Cabbage,41.52,72.66,59.72
2026-02-24,MKT_04,Potatoes,71.29,112.03,101.85
2026-02-24,MKT_04,Whole Fish (Galunggong),181.33,241.77,229.03
2026-02-24,MKT_05,Carrots,21.09,24.26,22.17
2026-02-24,MKT_05,Pork,311.94,343.13,324.84
2026-02-24,MKT_05,Rice (Sinandomeng),50.51,63.14,52.04
2026-02-24,MKT_05,Chicken (Whole),167.42,209.27,203.26
2026-02-24,MKT_05,Beef (Rump),399.95,471.74,417.39
2026-02-24,MKT_05,Tilapia,123.83,165.11,141.17
2026-02-24,MKT_05,Bangus,154.16,215.82,162.85
2026-02-24,MKT_05,Tomatoes,61.38,112.53,76.73
2026-02-24,MKT_05,Red Onions,91.4,162.5,116.2
2026-02-24,MKT_05,Garlic,85.63,139.14,125.33
2026-02-25,MKT_01,Carrots,19.28,22.17,20.41
2026-02-25,MKT_01,Pork,289.88,318.87,311.22
2026-02-25,MKT_01,Rice (Sinandomeng),46.87,58.58,50.01
2026-02-25,MKT_01,Chicken (Whole),152.29,190.36,155.13
2026-02-25,MKT_01,Beef (Rump),366.59,432.38,403.07
2026-02-25,MKT_01,Tilapia,116.5,155.34,136.96
2026-02-25,MKT_01,Bangus,141.3,197.82,189.79
2026-02-25,MKT_01,Tomatoes,58.23,106.75,73.43
2026-02-25,MKT_01,Red Onions,84.41,150.07,120.05
2026-02-25,MKT_01,Garlic,75.28,122.34,79.13
2026-02-25,MKT_02,Carrots,19.41,22.32,21.2
2026-02-25,MKT_02,Pork,296.97,326.66,320.51
2026-02-25,MKT_02,Rice (Sinandomeng),48.21,60.26,56.02
2026-02-25,MKT_02,Chicken (Whole),157.8,197.25,171.97
2026-02-25,MKT_02,Beef (Rump),378.66,446.62,417.41
2026-02-25,MKT_02,Tilapia,119.24,158.99,148.62
2026-02-25,MKT_02,Bangus,143.63,201.09,170.06
2026-02-25,MKT_02,Tomatoes,57.97,106.28,97.17
2026-02-25,MKT_02,Red Onions,88.31,156.99,133.58
2026-02-25,MKT_02,Garlic,79.31,128.88,123.68
2026-02-25,MKT_02,Cabbage,39.07,68.38,59.64
2026-02-25,MKT_02,Potatoes,68.27,107.28,100.08
2026-02-25,MKT_02,Whole Fish (Galunggong),175.71,234.27,181.35
2026-02-25,MKT_03,Carrots,20.32,23.37,21.72
2026-02-25,MKT_03,Pork,296.58,326.24,319.21
2026-02-25,MKT_03,Rice (Sinandomeng),47.3,59.12,48.62
2026-02-25,MKT_03,Chicken (Whole),159.35,199.18,183.0
2026-02-25,MKT_03,Beef (Rump),397.22,468.51,404.02
2026-02-25,MKT_03,Tilapia,118.82,158.42,156.44
2026-02-25,MKT_03,Bangus,149.41,209.18,197.35
2026-02-25,MKT_03,Tomatoes,58.64,107.51,103.82
2026-02-25,MKT_04,Carrots,20.33,23.38,21.54
2026-02-25,MKT_04,Pork,307.0,337.71,335.54
2026-02-25,MKT_04,Rice (Sinandomeng),48.1,60.12,48.64
2026-02-25,MKT_04,Chicken (Whole),165.8,207.25,185.6
2026-02-25,MKT_04,Beef (Rump),399.03,470.65,469.77
2026-02-25,MKT_04,Tilapia,121.47,161.96,161.18
2026-02-25,MKT_04,Bangus,153.49,214.89,178.63
2026-02-25,MKT_04,Tomatoes,61.63,112.98,77.45
2026-02-25,MKT_04,Red Onions,89.44,159.01,95.87
2026-02-25,MKT_04,Garlic,81.91,133.1,132.56
2026-02-25,MKT_04,Cabbage,41.52,72.65,50.66
2026-02-25,MKT_04,Potatoes,70.59,110.93,77.54
2026-02-25,MKT_04,Whole Fish (Galunggong),182.26,243.01,199.8
2026-02-25,MKT_05,Carrots,20.7,23.8,21.44
2026-02-25,MKT_05,Pork,315.47,347.02,342.55
2026-02-25,MKT_05,Rice (Sinandomeng),49.16,61.45,54.51
2026-02-25,MKT_05,Chicken (Whole),167.43,209.28,179.66
2026-02-25,MKT_05,Beef (Rump),403.67,476.13,474.86
2026-02-25,MKT_05,Tilapia,127.81,170.42,130.59
2026-02-25,MKT_05,Bangus,155.38,217.53,186.65
2026-02-25,MKT_05,Tomatoes,60.42,110.77,76.51
2026-02-25,MKT_05,Red Onions,94.43,167.87,162.93
2026-02-25,MKT_05,Garlic,83.65,135.93,125.44
2026-02-26,MKT_01,Carrots,19.25,22.14,21.31
2026-02-26,MKT_01,Pork,293.23,322.55,302.33
2026-02-26,MKT_01,Rice (Sinandomeng),44.9,56.13,50.18
2026-02-26,MKT_01,Chicken (Whole),151.43,189.29,162.46
2026-02-26,MKT_01,Beef (Rump),374.13,441.28,381.12
2026-02-26,MKT_01,Tilapia,115.41,153.87,135.64
2026-02-26,MKT_01,Bangus,143.57,201.0,168.52
2026-02-26,MKT_01,Tomatoes,56.25,103.13,93.44
2026-02-26,MKT_01,Red Onions,85.74,152.43,108.16
2026-02-26,MKT_01,Garlic,78.71,127.9,94.46
2026-02-26,MKT_02,Carrots,19.27,22.16,20.22
2026-02-26,MKT_02,Pork,293.69,323.06,320.65
2026-02-26,MKT_02,Rice (Sinandomeng),47.35,59.19,53.08
2026-02-26,MKT_02,Chicken (Whole),158.58,198.22,179.19
2026-02-26,MKT_02,Beef (Rump),385.76,455.0,399.72
2026-02-26,MKT_02,Tilapia,116.6,155.46,125.18
2026-02-26,MKT_02,Bangus,144.96,202.94,198.54
2026-02-26,MKT_02,Tomatoes,60.32,110.58,65.2
2026-02-26,MKT_02,Red Onions,89.34,158.82,151.75
2026-02-26,MKT_02,Garlic,78.43,127.45,86.45
2026-02-26,MKT_02,Cabbage,40.01,70.02,45.13
2026-02-26,MKT_02,Potatoes,67.01,105.3,103.61
2026-02-26,MKT_02,Whole Fish (Galunggong),172.81,230.41,207.21
2026-02-26,MKT_03,Carrots,19.35,22.25,19.99
2026-02-26,MKT_03,Pork,300.46,330.51,301.52
2026-02-26,MKT_03,Rice (Sinandomeng),48.11,60.13,52.21
2026-02-26,MKT_03,Chicken (Whole),156.61,195.77,191.82
2026-02-26,MKT_03,Beef (Rump),394.7,465.54,439.47
2026-02-26,MKT_03,Tilapia,116.59,155.46,131.97
2026-02-26,MKT_03,Bangus,150.7,210.98,161.85
2026-02-26,MKT_03,Tomatoes,60.48,110.88,85.83
2026-02-26,MKT_04,Carrots,20.43,23.49,21.1
2026-02-26,MKT_04,Pork,299.11,329.02,324.35
2026-02-26,MKT_04,Rice (Sinandomeng),49.79,62.24,55.27
2026-02-26,MKT_04,Chicken (Whole),161.94,202.42,192.79
2026-02-26,MKT_04,Beef (Rump),394.74,465.59,413.79
2026-02-26,MKT_04,Tilapia,121.12,161.5,134.29
2026-02-26,MKT_04,Bangus,154.45,216.23,183.24
2026-02-26,MKT_04,Tomatoes,60.69,111.26,68.6
2026-02-26,MKT_04,Red Onions,90.21,160.37,125.98
2026-02-26,MKT_04,Garlic,82.71,134.41,130.36
2026-02-26,MKT_04,Cabbage,40.75,71.3,52.58
2026-02-26,MKT_04,Potatoes,72.41,113.79,105.48
2026-02-26,MKT_04,Whole Fish (Galunggong),183.55,244.73,184.27
2026-02-26,MKT_05,Carrots,20.57,23.65,21.55
2026-02-26,MKT_05,Pork,304.02,334.42,310.39
2026-02-26,MKT_05,Rice (Sinandomeng),50.0,62.5,53.52
2026-02-26,MKT_05,Chicken (Whole),165.57,206.96,168.18
2026-02-26,MKT_05,Beef (Rump),409.62,483.15,471.88
2026-02-26,MKT_05,Tilapia,123.7,164.93,143.63
2026-02-26,MKT_05,Bangus,156.77,219.48,169.65
2026-02-26,MKT_05,Tomatoes,62.35,114.3,73.82
2026-02-26,MKT_05,Red Onions,92.45,164.36,119.85
2026-02-26,MKT_05,Garlic,82.55,134.15,129.14
2026-02-27,MKT_01,Carrots,18.8,21.61,20.99
2026-02-27,MKT_01,Pork,295.96,325.55,297.85
2026-02-27,MKT_01,Rice (Sinandomeng),46.31,57.89,53.32
2026-02-27,MKT_01,Chicken (Whole),150.22,187.78,152.17
2026-02-27,MKT_01,Beef (Rump),384.37,453.36,432.33
2026-02-27,MKT_01,Tilapia,113.21,150.94,137.15
2026-02-27,MKT_01,Bangus,142.59,199.62,167.02
2026-02-27,MKT_01,Tomatoes,57.35,105.14,63.87
2026-02-27,MKT_01,Red Onions,86.35,153.51,107.84
2026-02-27,MKT_01,Garlic,77.59,126.09,114.49
2026-02-27,MKT_02,Carrots,19.01,21.86,21.01
2026-02-27,MKT_02,Pork,293.9,323.29,319.02
2026-02-27,MKT_02,Rice (Sinandomeng),46.8,58.51,53.37
2026-02-27,MKT_02,Chicken (Whole),157.1,196.37,186.81
2026-02-27,MKT_02,Beef (Rump),380.02,448.22,439.82
2026-02-27,MKT_02,Tilapia,116.7,155.6,117.96
2026-02-27,MKT_02,Bangus,146.62,205.26,172.87
2026-02-27,MKT_02,Tomatoes,60.27,110.5,61.12
2026-02-27,MKT_02,Red Onions,87.55,155.64,124.33
2026-02-27,MKT_02,Garlic,79.72,129.54,113.29
2026-02-27,MKT_02,Cabbage,39.25,68.69,54.86
2026-02-27,MKT_02,Potatoes,68.64,107.86,84.42
2026-02-27,MKT_02,Whole Fish (Galunggong),176.76,235.68,194.53
2026-02-27,MKT_03,Carrots,20.13,23.15,20.89
2026-02-27,MKT_03,Pork,298.15,327.97,317.68
2026-02-27,MKT_03,Rice (Sinandomeng),48.74,60.92,54.5
2026-02-27,MKT_03,Chicken (Whole),161.03,201.29,163.91
2026-02-27,MKT_03,Beef (Rump),382.54,451.2,411.01
2026-02-27,MKT_03,Tilapia,116.05,154.73,144.76
2026-02-27,MKT_03,Bangus,153.6,215.04,204.14
2026-02-27,MKT_03,Tomatoes,60.15,110.27,106.57
2026-02-27,MKT_04,Carrots,19.99,22.98,22.15
2026-02-27,MKT_04,Pork,303.82,334.21,316.94
2026-02-27,MKT_04,Rice (Sinandomeng),49.57,61.96,55.43
2026-02-27,MKT_04,Chicken (Whole),162.65,203.32,199.98
2026-02-27,MKT_04,Beef (Rump),396.97,468.22,438.2
2026-02-27,MKT_04,Tilapia,123.55,164.73,137.94
2026-02-27,MKT_04,Bangus,153.58,215.02,191.64
2026-02-27,MKT_04,Tomatoes,61.65,113.03,79.82
2026-02-27,MKT_04,Red Onions,92.65,164.7,119.92
2026-02-27,MKT_04,Garlic,80.7,131.15,93.59
2026-02-27,MKT_04,Cabbage,40.4,70.71,64.52
2026-02-27,MKT_04,Potatoes,70.5,110.79,90.81
2026-02-27,MKT_04,Whole Fish (Galunggong),181.95,242.6,234.09
2026-02-27,MKT_05,Carrots,20.75,23.86,22.0
2026-02-27,MKT_05,Pork,311.5,342.66,334.55
2026-02-27,MKT_05,Rice (Sinandomeng),50.87,63.58,62.61
2026-02-27,MKT_05,Chicken (Whole),166.91,208.63,199.69
2026-02-27,MKT_05,Beef (Rump),404.66,477.29,408.03
2026-02-27,MKT_05,Tilapia,129.3,172.4,171.24
2026-02-27,MKT_05,Bangus,153.62,215.07,194.42
2026-02-27,MKT_05,Tomatoes,62.08,113.82,77.0
2026-02-27,MKT_05,Red Onions,95.88,170.45,129.17
2026-02-27,MKT_05,Garlic,85.2,138.46,129.4
2026-02-28,MKT_01,Carrots,19.09,21.95,20.59
2026-02-28,MKT_01,Pork,280.48,308.53,298.93
2026-02-28,MKT_01,Rice (Sinandomeng),45.73,57.16,52.97
2026-02-28,MKT_01,Chicken (Whole),156.79,195.98,163.04
2026-02-28,MKT_01,Beef (Rump),373.39,440.41,422.05
2026-02-28,MKT_01,Tilapia,116.35,155.13,117.62
2026-02-28,MKT_01,Bangus,143.86,201.4,194.02
2026-02-28,MKT_01,Tomatoes,56.29,103.21,81.0
2026-02-28,MKT_01,Red Onions,86.36,153.53,119.31
2026-02-28,MKT_01,Garlic,77.73,126.31,83.93
2026-02-28,MKT_02,Carrots,19.41,22.32,21.63
2026-02-28,MKT_02,Pork,297.36,327.1,324.04
2026-02-28,MKT_02,Rice (Sinandomeng),47.06,58.83,54.85
2026-02-28,MKT_02,Chicken (Whole),158.46,198.07,189.02
2026-02-28,MKT_02,Beef (Rump),383.8,452.68,386.63
2026-02-28,MKT_02,Tilapia,115.8,154.4,135.01
2026-02-28,MKT_02,Bangus,146.23,204.72,167.72
2026-02-28,MKT_02,Tomatoes,58.46,107.18,79.6
2026-02-28,MKT_02,Red Onions,87.3,155.2,121.5
2026-02-28,MKT_02,Garlic,78.63,127.78,87.92
2026-02-28,MKT_02,Cabbage,40.34,70.6,57.13
2026-02-28,MKT_02,Potatoes,69.67,109.49,98.83
2026-02-28,MKT_02,Whole Fish (Galunggong),179.55,239.4,205.52
2026-02-28,MKT_03,Carrots,19.78,22.75,21.23
2026-02-28,MKT_03,Pork,305.34,335.87,314.99
2026-02-28,MKT_03,Rice (Sinandomeng),49.11,61.39,50.58
2026-02-28,MKT_03,Chicken (Whole),158.19,197.74,172.44
2026-02-28,MKT_03,Beef (Rump),392.24,462.64,433.86
2026-02-28,MKT_03,Tilapia,120.74,160.98,121.6
2026-02-28,MKT_03,Bangus,149.38,209.13,161.71
2026-02-28,MKT_03,Tomatoes,60.1,110.19,73.45
2026-02-28,MKT_04,Carrots,20.54,23.62,21.18
2026-02-28,MKT_04,Pork,305.04,335.54,326.79
2026-02-28,MKT_04,Rice (Sinandomeng),49.66,62.07,60.64
2026-02-28,MKT_04,Chicken (Whole),160.15,200.19,180.84
2026-02-28,MKT_04,Beef (Rump),395.59,466.59,459.66
2026-02-28,MKT_04,Tilapia,123.59,164.78,160.56
2026-02-28,MKT_04,Bangus,156.97,219.76,165.04
2026-02-28,MKT_04,Tomatoes,62.13,113.91,83.45
2026-02-28,MKT_04,Red Onions,91.93,163.42,126.41
2026-02-28,MKT_04,Garlic,81.4,132.27,98.08
2026-02-28,MKT_04,Cabbage,40.6,71.06,68.94
2026-02-28,MKT_04,Potatoes,71.06,111.67,98.15
2026-02-28,MKT_04,Whole Fish (Galunggong),178.8,238.39,188.8
2026-02-28,MKT_05,Carrots,21.31,24.51,23.72
2026-02-28,MKT_05,Pork,311.56,342.72,330.95
2026-02-28,MKT_05,Rice (Sinandomeng),49.34,61.67,60.56
2026-02-28,MKT_05,Chicken (Whole),167.28,209.1,173.19
2026-02-28,MKT_05,Beef (Rump),401.27,473.29,468.07
2026-02-28,MKT_05,Tilapia,126.36,168.48,156.46
2026-02-28,MKT_05,Bangus,154.24,215.93,181.63
2026-02-28,MKT_05,Tomatoes,63.04,115.57,95.38
2026-02-28,MKT_05,Red Onions,93.14,165.58,162.39
2026-02-28,MKT_05,Garlic,83.48,135.65,129.53
2026-03-01,MKT_01,Carrots,19.44,22.35,20.93
2026-03-01,MKT_01,Pork,285.48,314.03,298.7
2026-03-01,MKT_01,Rice (Sinandomeng),46.63,58.28,54.9
2026-03-01,MKT_01,Chicken (Whole),149.42,186.77,164.86
2026-03-01,MKT_01,Beef (Rump),382.87,451.59,431.53
2026-03-01,MKT_01,Tilapia,116.89,155.85,119.36
2026-03-01,MKT_01,Bangus,143.71,201.19,159.03
2026-03-01,MKT_01,Tomatoes,58.62,107.46,70.69
2026-03-01,MKT_01,Red Onions,87.76,156.02,113.71
2026-03-01,MKT_01,Garlic,76.75,124.71,112.46
2026-03-01,MKT_02,Carrots,19.58,22.52,22.0
2026-03-01,MKT_02,Pork,289.85,318.83,311.91
2026-03-01,MKT_02,Rice (Sinandomeng),47.05,58.81,50.06
2026-03-01,MKT_02,Chicken (Whole),153.25,191.56,169.03
2026-03-01,MKT_02,Beef (Rump),386.26,455.59,402.35
2026-03-01,MKT_02,Tilapia,118.89,158.52,155.02
2026-03-01,MKT_02,Bangus,143.11,200.35,171.84
2026-03-01,MKT_02,Tomatoes,60.0,110.0,90.15
2026-03-01,MKT_02,Red Onions,87.33,155.26,121.63
2026-03-01,MKT_02,Garlic,81.79,132.91,91.13
2026-03-01,MKT_02,Cabbage,39.31,68.79,43.54
2026-03-01,MKT_02,Potatoes,70.01,110.02,100.4
2026-03-01,MKT_02,Whole Fish (Galunggong),173.83,231.78,203.85
2026-03-01,MKT_03,Carrots,19.9,22.88,20.62
2026-03-01,MKT_03,Pork,297.46,327.21,308.98
2026-03-01,MKT_03,Rice (Sinandomeng),46.92,58.66,55.95
2026-03-01,MKT_03,Chicken (Whole),156.96,196.2,167.68
2026-03-01,MKT_03,Beef (Rump),389.02,458.84,424.56
2026-03-01,MKT_03,Tilapia,120.6,160.8,143.28
2026-03-01,MKT_03,Bangus,147.64,206.7,189.64
2026-03-01,MKT_03,Tomatoes,59.64,109.34,103.73
2026-03-01,MKT_04,Carrots,20.18,23.2,22.64
2026-03-01,MKT_04,Pork,305.53,336.08,306.31
2026-03-01,MKT_04,Rice (Sinandomeng),49.4,61.75,54.92
2026-03-01,MKT_04,Chicken (Whole),163.34,204.18,177.33
2026-03-01,MKT_04,Beef (Rump),394.27,465.03,427.8
2026-03-01,MKT_04,Tilapia,124.15,165.54,151.38
2026-03-01,MKT_04,Bangus,153.67,215.14,180.42
2026-03-01,MKT_04,Tomatoes,61.28,112.34,76.02
2026-03-01,MKT_04,Red Onions,90.4,160.71,94.16
2026-03-01,MKT_04,Garlic,82.63,134.27,91.38
2026-03-01,MKT_04,Cabbage,41.04,71.82,65.73
2026-03-01,MKT_04,Potatoes,71.87,112.94,85.22
2026-03-01,MKT_04,Whole Fish (Galunggong),182.89,243.86,216.51
2026-03-01,MKT_05,Carrots,20.67,23.77,21.71
2026-03-01,MKT_05,Pork,319.75,351.72,326.15
2026-03-01,MKT_05,Rice (Sinandomeng),49.6,62.0,55.63
2026-03-01,MKT_05,Chicken (Whole),163.48,204.36,178.14
2026-03-01,MKT_05,Beef (Rump),406.39,479.34,453.05
2026-03-01,MKT_05,Tilapia,124.71,166.27,126.16
2026-03-01,MKT_05,Bangus,158.3,221.62,177.59
2026-03-01,MKT_05,Tomatoes,62.23,114.09,67.54
2026-03-01,MKT_05,Red Onions,94.38,167.79,136.18
2026-03-01,MKT_05,Garlic,84.89,137.95,88.18
2026-03-02,MKT_01,Carrots,19.3,22.2,20.19
2026-03-02,MKT_01,Pork,283.53,311.89,297.82
2026-03-02,MKT_01,Rice (Sinandomeng),44.81,56.01,54.98
2026-03-02,MKT_01,Chicken (Whole),154.48,193.1,186.67
2026-03-02,MKT_01,Beef (Rump),372.15,438.95,379.63
2026-03-02,MKT_01,Tilapia,115.56,154.09,134.55
2026-03-02,MKT_01,Bangus,143.9,201.46,164.99
2026-03-02,MKT_01,Tomatoes,56.49,103.57,86.45
2026-03-02,MKT_01,Red Onions,86.14,153.13,104.77
2026-03-02,MKT_01,Garlic,75.55,122.77,117.08
2026-03-02,MKT_02,Carrots,19.44,22.36,21.46
2026-03-02,MKT_02,Pork,297.84,327.62,299.24
2026-03-02,MKT_02,Rice (Sinandomeng),47.06,58.83,50.83
2026-03-02,MKT_02,Chicken (Whole),158.04,197.55,172.5
2026-03-02,MKT_02,Beef (Rump),382.83,451.54,413.31
2026-03-02,MKT_02,Tilapia,117.03,156.03,153.59
2026-03-02,MKT_02,Bangus,147.46,206.45,175.93
2026-03-02,MKT_02,Tomatoes,57.34,105.12,90.72
2026-03-02,MKT_02,Red Onions,89.14,158.47,102.56
2026-03-02,MKT_02,Garlic,77.4,125.77,105.07
2026-03-02,MKT_02,Cabbage,39.47,69.07,66.92
2026-03-02,MKT_02,Potatoes,68.23,107.21,88.42
2026-03-02,MKT_02,Whole Fish (Galunggong),173.07,230.76,176.39
2026-03-02,MKT_03,Carrots,19.79,22.76,20.82
2026-03-02,MKT_03,Pork,302.06,332.26,330.13
2026-03-02,MKT_03,Rice (Sinandomeng),49.51,61.89,54.52
2026-03-02,MKT_03,Chicken (Whole),159.74,199.68,180.2
2026-03-02,MKT_03,Beef (Rump),401.36,473.4,420.88
2026-03-02,MKT_03,Tilapia,117.07,156.1,144.44
2026-03-02,MKT_03,Bangus,144.36,202.1,198.23
2026-03-02,MKT_03,Tomatoes,59.74,109.53,84.45
2026-03-02,MKT_04,Carrots,20.37,23.42,21.99
2026-03-02,MKT_04,Pork,308.3,339.13,338.18
2026-03-02,MKT_04,Rice (Sinandomeng),48.49,60.62,59.52
2026-03-02,MKT_04,Chicken (Whole),163.91,204.89,192.58
2026-03-02,MKT_04,Beef (Rump),396.41,467.56,428.75
2026-03-02,MKT_04,Tilapia,124.52,166.03,144.47
2026-03-02,MKT_04,Bangus,153.31,214.63,176.32
2026-03-02,MKT_04,Tomatoes,63.63,116.66,73.97
2026-03-02,MKT_04,Red Onions,91.49,162.65,155.2
2026-03-02,MKT_04,Garlic,82.92,134.75,88.48
2026-03-02,MKT_04,Cabbage,41.67,72.91,60.44
2026-03-02,MKT_04,Potatoes,68.84,108.18,91.91
2026-03-02,MKT_04,Whole Fish (Galunggong),185.45,247.26,191.38
2026-03-02,MKT_05,Carrots,20.43,23.49,22.96
2026-03-02,MKT_05,Pork,310.81,341.89,328.19
2026-03-02,MKT_05,Rice (Sinandomeng),49.12,61.4,50.69
2026-03-02,MKT_05,Chicken (Whole),169.27,211.59,210.09
2026-03-02,MKT_05,Beef (Rump),402.11,474.28,448.86
2026-03-02,MKT_05,Tilapia,121.79,162.38,123.27
2026-03-02,MKT_05,Bangus,156.36,218.91,173.98
2026-03-02,MKT_05,Tomatoes,63.63,116.65,67.33
2026-03-02,MKT_05,Red Onions,92.11,163.75,97.24
2026-03-02,MKT_05,Garlic,84.18,136.8,120.33
2026-03-03,MKT_01,Carrots,18.63,21.42,19.78
2026-03-03,MKT_01,Pork,294.5,323.95,301.17
2026-03-03,MKT_01,Rice (Sinandomeng),46.34,57.92,51.33
2026-03-03,MKT_01,Chicken (Whole),150.73,188.41,167.61
2026-03-03,MKT_01,Beef (Rump),378.62,446.57,411.61
2026-03-03,MKT_01,Tilapia,114.22,152.29,134.86
2026-03-03,MKT_01,Bangus,141.93,198.7,147.22
2026-03-03,MKT_01,Tomatoes,57.09,104.67,90.85
2026-03-03,MKT_01,Red Onions,87.23,155.07,113.82
2026-03-03,MKT_01,Garlic,75.63,122.89,95.36
2026-03-03,MKT_02,Carrots,18.93,21.77,19.62
2026-03-03,MKT_02,Pork,291.67,320.84,300.89
2026-03-03,MKT_02,Rice (Sinandomeng),47.94,59.92,51.58
2026-03-03,MKT_02,Chicken (Whole),159.75,199.68,178.16
2026-03-03,MKT_02,Beef (Rump),378.88,446.89,380.92
2026-03-03,MKT_02,Tilapia,116.52,155.36,150.95
2026-03-03,MKT_02,Bangus,145.52,203.73,162.02
2026-03-03,MKT_02,Tomatoes,58.17,106.65,64.72
2026-03-03,MKT_02,Red Onions,87.34,155.27,96.82
2026-03-03,MKT_02,Garlic,78.65,127.81,110.2
2026-03-03,MKT_02,Cabbage,39.96,69.93,56.61
2026-03-03,MKT_02,Potatoes,67.57,106.18,77.7
2026-03-03,MKT_02,Whole Fish (Galunggong),174.19,232.26,205.3
2026-03-03,MKT_03,Carrots,20.1,23.11,21.48
2026-03-03,MKT_03,Pork,303.03,333.33,329.06
2026-03-03,MKT_03,Rice (Sinandomeng),46.92,58.65,58.14
2026-03-03,MKT_03,Chicken (Whole),156.45,195.56,165.53
2026-03-03,MKT_03,Beef (Rump),399.78,471.54,418.47
2026-03-03,MKT_03,Tilapia,115.92,154.56,150.82
2026-03-03,MKT_03,Bangus,149.21,208.9,171.33
2026-03-03,MKT_03,Tomatoes,58.74,107.69,99.36
2026-03-03,MKT_04,Carrots,19.94,22.94,21.74
2026-03-03,MKT_04,Pork,298.93,328.82,323.06
2026-03-03,MKT_04,Rice (Sinandomeng),49.74,62.17,50.68
2026-03-03,MKT_04,Chicken (Whole),163.29,204.11,179.65
2026-03-03,MKT_04,Beef (Rump),404.19,476.73,440.26
2026-03-03,MKT_04,Tilapia,122.13,162.84,136.25
2026-03-03,MKT_04,Bangus,155.39,217.54,164.34
2026-03-03,MKT_04,Tomatoes,61.04,111.91,81.67
2026-03-03,MKT_04,Red Onions,87.89,156.24,134.1
2026-03-03,MKT_04,Garlic,82.21,133.59,112.9
2026-03-03,MKT_04,Cabbage,40.75,71.31,65.12
2026-03-03,MKT_04,Potatoes,71.15,111.81,85.01
2026-03-03,MKT_04,Whole Fish (Galunggong),181.19,241.58,215.51
2026-03-03,MKT_05,Carrots,20.99,24.14,22.66
2026-03-03,MKT_05,Pork,307.05,337.76,332.3
2026-03-03,MKT_05,Rice (Sinandomeng),50.38,62.98,55.69
2026-03-03,MKT_05,Chicken (Whole),166.6,208.25,180.39
2026-03-03,MKT_05,Beef (Rump),409.53,483.04,470.72
2026-03-03,MKT_05,Tilapia,125.1,166.8,166.12
2026-03-03,MKT_05,Bangus,158.66,222.12,176.98
2026-03-03,MKT_05,Tomatoes,62.76,115.07,75.53
2026-03-03,MKT_05,Red Onions,93.74,166.65,134.53
2026-03-03,MKT_05,Garlic,80.42,130.69,116.82
2026-03-04,MKT_01,Carrots,19.57,22.5,21.2
2026-03-04,MKT_01,Pork,280.89,308.98,296.22
2026-03-04,MKT_01,Rice (Sinandomeng),45.13,56.41,46.5
2026-03-04,MKT_01,Chicken (Whole),155.45,194.31,160.47
2026-03-04,MKT_01,Beef (Rump),374.41,441.61,430.55
2026-03-04,MKT_01,Tilapia,112.42,149.89,138.5
2026-03-04,MKT_01,Bangus,142.65,199.71,165.83
2026-03-04,MKT_01,Tomatoes,58.65,107.52,78.0
2026-03-04,MKT_01,Red Onions,86.58,153.93,98.15
2026-03-04,MKT_01,Garlic,76.83,124.85,79.53
2026-03-04,MKT_02,Carrots,19.39,22.29,21.47
2026-03-04,MKT_02,Pork,297.64,327.41,318.39
2026-03-04,MKT_02,Rice (Sinandomeng),46.95,58.69,54.56
2026-03-04,MKT_02,Chicken (Whole),158.25,197.81,176.67
2026-03-04,MKT_02,Beef (Rump),377.45,445.19,390.54
2026-03-04,MKT_02,Tilapia,121.39,161.85,141.93
2026-03-04,MKT_02,Bangus,150.08,210.11,194.0
2026-03-04,MKT_02,Tomatoes,58.91,108.01,91.34
2026-03-04,MKT_02,Red Onions,88.66,157.61,123.16
2026-03-04,MKT_02,Garlic,77.69,126.25,120.71
2026-03-04,MKT_02,Cabbage,39.61,69.32,44.36
2026-03-04,MKT_02,Potatoes,66.34,104.25,94.39
2026-03-04,MKT_02,Whole Fish (Galunggong),180.86,241.15,235.71
2026-03-04,MKT_03,Carrots,20.19,23.21,22.12
2026-03-04,MKT_03,Pork,295.51,325.06,296.05
2026-03-04,MKT_03,Rice (Sinandomeng),49.17,61.46,51.03
2026-03-04,MKT_03,Chicken (Whole),164.78,205.97,182.06
2026-03-04,MKT_03,Beef (Rump),392.3,462.71,443.52
2026-03-04,MKT_03,Tilapia,118.57,158.09,126.47
2026-03-04,MKT_03,Bangus,150.09,210.13,200.18
2026-03-04,MKT_03,Tomatoes,60.48,110.89,66.79
2026-03-04,MKT_04,Carrots,20.49,23.57,23.05
2026-03-04,MKT_04,Pork,301.51,331.66,318.92
2026-03-04,MKT_04,Rice (Sinandomeng),49.33,61.67,60.08
2026-03-04,MKT_04,Chicken (Whole),165.97,207.46,174.08
2026-03-04,MKT_04,Beef (Rump),390.68,460.8,434.37
2026-03-04,MKT_04,Tilapia,120.39,160.53,133.15
2026-03-04,MKT_04,Bangus,151.58,212.21,162.74
2026-03-04,MKT_04,Tomatoes,61.01,111.85,73.73
2026-03-04,MKT_04,Red Onions,92.93,165.21,125.39
2026-03-04,MKT_04,Garlic,82.97,134.82,132.86
2026-03-04,MKT_04,Cabbage,40.3,70.52,53.6
2026-03-04,MKT_04,Potatoes,71.61,112.53,78.39
2026-03-04,MKT_04,Whole Fish (Galunggong),186.55,248.74,229.31
2026-03-04,MKT_05,Carrots,21.45,24.67,23.93
2026-03-04,MKT_05,Pork,312.87,344.16,326.71
2026-03-04,MKT_05,Rice (Sinandomeng),50.1,62.62,56.23
2026-03-04,MKT_05,Chicken (Whole),167.36,209.2,192.5
2026-03-04,MKT_05,Beef (Rump),403.74,476.21,427.58
2026-03-04,MKT_05,Tilapia,125.01,166.68,150.86
2026-03-04,MKT_05,Bangus,151.58,212.21,178.22
2026-03-04,MKT_05,Tomatoes,61.87,113.43,75.65
2026-03-04,MKT_05,Red Onions,94.28,167.61,132.0
2026-03-04,MKT_05,Garlic,82.13,133.46,92.7
2026-03-05,MKT_01,Carrots,19.46,22.38,20.1
2026-03-05,MKT_01,Pork,280.37,308.41,284.86
2026-03-05,MKT_01,Rice (Sinandomeng),46.67,58.34,54.81
2026-03-05,MKT_01,Chicken (Whole),155.56,194.45,181.42
2026-03-05,MKT_01,Beef (Rump),387.28,456.79,390.41
2026-03-05,MKT_01,Tilapia,114.56,152.75,138.17
2026-03-05,MKT_01,Bangus,144.0,201.61,164.74
2026-03-05,MKT_01,Tomatoes,58.98,108.13,72.84
2026-03-05,MKT_01,Red Onions,88.26,156.91,147.68
2026-03-05,MKT_01,Garlic,78.02,126.79,94.87
2026-03-05,MKT_02,Carrots,19.7,22.66,21.93
2026-03-05,MKT_02,Pork,300.75,330.83,316.6
2026-03-05,MKT_02,Rice (Sinandomeng),48.94,61.18,57.86
2026-03-05,MKT_02,Chicken (Whole),158.24,197.79,195.93
2026-03-05,MKT_02,Beef (Rump),382.49,451.14,424.59
2026-03-05,MKT_02,Tilapia,118.9,158.53,138.04
2026-03-05,MKT_02,Bangus,147.41,206.37,191.22
2026-03-05,MKT_02,Tomatoes,58.55,107.35,73.95
2026-03-05,MKT_02,Red Onions,89.37,158.88,94.83
2026-03-05,MKT_02,Garlic,77.8,126.43,120.27
2026-03-05,MKT_02,Cabbage,39.55,69.21,66.88
2026-03-05,MKT_02,Potatoes,67.02,105.31,92.81
2026-03-05,MKT_02,Whole Fish (Galunggong),181.01,241.35,201.92
2026-03-05,MKT_03,Carrots,19.77,22.73,20.81
2026-03-05,MKT_03,Pork,293.99,323.38,295.89
2026-03-05,MKT_03,Rice (Sinandomeng),48.96,61.2,49.81
2026-03-05,MKT_03,Chicken (Whole),163.72,204.65,185.68
2026-03-05,MKT_03,Beef (Rump),391.87,462.21,450.67
2026-03-05,MKT_03,Tilapia,119.83,159.77,129.56
2026-03-05,MKT_03,Bangus,149.25,208.95,176.0
2026-03-05,MKT_03,Tomatoes,60.24,110.44,88.0
2026-03-05,MKT_04,Carrots,20.39,23.45,22.81
2026-03-05,MKT_04,Pork,305.27,335.79,333.33
2026-03-05,MKT_04,Rice (Sinandomeng),48.33,60.42,54.85
2026-03-05,MKT_04,Chicken (Whole),160.46,200.57,160.99
2026-03-05,MKT_04,Beef (Rump),398.31,469.8,455.92
2026-03-05,MKT_04,Tilapia,122.82,163.76,159.85
2026-03-05,MKT_04,Bangus,151.38,211.94,164.31
2026-03-05,MKT_04,Tomatoes,60.67,111.23,91.09
2026-03-05,MKT_04,Red Onions,92.11,163.75,104.19
2026-03-05,MKT_04,Garlic,80.53,130.85,103.88
2026-03-05,MKT_04,Cabbage,41.44,72.52,59.97
2026-03-05,MKT_04,Potatoes,71.96,113.08,84.6
2026-03-05,MKT_04,Whole Fish (Galunggong),181.64,242.18,221.58
2026-03-05,MKT_05,Carrots,20.94,24.09,21.72
2026-03-05,MKT_05,Pork,308.07,338.88,321.25
2026-03-05,MKT_05,Rice (Sinandomeng),50.51,63.14,54.06
2026-03-05,MKT_05,Chicken (Whole),164.39,205.49,200.25
2026-03-05,MKT_05,Beef (Rump),404.93,477.61,449.43
2026-03-05,MKT_05,Tilapia,125.07,166.75,129.14
2026-03-05,MKT_05,Bangus,159.44,223.22,201.34
2026-03-05,MKT_05,Tomatoes,61.7,113.12,93.7
2026-03-05,MKT_05,Red Onions,92.5,164.44,100.3
2026-03-05,MKT_05,Garlic,81.45,132.36,117.84
2026-03-06,MKT_01,Carrots,19.76,22.72,20.75
2026-03-06,MKT_01,Pork,288.16,316.97,297.68
2026-03-06,MKT_01,Rice (Sinandomeng),46.86,58.58,56.98
2026-03-06,MKT_01,Chicken (Whole),152.23,190.29,171.94
2026-03-06,MKT_01,Beef (Rump),371.57,438.26,429.82
2026-03-06,MKT_01,Tilapia,115.12,153.49,116.11
2026-03-06,MKT_01,Bangus,143.96,201.55,163.81
2026-03-06,MKT_01,Tomatoes,58.21,106.73,102.63
2026-03-06,MKT_01,Red Onions,86.49,153.75,123.36
2026-03-06,MKT_01,Garlic,76.35,124.08,87.1
2026-03-06,MKT_02,Carrots,20.17,23.19,22.14
2026-03-06,MKT_02,Pork,290.02,319.03,290.54
2026-03-06,MKT_02,Rice (Sinandomeng),46.48,58.1,47.38
2026-03-06,MKT_02,Chicken (Whole),154.71,193.39,159.85
2026-03-06,MKT_02,Beef (Rump),386.44,455.8,404.51
2026-03-06,MKT_02,Tilapia,118.41,157.88,119.71
2026-03-06,MKT_02,Bangus,146.64,205.3,160.4
2026-03-06,MKT_02,Tomatoes,57.97,106.29,82.88
2026-03-06,MKT_02,Red Onions,88.39,157.14,112.9
2026-03-06,MKT_02,Garlic,79.45,129.1,98.49
2026-03-06,MKT_02,Cabbage,40.15,70.26,53.8
2026-03-06,MKT_02,Potatoes,67.96,106.79,100.87
2026-03-06,MKT_02,Whole Fish (Galunggong),175.96,234.62,208.79
2026-03-06,MKT_03,Carrots,20.13,23.15,20.82
2026-03-06,MKT_03,Pork,298.28,328.11,304.72
2026-03-06,MKT_03,Rice (Sinandomeng),47.05,58.81,56.98
2026-03-06,MKT_03,Chicken (Whole),159.62,199.53,183.69
2026-03-06,MKT_03,Beef (Rump),382.92,451.65,430.28
2026-03-06,MKT_03,Tilapia,121.74,162.31,144.73
2026-03-06,MKT_03,Bangus,149.31,209.04,175.62
2026-03-06,MKT_03,Tomatoes,59.95,109.9,100.63
2026-03-06,MKT_04,Carrots,20.18,23.2,21.92
2026-03-06,MKT_04,Pork,305.9,336.49,309.91
2026-03-06,MKT_04,Rice (Sinandomeng),49.88,62.35,50.54
2026-03-06,MKT_04,Chicken (Whole),165.8,207.25,198.27
2026-03-06,MKT_04,Beef (Rump),391.5,461.77,412.49
2026-03-06,MKT_04,Tilapia,117.52,156.69,133.69
2026-03-06,MKT_04,Bangus,152.66,213.73,167.06
2026-03-06,MKT_04,Tomatoes,60.93,111.71,64.18
2026-03-06,MKT_04,Red Onions,91.32,162.34,105.69
2026-03-06,MKT_04,Garlic,80.94,131.52,99.18
2026-03-06,MKT_04,Cabbage,40.14,70.25,40.89
2026-03-06,MKT_04,Potatoes,73.81,115.98,101.23
2026-03-06,MKT_04,Whole Fish (Galunggong),188.64,251.52,213.09
2026-03-06,MKT_05,Carrots,20.68,23.78,21.29
2026-03-06,MKT_05,Pork,312.58,343.84,326.92
2026-03-06,MKT_05,Rice (Sinandomeng),50.63,63.29,52.35
2026-03-06,MKT_05,Chicken (Whole),166.7,208.38,200.67
2026-03-06,MKT_05,Beef (Rump),402.81,475.11,425.88
2026-03-06,MKT_05,Tilapia,122.45,163.27,138.88
2026-03-06,MKT_05,Bangus,156.03,218.44,205.76
2026-03-06,MKT_05,Tomatoes,61.32,112.43,83.95
2026-03-06,MKT_05,Red Onions,95.22,169.28,147.3
2026-03-06,MKT_05,Garlic,83.16,135.14,108.66
2026-03-07,MKT_01,Carrots,19.36,22.26,20.96
2026-03-07,MKT_01,Pork,286.52,315.18,293.14
2026-03-07,MKT_01,Rice (Sinandomeng),46.68,58.35,47.65
2026-03-07,MKT_01,Chicken (Whole),152.08,190.11,189.32
2026-03-07,MKT_01,Beef (Rump),376.1,443.61,402.86
2026-03-07,MKT_01,Tilapia,114.55,152.73,133.35
2026-03-07,MKT_01,Bangus,143.5,200.9,174.31
2026-03-07,MKT_01,Tomatoes,58.47,107.2,61.32
2026-03-07,MKT_01,Red Onions,85.38,151.79,93.32
2026-03-07,MKT_01,Garlic,77.23,125.5,97.16
2026-03-07,MKT_02,Carrots,20.0,23.0,20.86
2026-03-07,MKT_02,Pork,298.18,328.0,300.97
2026-03-07,MKT_02,Rice (Sinandomeng),46.6,58.26,55.86
2026-03-07,MKT_02,Chicken (Whole),157.99,197.49,188.11
2026-03-07,MKT_02,Beef (Rump),372.29,439.11,390.07
2026-03-07,MKT_02,Tilapia,119.41,159.22,124.64
2026-03-07,MKT_02,Bangus,152.94,214.11,175.06
2026-03-07,MKT_02,Tomatoes,59.07,108.3,82.5
2026-03-07,MKT_02,Red Onions,90.08,160.14,152.82
2026-03-07,MKT_02,Garlic,76.79,124.78,84.99
2026-03-07,MKT_02,Cabbage,38.6,67.55,56.57
2026-03-07,MKT_02,Potatoes,68.25,107.25,96.45
2026-03-07,MKT_02,Whole Fish (Galunggong),175.97,234.63,231.26
2026-03-07,MKT_03,Carrots,20.09,23.11,20.72
2026-03-07,MKT_03,Pork,297.3,327.03,323.48
2026-03-07,MKT_03,Rice (Sinandomeng),48.1,60.13,54.44
2026-03-07,MKT_03,Chicken (Whole),162.32,202.9,168.77
2026-03-07,MKT_03,Beef (Rump),392.89,463.41,396.07
2026-03-07,MKT_03,Tilapia,119.35,159.13,124.85
2026-03-07,MKT_03,Bangus,151.67,212.34,180.12
2026-03-07,MKT_03,Tomatoes,59.64,109.33,73.52
2026-03-07,MKT_04,Carrots,20.43,23.49,21.0
2026-03-07,MKT_04,Pork,310.1,341.11,340.09
2026-03-07,MKT_04,Rice (Sinandomeng),48.83,61.03,56.46
2026-03-07,MKT_04,Chicken (Whole),160.3,200.37,196.81
2026-03-07,MKT_04,Beef (Rump),398.13,469.59,452.0
2026-03-07,MKT_04,Tilapia,124.06,165.41,132.64
2026-03-07,MKT_04,Bangus,155.29,217.41,168.69
2026-03-07,MKT_04,Tomatoes,60.26,110.48,82.35
2026-03-07,MKT_04,Red Onions,92.74,164.88,148.87
2026-03-07,MKT_04,Garlic,81.31,132.13,121.28
2026-03-07,MKT_04,Cabbage,41.68,72.94,67.56
2026-03-07,MKT_04,Potatoes,70.15,110.23,81.36
2026-03-07,MKT_04,Whole Fish (Galunggong),185.43,247.24,205.08
2026-03-07,MKT_05,Carrots,20.7,23.8,21.64
2026-03-07,MKT_05,Pork,309.36,340.3,323.49
2026-03-07,MKT_05,Rice (Sinandomeng),50.61,63.26,52.23
2026-03-07,MKT_05,Chicken (Whole),169.11,211.38,207.68
2026-03-07,MKT_05,Beef (Rump),394.21,464.96,447.48
2026-03-07,MKT_05,Tilapia,126.56,168.75,137.66
2026-03-07,MKT_05,Bangus,155.85,218.18,207.83
2026-03-07,MKT_05,Tomatoes,62.43,114.45,85.8
2026-03-07,MKT_05,Red Onions,91.93,163.42,140.16
2026-03-07,MKT_05,Garlic,83.93,136.39,124.17
2026-03-08,MKT_01,Carrots,19.9,22.88,21.3
2026-03-08,MKT_01,Pork,285.62,314.18,310.76
2026-03-08,MKT_01,Rice (Sinandomeng),46.97,58.71,56.08
2026-03-08,MKT_01,Chicken (Whole),153.58,191.98,169.43
2026-03-08,MKT_01,Beef (Rump),371.52,438.21,426.29
2026-03-08,MKT_01,Tilapia,112.66,150.21,121.48
2026-03-08,MKT_01,Bangus,147.13,205.98,168.08
2026-03-08,MKT_01,Tomatoes,57.7,105.78,88.44
2026-03-08,MKT_01,Red Onions,85.8,152.54,138.52
2026-03-08,MKT_01,Garlic,76.45,124.24,81.58
2026-03-08,MKT_02,Carrots,19.81,22.78,20.99
2026-03-08,MKT_02,Pork,292.0,321.2,319.94
2026-03-08,MKT_02,Rice (Sinandomeng),46.37,57.97,54.37
2026-03-08,MKT_02,Chicken (Whole),156.53,195.66,158.22
2026-03-08,MKT_02,Beef (Rump),381.36,449.81,446.63
2026-03-08,MKT_02,Tilapia,117.3,156.4,144.21
2026-03-08,MKT_02,Bangus,146.03,204.44,165.84
2026-03-08,MKT_02,Tomatoes,59.95,109.9,71.93
2026-03-08,MKT_02,Red Onions,91.95,163.47,137.0
2026-03-08,MKT_02,Garlic,77.15,125.38,89.79
2026-03-08,MKT_02,Cabbage,37.95,66.42,50.79
2026-03-08,MKT_02,Potatoes,68.35,107.41,90.57
2026-03-08,MKT_02,Whole Fish (Galunggong),171.05,228.06,212.59
2026-03-08,MKT_03,Carrots,19.55,22.48,21.37
2026-03-08,MKT_03,Pork,297.69,327.46,315.73
2026-03-08,MKT_03,Rice (Sinandomeng),48.49,60.61,55.5
2026-03-08,MKT_03,Chicken (Whole),159.41,199.26,172.1
2026-03-08,MKT_03,Beef (Rump),376.54,444.12,386.48
2026-03-08,MKT_03,Tilapia,119.53,159.38,146.57
2026-03-08,MKT_03,Bangus,149.58,209.41,188.95
2026-03-08,MKT_03,Tomatoes,59.85,109.72,88.98
2026-03-08,MKT_04,Carrots,20.73,23.84,23.29
2026-03-08,MKT_04,Pork,310.08,341.09,313.07
2026-03-08,MKT_04,Rice (Sinandomeng),49.01,61.27,51.66
2026-03-08,MKT_04,Chicken (Whole),168.14,210.17,202.13
2026-03-08,MKT_04,Beef (Rump),389.39,459.27,457.96
2026-03-08,MKT_04,Tilapia,121.47,161.96,153.61
2026-03-08,MKT_04,Bangus,152.72,213.8,189.53
2026-03-08,MKT_04,Tomatoes,61.18,112.16,98.78
2026-03-08,MKT_04,Red Onions,89.88,159.79,143.47
2026-03-08,MKT_04,Garlic,79.27,128.81,127.04
2026-03-08,MKT_04,Cabbage,40.8,71.4,60.94
2026-03-08,MKT_04,Potatoes,69.73,109.58,98.63
2026-03-08,MKT_04,Whole Fish (Galunggong),181.81,242.41,196.74
2026-03-08,MKT_05,Carrots,20.84,23.96,21.95
2026-03-08,MKT_05,Pork,306.21,336.84,325.34
2026-03-08,MKT_05,Rice (Sinandomeng),50.16,62.7,53.93
2026-03-08,MKT_05,Chicken (Whole),164.45,205.56,164.96
2026-03-08,MKT_05,Beef (Rump),403.46,475.88,459.55
2026-03-08,MKT_05,Tilapia,125.71,167.61,151.1
2026-03-08,MKT_05,Bangus,155.81,218.14,198.1
2026-03-08,MKT_05,Tomatoes,62.68,114.91,66.43
2026-03-08,MKT_05,Red Onions,94.19,167.45,133.64
2026-03-08,MKT_05,Garlic,83.08,135.01,98.24
2026-03-09,MKT_01,Carrots,19.31,22.21,21.04
2026-03-09,MKT_01,Pork,284.94,313.43,295.72
2026-03-09,MKT_01,Rice (Sinandomeng),46.43,58.04,50.34
2026-03-09,MKT_01,Chicken (Whole),153.05,191.31,162.95
2026-03-09,MKT_01,Beef (Rump),382.02,450.59,389.49
2026-03-09,MKT_01,Tilapia,115.45,153.93,151.29
2026-03-09,MKT_01,Bangus,142.76,199.87,183.21
2026-03-09,MKT_01,Tomatoes,58.06,106.44,76.8
2026-03-09,MKT_01,Red Onions,88.23,156.85,153.83
2026-03-09,MKT_01,Garlic,76.24,123.89,82.65
2026-03-09,MKT_02,Carrots,19.41,22.32,20.63
2026-03-09,MKT_02,Pork,282.22,310.44,292.61
2026-03-09,MKT_02,Rice (Sinandomeng),47.14,58.92,52.34
2026-03-09,MKT_02,Chicken (Whole),156.02,195.02,163.92
2026-03-09,MKT_02,Beef (Rump),385.16,454.29,418.8
2026-03-09,MKT_02,Tilapia,118.55,158.07,130.55
2026-03-09,MKT_02,Bangus,143.89,201.44,157.74
2026-03-09,MKT_02,Tomatoes,59.61,109.29,95.67
2026-03-09,MKT_02,Red Onions,87.17,154.96,103.77
2026-03-09,MKT_02,Garlic,77.85,126.5,122.96
2026-03-09,MKT_02,Cabbage,37.85,66.23,62.26
2026-03-09,MKT_02,Potatoes,68.95,108.35,84.62
2026-03-09,MKT_02,Whole Fish (Galunggong),173.43,231.25,195.4
2026-03-09,MKT_03,Carrots,19.81,22.79,20.94
2026-03-09,MKT_03,Pork,294.68,324.15,311.61
2026-03-09,MKT_03,Rice (Sinandomeng),48.72,60.9,49.96
2026-03-09,MKT_03,Chicken (Whole),159.09,198.86,195.92
2026-03-09,MKT_03,Beef (Rump),382.57,451.24,408.6
2026-03-09,MKT_03,Tilapia,117.83,157.1,123.19
2026-03-09,MKT_03,Bangus,151.82,212.55,155.82
2026-03-09,MKT_03,Tomatoes,59.24,108.6,68.16
2026-03-09,MKT_04,Carrots,20.26,23.29,22.3
2026-03-09,MKT_04,Pork,306.17,336.79,317.91
2026-03-09,MKT_04,Rice (Sinandomeng),48.73,60.92,54.9
2026-03-09,MKT_04,Chicken (Whole),158.81,198.51,170.73
2026-03-09,MKT_04,Beef (Rump),401.4,473.45,454.01
2026-03-09,MKT_04,Tilapia,121.96,162.61,126.33
2026-03-09,MKT_04,Bangus,153.66,215.13,208.45
2026-03-09,MKT_04,Tomatoes,61.82,113.34,80.48
2026-03-09,MKT_04,Red Onions,89.06,158.33,98.15
2026-03-09,MKT_04,Garlic,82.44,133.97,93.2
2026-03-09,MKT_04,Cabbage,42.3,74.02,56.68
2026-03-09,MKT_04,Potatoes,71.82,112.86,76.2
2026-03-09,MKT_04,Whole Fish (Galunggong),187.17,249.56,221.31
2026-03-09,MKT_05,Carrots,21.09,24.25,22.95
2026-03-09,MKT_05,Pork,314.99,346.48,320.14
2026-03-09,MKT_05,Rice (Sinandomeng),50.64,63.3,51.42
2026-03-09,MKT_05,Chicken (Whole),169.24,211.55,186.75
2026-03-09,MKT_05,Beef (Rump),412.78,486.87,429.08
2026-03-09,MKT_05,Tilapia,122.62,163.5,146.68
2026-03-09,MKT_05,Bangus,158.4,221.76,174.6
2026-03-09,MKT_05,Tomatoes,62.17,113.97,112.51
2026-03-09,MKT_05,Red Onions,95.31,169.44,102.07
2026-03-09,MKT_05,Garlic,83.79,136.16,93.71
2026-03-10,MKT_01,Carrots,18.83,21.66,20.45
2026-03-10,MKT_01,Pork,294.41,323.85,314.71
2026-03-10,MKT_01,Rice (Sinandomeng),45.53,56.91,46.75
2026-03-10,MKT_01,Chicken (Whole),152.87,191.08,175.28
2026-03-10,MKT_01,Beef (Rump),384.3,453.28,419.45
2026-03-10,MKT_01,Tilapia,115.46,153.95,131.8
2026-03-10,MKT_01,Bangus,143.22,200.5,162.61
2026-03-10,MKT_01,Tomatoes,57.53,105.48,103.85
2026-03-10,MKT_01,Red Onions,85.9,152.72,125.09
2026-03-10,MKT_01,Garlic,77.77,126.37,118.6
2026-03-10,MKT_02,Carrots,19.5,22.42,20.14
2026-03-10,MKT_02,Pork,293.81,323.2,308.8
2026-03-10,MKT_02,Rice (Sinandomeng),47.46,59.32,54.67
2026-03-10,MKT_02,Chicken (Whole),157.9,197.38,183.2
2026-03-10,MKT_02,Beef (Rump),378.19,446.07,426.09
2026-03-10,MKT_02,Tilapia,119.08,158.77,127.89
2026-03-10,MKT_02,Bangus,145.84,204.17,170.33
2026-03-10,MKT_02,Tomatoes,57.88,106.11,82.4
2026-03-10,MKT_02,Red Onions,85.84,152.6,88.26
2026-03-10,MKT_02,Garlic,78.19,127.05,107.65
2026-03-10,MKT_02,Cabbage,38.25,66.94,62.76
2026-03-10,MKT_02,Potatoes,67.74,106.45,96.4
2026-03-10,MKT_02,Whole Fish (Galunggong),176.36,235.14,184.43
2026-03-10,MKT_03,Carrots,20.35,23.4,22.28
2026-03-10,MKT_03,Pork,298.74,328.61,301.12
2026-03-10,MKT_03,Rice (Sinandomeng),46.99,58.74,56.36
2026-03-10,MKT_03,Chicken (Whole),159.74,199.68,189.23
2026-03-10,MKT_03,Beef (Rump),396.51,467.67,440.47
2026-03-10,MKT_03,Tilapia,119.45,159.27,150.46
2026-03-10,MKT_03,Bangus,153.03,214.24,181.37
2026-03-10,MKT_03,Tomatoes,59.98,109.96,83.14
2026-03-10,MKT_04,Carrots,20.61,23.7,22.75
2026-03-10,MKT_04,Pork,306.98,337.68,312.82
2026-03-10,MKT_04,Rice (Sinandomeng),49.89,62.36,55.76
2026-03-10,MKT_04,Chicken (Whole),168.34,210.43,202.95
2026-03-10,MKT_04,Beef (Rump),395.05,465.96,398.99
2026-03-10,MKT_04,Tilapia,122.69,163.58,131.06
2026-03-10,MKT_04,Bangus,155.6,217.84,175.53
2026-03-10,MKT_04,Tomatoes,61.43,112.62,64.52
2026-03-10,MKT_04,Red Onions,89.38,158.9,100.74
2026-03-10,MKT_04,Garlic,81.25,132.04,93.37
2026-03-10,MKT_04,Cabbage,40.95,71.66,54.92
2026-03-10,MKT_04,Potatoes,73.07,114.83,91.8
2026-03-10,MKT_04,Whole Fish (Galunggong),183.88,245.17,232.0
2026-03-10,MKT_05,Carrots,20.54,23.62,21.37
2026-03-10,MKT_05,Pork,313.21,344.53,326.96
2026-03-10,MKT_05,Rice (Sinandomeng),50.98,63.72,58.3
2026-03-10,MKT_05,Chicken (Whole),164.91,206.13,181.02
2026-03-10,MKT_05,Beef (Rump),402.65,474.92,444.17
2026-03-10,MKT_05,Tilapia,123.71,164.94,141.24
2026-03-10,MKT_05,Bangus,153.1,214.34,193.53
2026-03-10,MKT_05,Tomatoes,62.45,114.5,106.47
2026-03-10,MKT_05,Red Onions,93.52,166.26,164.0
2026-03-10,MKT_05,Garlic,81.16,131.88,98.23
2026-03-11,MKT_01,Carrots,18.96,21.8,20.58
2026-03-11,MKT_01,Pork,288.85,317.73,291.85
2026-03-11,MKT_01,Rice (Sinandomeng),46.57,58.21,53.34
2026-03-11,MKT_01,Chicken (Whole),155.91,194.89,173.5
2026-03-11,MKT_01,Beef (Rump),378.89,446.9,418.48
2026-03-11,MKT_01,Tilapia,115.2,153.6,135.84
2026-03-11,MKT_01,Bangus,140.76,197.07,141.47
2026-03-11,MKT_01,Tomatoes,57.4,105.23,69.21
2026-03-11,MKT_01,Red Onions,83.19,147.89,112.26
2026-03-11,MKT_01,Garlic,77.03,125.18,123.77
2026-03-11,MKT_02,Carrots,19.4,22.31,20.16
2026-03-11,MKT_02,Pork,284.78,313.25,286.6
2026-03-11,MKT_02,Rice (Sinandomeng),47.31,59.14,56.05
2026-03-11,MKT_02,Chicken (Whole),160.29,200.37,166.65
2026-03-11,MKT_02,Beef (Rump),373.03,439.98,388.57
2026-03-11,MKT_02,Tilapia,118.42,157.9,119.36
2026-03-11,MKT_02,Bangus,146.11,204.56,153.32
2026-03-11,MKT_02,Tomatoes,58.11,106.54,105.37
2026-03-11,MKT_02,Red Onions,87.17,154.98,100.97
2026-03-11,MKT_02,Garlic,77.93,126.63,106.46
2026-03-11,MKT_02,Cabbage,38.96,68.18,57.54
2026-03-11,MKT_02,Potatoes,68.56,107.73,84.86
2026-03-11,MKT_02,Whole Fish (Galunggong),174.1,232.13,211.9
2026-03-11,MKT_03,Carrots,19.8,22.77,21.12
2026-03-11,MKT_03,Pork,302.49,332.74,319.52
2026-03-11,MKT_03,Rice (Sinandomeng),47.33,59.16,57.13
2026-03-11,MKT_03,Chicken (Whole),160.62,200.77,187.49
2026-03-11,MKT_03,Beef (Rump),387.98,457.62,396.37
2026-03-11,MKT_03,Tilapia,119.02,158.69,156.06
2026-03-11,MKT_03,Bangus,154.09,215.72,163.18
2026-03-11,MKT_03,Tomatoes,58.86,107.91,105.33
2026-03-11,MKT_04,Carrots,20.86,23.99,22.06
2026-03-11,MKT_04,Pork,309.75,340.72,340.09
2026-03-11,MKT_04,Rice (Sinandomeng),48.51,60.63,51.82
2026-03-11,MKT_04,Chicken (Whole),165.27,206.59,177.66
2026-03-11,MKT_04,Beef (Rump),381.96,450.52,383.49
2026-03-11,MKT_04,Tilapia,121.1,161.47,139.06
2026-03-11,MKT_04,Bangus,150.92,211.29,161.58
2026-03-11,MKT_04,Tomatoes,61.55,112.84,66.33
2026-03-11,MKT_04,Red Onions,92.75,164.89,139.5
2026-03-11,MKT_04,Garlic,82.04,133.32,82.69
2026-03-11,MKT_04,Cabbage,40.87,71.53,48.72
2026-03-11,MKT_04,Potatoes,72.38,113.74,76.57
2026-03-11,MKT_04,Whole Fish (Galunggong),185.7,247.6,217.5
2026-03-11,MKT_05,Carrots,20.6,23.69,22.79
2026-03-11,MKT_05,Pork,309.53,340.48,314.07
2026-03-11,MKT_05,Rice (Sinandomeng),50.43,63.04,53.09
2026-03-11,MKT_05,Chicken (Whole),166.28,207.85,206.46
2026-03-11,MKT_05,Beef (Rump),405.69,478.51,418.41
2026-03-11,MKT_05,Tilapia,125.06,166.74,138.42
2026-03-11,MKT_05,Bangus,152.05,212.87,169.34
2026-03-11,MKT_05,Tomatoes,61.77,113.25,111.35
2026-03-11,MKT_05,Red Onions,94.24,167.54,94.77
2026-03-11,MKT_05,Garlic,82.36,133.83,112.95
2026-03-12,MKT_01,Carrots,19.13,22.0,19.98
2026-03-12,MKT_01,Pork,290.1,319.11,308.85
2026-03-12,MKT_01,Rice (Sinandomeng),46.8,58.5,50.72
2026-03-12,MKT_01,Chicken (Whole),156.31,195.38,166.41
2026-03-12,MKT_01,Beef (Rump),381.37,449.82,412.38
2026-03-12,MKT_01,Tilapia,114.94,153.25,131.27
2026-03-12,MKT_01,Bangus,143.44,200.81,174.23
2026-03-12,MKT_01,Tomatoes,56.55,103.68,58.09
2026-03-12,MKT_01,Red Onions,88.37,157.11,134.94
2026-03-12,MKT_01,Garlic,76.45,124.23,106.66
2026-03-12,MKT_02,Carrots,20.03,23.03,21.61
2026-03-12,MKT_02,Pork,295.28,324.81,305.02
2026-03-12,MKT_02,Rice (Sinandomeng),47.79,59.74,54.71
2026-03-12,MKT_02,Chicken (Whole),156.61,195.76,182.83
2026-03-12,MKT_02,Beef (Rump),385.52,454.72,413.17
2026-03-12,MKT_02,Tilapia,119.56,159.41,140.01
2026-03-12,MKT_02,Bangus,145.88,204.23,168.64
2026-03-12,MKT_02,Tomatoes,59.88,109.78,65.06
2026-03-12,MKT_02,Red Onions,86.79,154.29,114.26
2026-03-12,MKT_02,Garlic,80.54,130.88,114.57
2026-03-12,MKT_02,Cabbage,39.29,68.75,61.76
2026-03-12,MKT_02,Potatoes,67.89,106.68,99.69
2026-03-12,MKT_02,Whole Fish (Galunggong),178.59,238.12,207.49
2026-03-12,MKT_03,Carrots,20.1,23.11,21.69
2026-03-12,MKT_03,Pork,292.3,321.53,303.9
2026-03-12,MKT_03,Rice (Sinandomeng),47.72,59.65,52.46
2026-03-12,MKT_03,Chicken (Whole),157.6,197.0,191.16
2026-03-12,MKT_03,Beef (Rump),384.61,453.64,389.86
2026-03-12,MKT_03,Tilapia,118.28,157.71,132.02
2026-03-12,MKT_03,Bangus,151.17,211.63,155.33
2026-03-12,MKT_03,Tomatoes,60.8,111.48,105.27
2026-03-12,MKT_04,Carrots,20.17,23.2,21.12
2026-03-12,MKT_04,Pork,297.26,326.99,322.86
2026-03-12,MKT_04,Rice (Sinandomeng),47.24,59.05,55.99
2026-03-12,MKT_04,Chicken (Whole),168.15,210.19,203.43
2026-03-12,MKT_04,Beef (Rump),398.72,470.29,399.89
2026-03-12,MKT_04,Tilapia,123.88,165.17,154.21
2026-03-12,MKT_04,Bangus,152.56,213.58,185.64
2026-03-12,MKT_04,Tomatoes,59.29,108.7,84.99
2026-03-12,MKT_04,Red Onions,92.36,164.19,139.28
2026-03-12,MKT_04,Garlic,83.58,135.82,128.21
2026-03-12,MKT_04,Cabbage,40.42,70.74,45.46
2026-03-12,MKT_04,Potatoes,69.07,108.54,96.02
2026-03-12,MKT_04,Whole Fish (Galunggong),180.45,240.59,195.73
2026-03-12,MKT_05,Carrots,21.06,24.22,22.46
2026-03-12,MKT_05,Pork,313.46,344.8,341.6
2026-03-12,MKT_05,Rice (Sinandomeng),50.79,63.48,51.53
2026-03-12,MKT_05,Chicken (Whole),166.42,208.03,191.47
2026-03-12,MKT_05,Beef (Rump),409.6,483.12,430.66
2026-03-12,MKT_05,Tilapia,124.04,165.39,152.25
2026-03-12,MKT_05,Bangus,153.53,214.94,156.13
2026-03-12,MKT_05,Tomatoes,63.02,115.53,84.6
2026-03-12,MKT_05,Red Onions,94.8,168.54,153.52
2026-03-12,MKT_05,Garlic,82.47,134.02,106.07
2026-03-13,MKT_01,Carrots,19.66,22.61,21.77
2026-03-13,MKT_01,Pork,295.08,324.58,307.69
2026-03-13,MKT_01,Rice (Sinandomeng),45.4,56.75,51.45
2026-03-13,MKT_01,Chicken (Whole),151.42,189.28,168.48
2026-03-13,MKT_01,Beef (Rump),369.35,435.64,416.77
2026-03-13,MKT_01,Tilapia,114.97,153.3,123.45
2026-03-13,MKT_01,Bangus,143.15,200.42,156.47
2026-03-13,MKT_01,Tomatoes,56.43,103.45,83.8
2026-03-13,MKT_01,Red Onions,85.27,151.59,120.86
2026-03-13,MKT_01,Garlic,74.27,120.69,84.01
2026-03-13,MKT_02,Carrots,19.01,21.86,19.58
2026-03-13,MKT_02,Pork,287.33,316.07,301.64
2026-03-13,MKT_02,Rice (Sinandomeng),48.47,60.59,56.83
2026-03-13,MKT_02,Chicken (Whole),161.2,201.5,168.68
2026-03-13,MKT_02,Beef (Rump),386.58,455.97,451.86
2026-03-13,MKT_02,Tilapia,116.52,155.37,122.17
2026-03-13,MKT_02,Bangus,143.64,201.09,147.53
2026-03-13,MKT_02,Tomatoes,58.79,107.78,74.91
2026-03-13,MKT_02,Red Onions,88.8,157.86,125.63
2026-03-13,MKT_02,Garlic,77.5,125.94,84.82
2026-03-13,MKT_02,Cabbage,39.43,69.01,49.56
2026-03-13,MKT_02,Potatoes,67.36,105.86,89.82
2026-03-13,MKT_02,Whole Fish (Galunggong),174.84,233.12,188.11
2026-03-13,MKT_03,Carrots,19.92,22.91,20.79
2026-03-13,MKT_03,Pork,308.42,339.26,316.79
2026-03-13,MKT_03,Rice (Sinandomeng),47.39,59.23,48.02
2026-03-13,MKT_03,Chicken (Whole),165.86,207.32,205.32
2026-03-13,MKT_03,Beef (Rump),392.56,463.02,434.0
2026-03-13,MKT_03,Tilapia,124.55,166.07,162.65
2026-03-13,MKT_03,Bangus,147.76,206.87,196.4
2026-03-13,MKT_03,Tomatoes,58.99,108.15,72.14
2026-03-13,MKT_04,Carrots,20.17,23.2,21.69
2026-03-13,MKT_04,Pork,306.1,336.71,308.61
2026-03-13,MKT_04,Rice (Sinandomeng),50.18,62.72,59.03
2026-03-13,MKT_04,Chicken (Whole),161.72,202.15,188.41
2026-03-13,MKT_04,Beef (Rump),403.06,475.4,433.99
2026-03-13,MKT_04,Tilapia,125.88,167.84,162.56
2026-03-13,MKT_04,Bangus,153.58,215.01,184.04
2026-03-13,MKT_04,Tomatoes,62.19,114.01,73.87
2026-03-13,MKT_04,Red Onions,90.71,161.27,118.24
2026-03-13,MKT_04,Garlic,82.09,133.4,102.91
2026-03-13,MKT_04,Cabbage,41.2,72.1,48.12
2026-03-13,MKT_04,Potatoes,69.99,109.98,77.36
2026-03-13,MKT_04,Whole Fish (Galunggong),181.17,241.56,225.82
2026-03-13,MKT_05,Carrots,20.71,23.82,22.02
2026-03-13,MKT_05,Pork,304.68,335.14,334.11
2026-03-13,MKT_05,Rice (Sinandomeng),49.4,61.74,50.92
2026-03-13,MKT_05,Chicken (Whole),165.95,207.43,190.36
2026-03-13,MKT_05,Beef (Rump),396.96,468.21,427.8
2026-03-13,MKT_05,Tilapia,128.05,170.73,130.8
2026-03-13,MKT_05,Bangus,158.27,221.58,168.09
2026-03-13,MKT_05,Tomatoes,65.58,120.22,71.65
2026-03-13,MKT_05,Red Onions,91.92,163.41,110.14
2026-03-13,MKT_05,Garlic,83.74,136.08,93.15
2026-03-14,MKT_01,Carrots,18.98,21.83,19.87
2026-03-14,MKT_01,Pork,282.93,311.23,296.86
2026-03-14,MKT_01,Rice (Sinandomeng),46.76,58.45,49.02
2026-03-14,MKT_01,Chicken (Whole),153.73,192.17,184.34
2026-03-14,MKT_01,Beef (Rump),372.25,439.07,398.98
2026-03-14,MKT_01,Tilapia,115.72,154.29,122.61
2026-03-14,MKT_01,Bangus,142.07,198.89,173.62
2026-03-14,MKT_01,Tomatoes,56.8,104.13,76.36
2026-03-14,MKT_01,Red Onions,85.47,151.95,95.34
2026-03-14,MKT_01,Garlic,78.2,127.07,119.77
2026-03-14,MKT_02,Carrots,19.92,22.91,21.55
2026-03-14,MKT_02,Pork,288.21,317.03,301.83
2026-03-14,MKT_02,Rice (Sinandomeng),48.3,60.38,49.77
2026-03-14,MKT_02,Chicken (Whole),156.72,195.91,182.74
2026-03-14,MKT_02,Beef (Rump),384.73,453.78,414.99
2026-03-14,MKT_02,Tilapia,116.31,155.08,132.05
2026-03-14,MKT_02,Bangus,147.05,205.87,154.87
2026-03-14,MKT_02,Tomatoes,57.78,105.93,80.75
2026-03-14,MKT_02,Red Onions,87.14,154.92,119.75
2026-03-14,MKT_02,Garlic,79.42,129.06,128.17
2026-03-14,MKT_02,Cabbage,39.73,69.52,52.17
2026-03-14,MKT_02,Potatoes,69.1,108.59,99.15
2026-03-14,MKT_02,Whole Fish (Galunggong),175.24,233.65,224.29
2026-03-14,MKT_03,Carrots,19.61,22.55,20.78
2026-03-14,MKT_03,Pork,305.85,336.43,323.69
2026-03-14,MKT_03,Rice (Sinandomeng),48.69,60.86,53.18
2026-03-14,MKT_03,Chicken (Whole),155.59,194.48,159.27
2026-03-14,MKT_03,Beef (Rump),395.25,466.2,465.2
2026-03-14,MKT_03,Tilapia,119.34,159.12,145.06
2026-03-14,MKT_03,Bangus,151.58,212.21,171.7
2026-03-14,MKT_03,Tomatoes,58.68,107.58,75.61
2026-03-14,MKT_04,Carrots,20.2,23.23,21.53
2026-03-14,MKT_04,Pork,306.43,337.07,334.9
2026-03-14,MKT_04,Rice (Sinandomeng),50.26,62.83,51.24
2026-03-14,MKT_04,Chicken (Whole),169.6,212.0,208.2
2026-03-14,MKT_04,Beef (Rump),398.37,469.87,402.34
2026-03-14,MKT_04,Tilapia,124.41,165.88,134.7
2026-03-14,MKT_04,Bangus,153.52,214.93,206.96
2026-03-14,MKT_04,Tomatoes,61.38,112.52,83.89
2026-03-14,MKT_04,Red Onions,92.53,164.49,96.21
2026-03-14,MKT_04,Garlic,81.53,132.49,83.48
2026-03-14,MKT_04,Cabbage,41.3,72.27,62.47
2026-03-14,MKT_04,Potatoes,70.28,110.44,79.17
2026-03-14,MKT_04,Whole Fish (Galunggong),183.46,244.61,187.84
2026-03-14,MKT_05,Carrots,21.37,24.58,22.99
2026-03-14,MKT_05,Pork,317.24,348.96,342.84
2026-03-14,MKT_05,Rice (Sinandomeng),50.15,62.69,50.8
2026-03-14,MKT_05,Chicken (Whole),168.81,211.01,197.95
2026-03-14,MKT_05,Beef (Rump),414.73,489.17,462.9
2026-03-14,MKT_05,Tilapia,121.29,161.72,135.6
2026-03-14,MKT_05,Bangus,155.38,217.53,178.72
2026-03-14,MKT_05,Tomatoes,61.8,113.29,73.12
2026-03-14,MKT_05,Red Onions,91.71,163.03,94.61
2026-03-14,MKT_05,Garlic,85.71,139.28,103.01
2026-03-15,MKT_01,Carrots,19.38,22.28,21.26
2026-03-15,MKT_01,Pork,292.33,321.56,312.54
2026-03-15,MKT_01,Rice (Sinandomeng),45.63,57.03,48.96
2026-03-15,MKT_01,Chicken (Whole),152.89,191.11,184.35
2026-03-15,MKT_01,Beef (Rump),374.37,441.56,375.51
2026-03-15,MKT_01,Tilapia,115.92,154.56,121.69
2026-03-15,MKT_01,Bangus,145.77,204.07,150.57
2026-03-15,MKT_01,Tomatoes,56.0,102.67,99.58
2026-03-15,MKT_01,Red Onions,87.36,155.32,140.12
2026-03-15,MKT_01,Garlic,76.52,124.34,112.39
2026-03-15,MKT_02,Carrots,20.08,23.09,21.86
2026-03-15,MKT_02,Pork,300.09,330.1,318.83
2026-03-15,MKT_02,Rice (Sinandomeng),47.25,59.06,55.67
2026-03-15,MKT_02,Chicken (Whole),156.88,196.1,187.07
2026-03-15,MKT_02,Beef (Rump),380.39,448.67,386.53
2026-03-15,MKT_02,Tilapia,118.33,157.77,137.39
2026-03-15,MKT_02,Bangus,149.9,209.86,176.57
2026-03-15,MKT_02,Tomatoes,58.85,107.89,86.77
2026-03-15,MKT_02,Red Onions,87.45,155.46,129.18
2026-03-15,MKT_02,Garlic,78.44,127.46,118.7
2026-03-15,MKT_02,Cabbage,39.39,68.93,56.83
2026-03-15,MKT_02,Potatoes,67.42,105.94,74.08
2026-03-15,MKT_02,Whole Fish (Galunggong),172.72,230.29,182.91
2026-03-15,MKT_03,Carrots,19.84,22.82,21.66
2026-03-15,MKT_03,Pork,307.22,337.95,310.34
2026-03-15,MKT_03,Rice (Sinandomeng),48.88,61.1,59.41
2026-03-15,MKT_03,Chicken (Whole),156.23,195.29,174.33
2026-03-15,MKT_03,Beef (Rump),384.55,453.57,411.58
2026-03-15,MKT_03,Tilapia,121.38,161.84,152.72
2026-03-15,MKT_03,Bangus,149.07,208.7,204.14
2026-03-15,MKT_03,Tomatoes,60.41,110.76,74.46
2026-03-15,MKT_04,Carrots,19.94,22.93,22.08
2026-03-15,MKT_04,Pork,306.05,336.66,316.59
2026-03-15,MKT_04,Rice (Sinandomeng),48.89,61.12,53.01
2026-03-15,MKT_04,Chicken (Whole),165.52,206.9,190.62
2026-03-15,MKT_04,Beef (Rump),400.13,471.95,461.05
2026-03-15,MKT_04,Tilapia,122.66,163.54,141.13
2026-03-15,MKT_04,Bangus,149.12,208.76,150.3
2026-03-15,MKT_04,Tomatoes,62.96,115.42,93.92
2026-03-15,MKT_04,Red Onions,92.73,164.85,145.59
2026-03-15,MKT_04,Garlic,80.75,131.21,87.01
2026-03-15,MKT_04,Cabbage,40.87,71.52,59.06
2026-03-15,MKT_04,Potatoes,71.0,111.57,88.5
2026-03-15,MKT_04,Whole Fish (Galunggong),183.04,244.06,216.81
2026-03-15,MKT_05,Carrots,21.16,24.34,23.06
2026-03-15,MKT_05,Pork,307.78,338.56,318.19
2026-03-15,MKT_05,Rice (Sinandomeng),50.45,63.06,58.35
2026-03-15,MKT_05,Chicken (Whole),169.41,211.76,192.79
2026-03-15,MKT_05,Beef (Rump),408.87,482.26,468.58
2026-03-15,MKT_05,Tilapia,124.52,166.02,148.82
2026-03-15,MKT_05,Bangus,154.25,215.94,175.41
2026-03-15,MKT_05,Tomatoes,61.81,113.32,86.38
2026-03-15,MKT_05,Red Onions,93.79,166.73,106.19
2026-03-15,MKT_05,Garlic,80.94,131.52,129.92
2026-03-16,MKT_01,Carrots,19.22,22.1,21.08
2026-03-16,MKT_01,Pork,291.89,321.08,304.68
2026-03-16,MKT_01,Rice (Sinandomeng),45.03,56.29,48.62
2026-03-16,MKT_01,Chicken (Whole),156.46,195.57,179.0
2026-03-16,MKT_01,Beef (Rump),390.26,460.3,410.55
2026-03-16,MKT_01,Tilapia,115.09,153.45,129.3
2026-03-16,MKT_01,Bangus,143.5,200.91,149.85
2026-03-16,MKT_01,Tomatoes,57.49,105.39,96.12
2026-03-16,MKT_01,Red Onions,86.54,153.85,105.11
2026-03-16,MKT_01,Garlic,76.44,124.22,117.71
2026-03-16,MKT_02,Carrots,19.02,21.87,20.48
2026-03-16,MKT_02,Pork,293.33,322.66,304.65
2026-03-16,MKT_02,Rice (Sinandomeng),46.33,57.92,57.39
2026-03-16,MKT_02,Chicken (Whole),157.19,196.49,173.99
2026-03-16,MKT_02,Beef (Rump),389.89,459.87,415.49
2026-03-16,MKT_02,Tilapia,115.89,154.52,147.75
2026-03-16,MKT_02,Bangus,150.94,211.32,157.82
2026-03-16,MKT_02,Tomatoes,58.47,107.2,99.36
2026-03-16,MKT_02,Red Onions,87.07,154.78,97.26
2026-03-16,MKT_02,Garlic,79.22,128.74,95.07
2026-03-16,MKT_02,Cabbage,38.91,68.1,50.61
2026-03-16,MKT_02,Potatoes,68.55,107.73,90.86
2026-03-16,MKT_02,Whole Fish (Galunggong),176.46,235.28,224.32
2026-03-16,MKT_03,Carrots,20.19,23.22,21.8
2026-03-16,MKT_03,Pork,299.67,329.63,316.84
2026-03-16,MKT_03,Rice (Sinandomeng),47.87,59.83,58.79
2026-03-16,MKT_03,Chicken (Whole),159.06,198.83,168.09
2026-03-16,MKT_03,Beef (Rump),393.02,463.56,407.51
2026-03-16,MKT_03,Tilapia,119.05,158.73,139.06
2026-03-16,MKT_03,Bangus,153.04,214.26,181.5
2026-03-16,MKT_03,Tomatoes,60.03,110.06,62.03
2026-03-16,MKT_04,Carrots,19.9,22.88,20.66
2026-03-16,MKT_04,Pork,307.39,338.13,320.47
2026-03-16,MKT_04,Rice (Sinandomeng),49.3,61.63,55.66
2026-03-16,MKT_04,Chicken (Whole),166.48,208.1,198.83
2026-03-16,MKT_04,Beef (Rump),393.48,464.11,447.13
2026-03-16,MKT_04,Tilapia,120.82,161.1,134.6
2026-03-16,MKT_04,Bangus,154.49,216.28,183.55
2026-03-16,MKT_04,Tomatoes,62.25,114.13,79.51
2026-03-16,MKT_04,Red Onions,90.75,161.34,100.87
2026-03-16,MKT_04,Garlic,81.93,133.13,93.77
2026-03-16,MKT_04,Cabbage,40.77,71.34,59.37
2026-03-16,MKT_04,Potatoes,70.62,110.98,90.32
2026-03-16,MKT_04,Whole Fish (Galunggong),183.29,244.38,225.98
2026-03-16,MKT_05,Carrots,21.13,24.29,22.25
2026-03-16,MKT_05,Pork,312.17,343.39,315.28
2026-03-16,MKT_05,Rice (Sinandomeng),49.8,62.25,56.9
2026-03-16,MKT_05,Chicken (Whole),167.85,209.81,200.79
2026-03-16,MKT_05,Beef (Rump),412.54,486.59,422.93
2026-03-16,MKT_05,Tilapia,123.06,164.08,135.22
2026-03-16,MKT_05,Bangus,156.71,219.39,170.94
2026-03-16,MKT_05,Tomatoes,62.08,113.81,98.97
2026-03-16,MKT_05,Red Onions,93.66,166.5,132.96
2026-03-16,MKT_05,Garlic,84.02,136.54,108.27
2026-03-17,MKT_01,Carrots,19.12,21.98,20.74
2026-03-17,MKT_01,Pork,278.89,306.78,305.9
2026-03-17,MKT_01,Rice (Sinandomeng),46.02,57.53,53.43
2026-03-17,MKT_01,Chicken (Whole),155.98,194.97,190.48
2026-03-17,MKT_01,Beef (Rump),377.03,444.71,405.25
2026-03-17,MKT_01,Tilapia,115.01,153.35,137.95
2026-03-17,MKT_01,Bangus,144.31,202.04,158.69
2026-03-17,MKT_01,Tomatoes,57.66,105.71,93.27
2026-03-17,MKT_01,Red Onions,84.05,149.42,134.54
2026-03-17,MKT_01,Garlic,76.99,125.11,103.51
2026-03-17,MKT_02,Carrots,19.22,22.1,20.62
2026-03-17,MKT_02,Pork,299.2,329.12,317.55
2026-03-17,MKT_02,Rice (Sinandomeng),46.11,57.64,56.74
2026-03-17,MKT_02,Chicken (Whole),155.82,194.78,175.74
2026-03-17,MKT_02,Beef (Rump),378.74,446.72,403.03
2026-03-17,MKT_02,Tilapia,120.4,160.53,136.83
2026-03-17,MKT_02,Bangus,149.49,209.29,181.95
2026-03-17,MKT_02,Tomatoes,56.75,104.05,80.27
2026-03-17,MKT_02,Red Onions,88.18,156.77,100.11
2026-03-17,MKT_02,Garlic,77.06,125.21,83.51
2026-03-17,MKT_02,Cabbage,39.3,68.77,58.58
2026-03-17,MKT_02,Potatoes,69.3,108.89,85.31
2026-03-17,MKT_02,Whole Fish (Galunggong),177.06,236.08,222.19
2026-03-17,MKT_03,Carrots,20.22,23.25,21.47
2026-03-17,MKT_03,Pork,298.84,328.73,307.17
2026-03-17,MKT_03,Rice (Sinandomeng),48.2,60.25,51.86
2026-03-17,MKT_03,Chicken (Whole),161.65,202.06,163.41
2026-03-17,MKT_03,Beef (Rump),387.4,456.94,393.12
2026-03-17,MKT_03,Tilapia,118.46,157.95,127.88
2026-03-17,MKT_03,Bangus,148.55,207.97,195.67
2026-03-17,MKT_03,Tomatoes,59.89,109.81,81.39
2026-03-17,MKT_04,Carrots,20.4,23.47,21.74
2026-03-17,MKT_04,Pork,307.51,338.26,328.9
2026-03-17,MKT_04,Rice (Sinandomeng),48.43,60.54,56.94
2026-03-17,MKT_04,Chicken (Whole),164.93,206.16,203.47
2026-03-17,MKT_04,Beef (Rump),408.45,481.76,440.98
2026-03-17,MKT_04,Tilapia,121.35,161.8,158.65
2026-03-17,MKT_04,Bangus,158.52,221.92,163.77
2026-03-17,MKT_04,Tomatoes,62.99,115.47,104.26
2026-03-17,MKT_04,Red Onions,91.82,163.23,133.37
2026-03-17,MKT_04,Garlic,81.42,132.31,83.09
2026-03-17,MKT_04,Cabbage,40.41,70.71,50.56
2026-03-17,MKT_04,Potatoes,72.32,113.64,106.95
2026-03-17,MKT_04,Whole Fish (Galunggong),183.81,245.08,191.99
2026-03-17,MKT_05,Carrots,20.85,23.98,22.48
2026-03-17,MKT_05,Pork,308.25,339.07,316.69
2026-03-17,MKT_05,Rice (Sinandomeng),50.57,63.21,55.54
2026-03-17,MKT_05,Chicken (Whole),165.86,207.32,196.17
2026-03-17,MKT_05,Beef (Rump),399.43,471.12,465.53
2026-03-17,MKT_05,Tilapia,124.68,166.24,143.6
2026-03-17,MKT_05,Bangus,154.26,215.96,155.91
2026-03-17,MKT_05,Tomatoes,63.63,116.66,69.36
2026-03-17,MKT_05,Red Onions,96.26,171.12,121.48
2026-03-17,MKT_05,Garlic,83.15,135.12,119.1
2026-03-18,MKT_01,Carrots,19.52,22.45,20.97
2026-03-18,MKT_01,Pork,292.71,321.98,319.07
2026-03-18,MKT_01,Rice (Sinandomeng),43.95,54.94,46.44
2026-03-18,MKT_01,Chicken (Whole),152.06,190.07,163.95
2026-03-18,MKT_01,Beef (Rump),375.12,442.44,392.1
2026-03-18,MKT_01,Tilapia,114.45,152.59,126.25
2026-03-18,MKT_01,Bangus,142.39,199.35,156.44
2026-03-18,MKT_01,Tomatoes,58.61,107.45,67.2
2026-03-18,MKT_01,Red Onions,85.78,152.5,116.1
2026-03-18,MKT_01,Garlic,77.21,125.46,101.66
2026-03-18,MKT_02,Carrots,19.91,22.89,22.02
2026-03-18,MKT_02,Pork,300.46,330.51,302.26
2026-03-18,MKT_02,Rice (Sinandomeng),46.28,57.85,48.32
2026-03-18,MKT_02,Chicken (Whole),154.47,193.08,165.85
2026-03-18,MKT_02,Beef (Rump),383.51,452.35,429.04
2026-03-18,MKT_02,Tilapia,114.1,152.13,128.71
2026-03-18,MKT_02,Bangus,144.91,202.88,161.95
2026-03-18,MKT_02,Tomatoes,59.92,109.85,86.9
2026-03-18,MKT_02,Red Onions,89.06,158.32,138.81
2026-03-18,MKT_02,Garlic,78.26,127.17,82.98
2026-03-18,MKT_02,Cabbage,39.48,69.1,57.47
2026-03-18,MKT_02,Potatoes,69.34,108.97,101.53
2026-03-18,MKT_02,Whole Fish (Galunggong),172.69,230.25,202.15
2026-03-18,MKT_03,Carrots,19.86,22.84,21.45
2026-03-18,MKT_03,Pork,310.66,341.73,339.69
2026-03-18,MKT_03,Rice (Sinandomeng),49.0,61.26,59.66
2026-03-18,MKT_03,Chicken (Whole),160.58,200.73,198.02
2026-03-18,MKT_03,Beef (Rump),391.76,462.08,399.09
2026-03-18,MKT_03,Tilapia,119.93,159.91,153.43
2026-03-18,MKT_03,Bangus,146.09,204.53,175.61
2026-03-18,MKT_03,Tomatoes,59.46,109.01,72.21
2026-03-18,MKT_04,Carrots,20.52,23.6,22.54
2026-03-18,MKT_04,Pork,303.97,334.37,312.26
2026-03-18,MKT_04,Rice (Sinandomeng),48.23,60.28,52.6
2026-03-18,MKT_04,Chicken (Whole),161.04,201.3,183.34
2026-03-18,MKT_04,Beef (Rump),406.1,478.99,413.78
2026-03-18,MKT_04,Tilapia,121.49,161.99,147.61
2026-03-18,MKT_04,Bangus,155.65,217.91,200.59
2026-03-18,MKT_04,Tomatoes,61.48,112.71,92.93
2026-03-18,MKT_04,Red Onions,91.49,162.65,122.07
2026-03-18,MKT_04,Garlic,80.69,131.12,97.88
2026-03-18,MKT_04,Cabbage,41.2,72.1,65.91
2026-03-18,MKT_04,Potatoes,72.49,113.91,90.82
2026-03-18,MKT_04,Whole Fish (Galunggong),185.66,247.55,229.79
2026-03-18,MKT_05,Carrots,20.41,23.48,22.22
2026-03-18,MKT_05,Pork,309.73,340.7,339.48
2026-03-18,MKT_05,Rice (Sinandomeng),49.64,62.05,57.83
2026-03-18,MKT_05,Chicken (Whole),161.82,202.27,183.68
2026-03-18,MKT_05,Beef (Rump),408.32,481.6,413.03
2026-03-18,MKT_05,Tilapia,125.9,167.86,167.3
2026-03-18,MKT_05,Bangus,157.29,220.2,198.11
2026-03-18,MKT_05,Tomatoes,62.76,115.06,107.19
2026-03-18,MKT_05,Red Onions,93.18,165.65,156.32
2026-03-18,MKT_05,Garlic,82.24,133.65,92.91
2026-03-19,MKT_01,Carrots,19.11,21.97,21.2
2026-03-19,MKT_01,Pork,289.41,318.36,309.11
2026-03-19,MKT_01,Rice (Sinandomeng),47.0,58.75,52.01
2026-03-19,MKT_01,Chicken (Whole),153.79,192.23,161.55
2026-03-19,MKT_01,Beef (Rump),374.66,441.9,410.36
2026-03-19,MKT_01,Tilapia,111.9,149.19,141.63
2026-03-19,MKT_01,Bangus,144.86,202.8,189.82
2026-03-19,MKT_01,Tomatoes,58.83,107.85,68.54
2026-03-19,MKT_01,Red Onions,86.25,153.34,132.7
2026-03-19,MKT_01,Garlic,76.58,124.44,96.27
2026-03-19,MKT_02,Carrots,19.49,22.41,20.01
2026-03-19,MKT_02,Pork,297.15,326.86,306.28
2026-03-19,MKT_02,Rice (Sinandomeng),45.69,57.11,51.76
2026-03-19,MKT_02,Chicken (Whole),159.63,199.54,194.24
2026-03-19,MKT_02,Beef (Rump),380.87,449.23,412.5
2026-03-19,MKT_02,Tilapia,118.32,157.76,139.93
2026-03-19,MKT_02,Bangus,148.76,208.26,171.37
2026-03-19,MKT_02,Tomatoes,57.98,106.3,58.86
2026-03-19,MKT_02,Red Onions,88.17,156.75,121.67
2026-03-19,MKT_02,Garlic,78.1,126.92,79.68
2026-03-19,MKT_02,Cabbage,38.52,67.41,54.64
2026-03-19,MKT_02,Potatoes,69.68,109.5,81.86
2026-03-19,MKT_02,Whole Fish (Galunggong),175.52,234.02,189.38
2026-03-19,MKT_03,Carrots,19.65,22.6,21.19
2026-03-19,MKT_03,Pork,300.18,330.2,305.25
2026-03-19,MKT_03,Rice (Sinandomeng),46.98,58.72,54.69
2026-03-19,MKT_03,Chicken (Whole),158.92,198.65,177.54
2026-03-19,MKT_03,Beef (Rump),391.72,462.03,397.13
2026-03-19,MKT_03,Tilapia,117.28,156.37,137.88
2026-03-19,MKT_03,Bangus,151.42,211.99,182.75
2026-03-19,MKT_03,Tomatoes,60.08,110.15,89.19
2026-03-19,MKT_04,Carrots,20.64,23.73,21.98
2026-03-19,MKT_04,Pork,309.49,340.44,322.94
2026-03-19,MKT_04,Rice (Sinandomeng),48.61,60.76,58.35
2026-03-19,MKT_04,Chicken (Whole),162.1,202.63,190.32
2026-03-19,MKT_04,Beef (Rump),400.58,472.48,421.69
2026-03-19,MKT_04,Tilapia,120.5,160.67,149.42
2026-03-19,MKT_04,Bangus,150.64,210.89,164.76
2026-03-19,MKT_04,Tomatoes,60.64,111.18,84.72
2026-03-19,MKT_04,Red Onions,89.98,159.96,93.55
2026-03-19,MKT_04,Garlic,80.18,130.3,102.71
2026-03-19,MKT_04,Cabbage,40.11,70.19,58.82
2026-03-19,MKT_04,Potatoes,71.06,111.67,105.6
2026-03-19,MKT_04,Whole Fish (Galunggong),182.61,243.48,198.45
2026-03-19,MKT_05,Carrots,21.08,24.25,23.02
2026-03-19,MKT_05,Pork,310.62,341.69,321.4
2026-03-19,MKT_05,Rice (Sinandomeng),49.85,62.31,59.67
2026-03-19,MKT_05,Chicken (Whole),170.55,213.19,210.8
2026-03-19,MKT_05,Beef (Rump),392.46,462.91,425.26
2026-03-19,MKT_05,Tilapia,125.15,166.87,153.74
2026-03-19,MKT_05,Bangus,155.49,217.69,212.18
2026-03-19,MKT_05,Tomatoes,62.67,114.89,104.92
2026-03-19,MKT_05,Red Onions,92.85,165.06,101.34
2026-03-19,MKT_05,Garlic,82.83,134.59,98.11
2026-03-20,MKT_01,Carrots,19.57,22.5,21.81
2026-03-20,MKT_01,Pork,290.07,319.08,308.04
2026-03-20,MKT_01,Rice (Sinandomeng),45.89,57.36,51.64
2026-03-20,MKT_01,Chicken (Whole),151.74,189.68,153.84
2026-03-20,MKT_01,Beef (Rump),368.2,434.29,410.82
2026-03-20,MKT_01,Tilapia,114.3,152.4,132.02
2026-03-20,MKT_01,Bangus,137.76,192.86,189.98
2026-03-20,MKT_01,Tomatoes,57.44,105.3,68.0
2026-03-20,MKT_01,Red Onions,88.73,157.74,127.1
2026-03-20,MKT_01,Garlic,76.95,125.04,121.2
2026-03-20,MKT_02,Carrots,19.4,22.31,20.07
2026-03-20,MKT_02,Pork,283.91,312.3,301.09
2026-03-20,MKT_02,Rice (Sinandomeng),46.46,58.08,52.74
2026-03-20,MKT_02,Chicken (Whole),155.6,194.5,176.27
2026-03-20,MKT_02,Beef (Rump),383.47,452.3,426.28
2026-03-20,MKT_02,Tilapia,116.76,155.68,124.43
2026-03-20,MKT_02,Bangus,151.01,211.42,182.96
2026-03-20,MKT_02,Tomatoes,58.58,107.39,77.99
2026-03-20,MKT_02,Red Onions,89.53,159.16,154.48
2026-03-20,MKT_02,Garlic,76.5,124.31,108.44
2026-03-20,MKT_02,Cabbage,39.16,68.52,64.92
2026-03-20,MKT_02,Potatoes,67.77,106.5,71.83
2026-03-20,MKT_02,Whole Fish (Galunggong),179.14,238.86,204.21
2026-03-20,MKT_03,Carrots,19.88,22.86,21.25
2026-03-20,MKT_03,Pork,305.67,336.24,307.17
2026-03-20,MKT_03,Rice (Sinandomeng),48.44,60.55,55.53
2026-03-20,MKT_03,Chicken (Whole),158.73,198.41,172.69
2026-03-20,MKT_03,Beef (Rump),383.71,452.58,416.05
2026-03-20,MKT_03,Tilapia,118.68,158.23,124.79
2026-03-20,MKT_03,Bangus,149.3,209.02,151.76
2026-03-20,MKT_03,Tomatoes,60.55,111.01,66.77
2026-03-20,MKT_04,Carrots,20.39,23.45,22.84
2026-03-20,MKT_04,Pork,309.58,340.53,329.41
2026-03-20,MKT_04,Rice (Sinandomeng),49.93,62.41,59.92
2026-03-20,MKT_04,Chicken (Whole),163.23,204.04,191.48
2026-03-20,MKT_04,Beef (Rump),392.06,462.43,433.27
2026-03-20,MKT_04,Tilapia,123.02,164.02,138.69
2026-03-20,MKT_04,Bangus,157.31,220.24,178.88
2026-03-20,MKT_04,Tomatoes,61.97,113.61,87.6
2026-03-20,MKT_04,Red Onions,92.16,163.83,150.94
2026-03-20,MKT_04,Garlic,80.56,130.91,84.1
2026-03-20,MKT_04,Cabbage,40.67,71.18,42.68
2026-03-20,MKT_04,Potatoes,69.79,109.67,98.2
2026-03-20,MKT_04,Whole Fish (Galunggong),180.55,240.74,225.02
2026-03-20,MKT_05,Carrots,20.91,24.05,21.72
2026-03-20,MKT_05,Pork,304.26,334.68,308.7
2026-03-20,MKT_05,Rice (Sinandomeng),49.66,62.08,54.22
2026-03-20,MKT_05,Chicken (Whole),163.46,204.33,195.5
2026-03-20,MKT_05,Beef (Rump),399.25,470.91,451.97
2026-03-20,MKT_05,Tilapia,124.85,166.47,141.47
2026-03-20,MKT_05,Bangus,154.35,216.09,185.08
2026-03-20,MKT_05,Tomatoes,61.14,112.09,78.78
2026-03-20,MKT_05,Red Onions,92.84,165.05,94.71
2026-03-20,MKT_05,Garlic,81.49,132.41,120.55
2026-03-21,MKT_01,Carrots,19.56,22.49,21.63
2026-03-21,MKT_01,Pork,291.0,320.1,305.37
2026-03-21,MKT_01,Rice (Sinandomeng),46.56,58.2,54.5
2026-03-21,MKT_01,Chicken (Whole),151.63,189.53,161.22
2026-03-21,MKT_01,Beef (Rump),376.72,444.33,425.33
2026-03-21,MKT_01,Tilapia,115.51,154.01,123.15
2026-03-21,MKT_01,Bangus,142.3,199.22,164.59
2026-03-21,MKT_01,Tomatoes,57.51,105.43,92.81
2026-03-21,MKT_01,Red Onions,84.28,149.82,123.2
2026-03-21,MKT_01,Garlic,75.54,122.75,116.34
2026-03-21,MKT_02,Carrots,19.56,22.5,20.37
2026-03-21,MKT_02,Pork,291.71,320.88,311.8
2026-03-21,MKT_02,Rice (Sinandomeng),47.26,59.08,50.86
2026-03-21,MKT_02,Chicken (Whole),155.04,193.81,163.05
2026-03-21,MKT_02,Beef (Rump),380.0,448.21,413.0
2026-03-21,MKT_02,Tilapia,117.51,156.68,137.13
2026-03-21,MKT_02,Bangus,145.18,203.26,167.16
2026-03-21,MKT_02,Tomatoes,58.45,107.15,91.02
2026-03-21,MKT_02,Red Onions,88.42,157.19,128.89
2026-03-21,MKT_02,Garlic,80.19,130.32,90.55
2026-03-21,MKT_02,Cabbage,38.72,67.76,46.21
2026-03-21,MKT_02,Potatoes,68.07,106.97,77.09
2026-03-21,MKT_02,Whole Fish (Galunggong),183.75,245.0,241.18
2026-03-21,MKT_03,Carrots,20.25,23.29,21.15
2026-03-21,MKT_03,Pork,304.96,335.45,321.98
2026-03-21,MKT_03,Rice (Sinandomeng),48.35,60.44,51.68
2026-03-21,MKT_03,Chicken (Whole),162.58,203.22,164.96
2026-03-21,MKT_03,Beef (Rump),385.01,454.11,400.44
2026-03-21,MKT_03,Tilapia,121.74,162.32,140.26
2026-03-21,MKT_03,Bangus,151.58,212.22,193.71
2026-03-21,MKT_03,Tomatoes,59.01,108.19,78.69
2026-03-21,MKT_04,Carrots,20.29,23.34,21.98
2026-03-21,MKT_04,Pork,296.69,326.36,311.76
2026-03-21,MKT_04,Rice (Sinandomeng),49.02,61.28,49.79
2026-03-21,MKT_04,Chicken (Whole),165.47,206.84,188.33
2026-03-21,MKT_04,Beef (Rump),394.57,465.39,426.53
2026-03-21,MKT_04,Tilapia,120.6,160.81,136.12
2026-03-21,MKT_04,Bangus,150.62,210.86,200.62
2026-03-21,MKT_04,Tomatoes,61.14,112.1,81.29
2026-03-21,MKT_04,Red Onions,92.45,164.36,152.98
2026-03-21,MKT_04,Garlic,83.42,135.56,95.73
2026-03-21,MKT_04,Cabbage,39.52,69.16,61.31
2026-03-21,MKT_04,Potatoes,72.84,114.46,105.05
2026-03-21,MKT_04,Whole Fish (Galunggong),183.98,245.31,197.45
2026-03-21,MKT_05,Carrots,21.07,24.23,22.32
2026-03-21,MKT_05,Pork,314.89,346.38,320.65
2026-03-21,MKT_05,Rice (Sinandomeng),49.92,62.4,54.47
2026-03-21,MKT_05,Chicken (Whole),166.3,207.88,189.32
2026-03-21,MKT_05,Beef (Rump),407.56,480.71,426.66
2026-03-21,MKT_05,Tilapia,124.28,165.7,133.93
2026-03-21,MKT_05,Bangus,155.52,217.72,169.18
2026-03-21,MKT_05,Tomatoes,59.16,108.46,72.79
2026-03-21,MKT_05,Red Onions,94.32,167.68,150.54
2026-03-21,MKT_05,Garlic,82.23,133.63,106.03
2026-03-22,MKT_01,Carrots,19.5,22.42,20.27
2026-03-22,MKT_01,Pork,292.06,321.27,319.82
2026-03-22,MKT_01,Rice (Sinandomeng),45.72,57.15,48.16
2026-03-22,MKT_01,Chicken (Whole),154.9,193.63,160.14
2026-03-22,MKT_01,Beef (Rump),376.8,444.43,408.59
2026-03-22,MKT_01,Tilapia,114.13,152.17,143.63
2026-03-22,MKT_01,Bangus,145.39,203.55,185.12
2026-03-22,MKT_01,Tomatoes,58.91,108.0,60.29
2026-03-22,MKT_01,Red Onions,87.79,156.08,88.92
2026-03-22,MKT_01,Garlic,75.11,122.05,77.12
2026-03-22,MKT_02,Carrots,19.73,22.69,20.75
2026-03-22,MKT_02,Pork,297.83,327.61,318.13
2026-03-22,MKT_02,Rice (Sinandomeng),46.57,58.21,47.45
2026-03-22,MKT_02,Chicken (Whole),159.19,198.98,195.87
2026-03-22,MKT_02,Beef (Rump),377.74,445.54,411.1
2026-03-22,MKT_02,Tilapia,117.06,156.08,146.78
2026-03-22,MKT_02,Bangus,145.36,203.51,159.73
2026-03-22,MKT_02,Tomatoes,58.01,106.35,105.46
2026-03-22,MKT_02,Red Onions,88.65,157.6,152.02
2026-03-22,MKT_02,Garlic,76.8,124.8,84.2
2026-03-22,MKT_02,Cabbage,39.05,68.34,57.49
2026-03-22,MKT_02,Potatoes,68.95,108.35,98.67
2026-03-22,MKT_02,Whole Fish (Galunggong),174.47,232.63,185.01
2026-03-22,MKT_03,Carrots,20.35,23.41,21.72
2026-03-22,MKT_03,Pork,299.23,329.15,315.28
2026-03-22,MKT_03,Rice (Sinandomeng),49.04,61.29,60.74
2026-03-22,MKT_03,Chicken (Whole),163.93,204.91,179.03
2026-03-22,MKT_03,Beef (Rump),381.63,450.12,408.64
2026-03-22,MKT_03,Tilapia,120.67,160.89,142.44
2026-03-22,MKT_03,Bangus,150.37,210.52,196.32
2026-03-22,MKT_03,Tomatoes,59.64,109.33,72.45
2026-03-22,MKT_04,Carrots,20.4,23.46,21.97
2026-03-22,MKT_04,Pork,318.2,350.02,347.23
2026-03-22,MKT_04,Rice (Sinandomeng),49.33,61.67,57.15
2026-03-22,MKT_04,Chicken (Whole),164.9,206.13,196.98
2026-03-22,MKT_04,Beef (Rump),396.98,468.23,411.53
2026-03-22,MKT_04,Tilapia,123.09,164.13,146.01
2026-03-22,MKT_04,Bangus,151.18,211.65,198.64
2026-03-22,MKT_04,Tomatoes,61.86,113.4,112.21
2026-03-22,MKT_04,Red Onions,93.68,166.54,132.52
2026-03-22,MKT_04,Garlic,82.57,134.18,131.51
2026-03-22,MKT_04,Cabbage,40.37,70.64,61.27
2026-03-22,MKT_04,Potatoes,70.4,110.62,85.19
2026-03-22,MKT_04,Whole Fish (Galunggong),189.86,253.14,212.35
2026-03-22,MKT_05,Carrots,21.19,24.37,23.17
2026-03-22,MKT_05,Pork,315.21,346.73,321.77
2026-03-22,MKT_05,Rice (Sinandomeng),50.98,63.72,57.06
2026-03-22,MKT_05,Chicken (Whole),166.33,207.91,188.61
2026-03-22,MKT_05,Beef (Rump),409.66,483.19,439.85
2026-03-22,MKT_05,Tilapia,126.9,169.2,164.38
2026-03-22,MKT_05,Bangus,155.35,217.49,200.46
2026-03-22,MKT_05,Tomatoes,62.8,115.13,104.93
2026-03-22,MKT_05,Red Onions,95.0,168.9,103.91
2026-03-22,MKT_05,Garlic,81.98,133.21,102.91
2026-03-23,MKT_01,Carrots,19.08,21.95,20.69
2026-03-23,MKT_01,Pork,292.57,321.83,307.31
2026-03-23,MKT_01,Rice (Sinandomeng),46.22,57.77,47.31
2026-03-23,MKT_01,Chicken (Whole),153.74,192.18,175.73
2026-03-23,MKT_01,Beef (Rump),374.06,441.2,379.75
2026-03-23,MKT_01,Tilapia,117.23,156.31,139.08
2026-03-23,MKT_01,Bangus,141.92,198.69,189.77
2026-03-23,MKT_01,Tomatoes,57.19,104.86,82.03
2026-03-23,MKT_01,Red Onions,84.59,150.38,144.1
2026-03-23,MKT_01,Garlic,76.42,124.18,85.08
2026-03-23,MKT_02,Carrots,19.64,22.59,20.65
2026-03-23,MKT_02,Pork,285.75,314.32,292.04
2026-03-23,MKT_02,Rice (Sinandomeng),46.47,58.08,47.59
2026-03-23,MKT_02,Chicken (Whole),157.26,196.58,172.02
2026-03-23,MKT_02,Beef (Rump),384.7,453.75,413.98
2026-03-23,MKT_02,Tilapia,120.7,160.94,143.4
2026-03-23,MKT_02,Bangus,148.3,207.62,152.0
2026-03-23,MKT_02,Tomatoes,58.64,107.51,91.38
2026-03-23,MKT_02,Red Onions,88.36,157.08,101.32
2026-03-23,MKT_02,Garlic,78.58,127.7,93.32
2026-03-23,MKT_02,Cabbage,38.93,68.13,62.32
2026-03-23,MKT_02,Potatoes,68.85,108.19,96.91
2026-03-23,MKT_02,Whole Fish (Galunggong),175.07,233.42,216.73
2026-03-23,MKT_03,Carrots,20.09,23.1,21.96
2026-03-23,MKT_03,Pork,299.74,329.71,304.55
2026-03-23,MKT_03,Rice (Sinandomeng),47.84,59.8,54.46
2026-03-23,MKT_03,Chicken (Whole),159.54,199.42,192.89
2026-03-23,MKT_03,Beef (Rump),394.36,465.14,394.88
2026-03-23,MKT_03,Tilapia,121.16,161.54,125.48
2026-03-23,MKT_03,Bangus,149.39,209.15,185.52
2026-03-23,MKT_03,Tomatoes,60.63,111.16,67.2
2026-03-23,MKT_04,Carrots,20.38,23.43,21.31
2026-03-23,MKT_04,Pork,305.72,336.29,314.44
2026-03-23,MKT_04,Rice (Sinandomeng),48.64,60.8,58.85
2026-03-23,MKT_04,Chicken (Whole),167.02,208.78,189.2
2026-03-23,MKT_04,Beef (Rump),406.37,479.31,413.48
2026-03-23,MKT_04,Tilapia,121.23,161.64,140.36
2026-03-23,MKT_04,Bangus,152.27,213.17,193.33
2026-03-23,MKT_04,Tomatoes,61.52,112.79,109.2
2026-03-23,MKT_04,Red Onions,92.53,164.5,96.86
2026-03-23,MKT_04,Garlic,80.4,130.65,97.2
2026-03-23,MKT_04,Cabbage,40.29,70.5,48.67
2026-03-23,MKT_04,Potatoes,68.41,107.5,88.43
2026-03-23,MKT_04,Whole Fish (Galunggong),185.07,246.76,226.4
2026-03-23,MKT_05,Carrots,20.38,23.43,21.22
2026-03-23,MKT_05,Pork,309.11,340.02,320.06
2026-03-23,MKT_05,Rice (Sinandomeng),50.54,63.17,58.8
2026-03-23,MKT_05,Chicken (Whole),168.34,210.43,178.46
2026-03-23,MKT_05,Beef (Rump),414.53,488.94,450.58
2026-03-23,MKT_05,Tilapia,128.22,170.97,151.68
2026-03-23,MKT_05,Bangus,162.35,227.3,208.61
2026-03-23,MKT_05,Tomatoes,62.08,113.82,68.14
2026-03-23,MKT_05,Red Onions,92.81,165.0,98.05
2026-03-23,MKT_05,Garlic,83.68,135.98,134.25
2026-03-24,MKT_01,Carrots,18.8,21.62,20.18
2026-03-24,MKT_01,Pork,286.93,315.62,310.42
2026-03-24,MKT_01,Rice (Sinandomeng),46.18,57.73,50.41
2026-03-24,MKT_01,Chicken (Whole),154.74,193.43,177.98
2026-03-24,MKT_01,Beef (Rump),377.82,445.63,436.47
2026-03-24,MKT_01,Tilapia,114.72,152.96,136.01
2026-03-24,MKT_01,Bangus,141.31,197.84,143.67
2026-03-24,MKT_01,Tomatoes,56.69,103.93,94.91
2026-03-24,MKT_01,Red Onions,83.79,148.95,114.52
2026-03-24,MKT_01,Garlic,76.14,123.73,114.79
2026-03-24,MKT_02,Carrots,19.2,22.08,20.4
2026-03-24,MKT_02,Pork,291.81,321.0,301.69
2026-03-24,MKT_02,Rice (Sinandomeng),47.32,59.15,52.98
2026-03-24,MKT_02,Chicken (Whole),153.98,192.48,186.94
2026-03-24,MKT_02,Beef (Rump),382.7,451.39,434.84
2026-03-24,MKT_02,Tilapia,117.1,156.13,146.48
2026-03-24,MKT_02,Bangus,147.75,206.86,202.17
2026-03-24,MKT_02,Tomatoes,59.31,108.73,75.92
2026-03-24,MKT_02,Red Onions,87.74,155.99,88.71
2026-03-24,MKT_02,Garlic,78.4,127.4,90.43
2026-03-24,MKT_02,Cabbage,39.04,68.31,44.55
2026-03-24,MKT_02,Potatoes,68.12,107.05,69.7
2026-03-24,MKT_02,Whole Fish (Galunggong),174.54,232.72,227.2
2026-03-24,MKT_03,Carrots,20.14,23.16,22.44
2026-03-24,MKT_03,Pork,305.9,336.49,306.56
2026-03-24,MKT_03,Rice (Sinandomeng),48.84,61.05,60.38
2026-03-24,MKT_03,Chicken (Whole),156.98,196.23,191.66
2026-03-24,MKT_03,Beef (Rump),397.54,468.9,418.55
2026-03-24,MKT_03,Tilapia,118.37,157.83,154.33
2026-03-24,MKT_03,Bangus,150.32,210.45,159.14
2026-03-24,MKT_03,Tomatoes,60.28,110.52,98.4
2026-03-24,MKT_04,Carrots,19.95,22.95,21.69
2026-03-24,MKT_04,Pork,305.21,335.74,332.4
2026-03-24,MKT_04,Rice (Sinandomeng),49.94,62.42,55.15
2026-03-24,MKT_04,Chicken (Whole),157.88,197.34,175.6
2026-03-24,MKT_04,Beef (Rump),411.95,485.89,468.99
2026-03-24,MKT_04,Tilapia,118.85,158.47,129.32
2026-03-24,MKT_04,Bangus,153.65,215.11,156.43
2026-03-24,MKT_04,Tomatoes,59.9,109.82,67.65
2026-03-24,MKT_04,Red Onions,92.4,164.27,139.24
2026-03-24,MKT_04,Garlic,82.95,134.79,109.05
2026-03-24,MKT_04,Cabbage,41.28,72.25,68.57
2026-03-24,MKT_04,Potatoes,69.91,109.86,108.7
2026-03-24,MKT_04,Whole Fish (Galunggong),186.24,248.32,203.48
2026-03-24,MKT_05,Carrots,20.72,23.83,21.34
2026-03-24,MKT_05,Pork,305.75,336.32,335.18
2026-03-24,MKT_05,Rice (Sinandomeng),50.89,63.62,59.08
2026-03-24,MKT_05,Chicken (Whole),171.44,214.3,192.75
2026-03-24,MKT_05,Beef (Rump),406.13,479.03,458.12
2026-03-24,MKT_05,Tilapia,124.12,165.49,141.44
2026-03-24,MKT_05,Bangus,154.24,215.94,168.17
2026-03-24,MKT_05,Tomatoes,63.06,115.61,71.88
2026-03-24,MKT_05,Red Onions,94.99,168.87,155.83
2026-03-24,MKT_05,Garlic,82.74,134.46,102.66
2026-03-25,MKT_01,Carrots,19.68,22.63,20.65
2026-03-25,MKT_01,Pork,290.9,319.99,296.12
2026-03-25,MKT_01,Rice (Sinandomeng),46.14,57.67,56.97
2026-03-25,MKT_01,Chicken (Whole),154.37,192.96,167.57
2026-03-25,MKT_01,Beef (Rump),368.62,434.78,386.14
2026-03-25,MKT_01,Tilapia,116.5,155.34,136.37
2026-03-25,MKT_01,Bangus,141.91,198.67,157.07
2026-03-25,MKT_01,Tomatoes,57.15,104.77,59.32
2026-03-25,MKT_01,Red Onions,86.3,153.43,93.03
2026-03-25,MKT_01,Garlic,79.07,128.48,87.88
2026-03-25,MKT_02,Carrots,19.67,22.62,20.35
2026-03-25,MKT_02,Pork,290.22,319.24,311.85
2026-03-25,MKT_02,Rice (Sinandomeng),47.27,59.09,48.56
2026-03-25,MKT_02,Chicken (Whole),158.19,197.74,190.34
2026-03-25,MKT_02,Beef (Rump),389.27,459.14,431.14
2026-03-25,MKT_02,Tilapia,117.56,156.74,144.09
2026-03-25,MKT_02,Bangus,145.41,203.57,148.17
2026-03-25,MKT_02,Tomatoes,60.79,111.45,62.01
2026-03-25,MKT_02,Red Onions,88.64,157.58,127.67
2026-03-25,MKT_02,Garlic,77.4,125.77,104.12
2026-03-25,MKT_02,Cabbage,39.18,68.57,65.93
2026-03-25,MKT_02,Potatoes,68.07,106.97,83.64
2026-03-25,MKT_02,Whole Fish (Galunggong),179.85,239.8,226.56
2026-03-25,MKT_03,Carrots,20.17,23.2,21.72
2026-03-25,MKT_03,Pork,298.59,328.45,324.74
2026-03-25,MKT_03,Rice (Sinandomeng),48.74,60.93,51.93
2026-03-25,MKT_03,Chicken (Whole),159.73,199.66,191.2
2026-03-25,MKT_03,Beef (Rump),389.67,459.61,418.92
2026-03-25,MKT_03,Tilapia,118.68,158.24,153.94
2026-03-25,MKT_03,Bangus,148.33,207.67,197.48
2026-03-25,MKT_03,Tomatoes,61.91,113.5,86.41
2026-03-25,MKT_04,Carrots,20.69,23.8,22.02
2026-03-25,MKT_04,Pork,297.85,327.63,312.69
2026-03-25,MKT_04,Rice (Sinandomeng),48.28,60.34,53.84
2026-03-25,MKT_04,Chicken (Whole),160.46,200.57,181.03
2026-03-25,MKT_04,Beef (Rump),398.15,469.61,415.73
2026-03-25,MKT_04,Tilapia,121.65,162.2,146.93
2026-03-25,MKT_04,Bangus,156.38,218.93,201.66
2026-03-25,MKT_04,Tomatoes,60.91,111.66,80.71
2026-03-25,MKT_04,Red Onions,94.48,167.96,122.23
2026-03-25,MKT_04,Garlic,81.5,132.44,124.41
2026-03-25,MKT_04,Cabbage,42.15,73.77,69.43
2026-03-25,MKT_04,Potatoes,71.19,111.87,96.7
2026-03-25,MKT_04,Whole Fish (Galunggong),183.11,244.14,201.69
2026-03-25,MKT_05,Carrots,21.09,24.25,22.03
2026-03-25,MKT_05,Pork,315.55,347.11,323.21
2026-03-25,MKT_05,Rice (Sinandomeng),48.99,61.24,52.93
2026-03-25,MKT_05,Chicken (Whole),166.6,208.25,180.17
2026-03-25,MKT_05,Beef (Rump),403.12,475.48,459.89
2026-03-25,MKT_05,Tilapia,123.92,165.23,131.16
2026-03-25,MKT_05,Bangus,156.18,218.65,216.67
2026-03-25,MKT_05,Tomatoes,62.14,113.92,79.46
2026-03-25,MKT_05,Red Onions,93.85,166.84,159.6
2026-03-25,MKT_05,Garlic,82.01,133.27,121.92
2026-03-26,MKT_01,Carrots,18.75,21.56,20.23
2026-03-26,MKT_01,Pork,292.48,321.73,295.56
2026-03-26,MKT_01,Rice (Sinandomeng),46.92,58.65,57.77
2026-03-26,MKT_01,Chicken (Whole),155.82,194.78,166.2
2026-03-26,MKT_01,Beef (Rump),374.6,441.84,421.92
2026-03-26,MKT_01,Tilapia,114.55,152.73,144.44
2026-03-26,MKT_01,Bangus,142.61,199.65,171.84
2026-03-26,MKT_01,Tomatoes,56.88,104.29,72.72
2026-03-26,MKT_01,Red Onions,86.29,153.4,139.65
2026-03-26,MKT_01,Garlic,78.16,127.02,106.45
2026-03-26,MKT_02,Carrots,19.39,22.3,21.48
2026-03-26,MKT_02,Pork,299.12,329.03,307.56
2026-03-26,MKT_02,Rice (Sinandomeng),45.99,57.49,51.48
2026-03-26,MKT_02,Chicken (Whole),157.36,196.71,170.06
2026-03-26,MKT_02,Beef (Rump),384.78,453.84,452.26
2026-03-26,MKT_02,Tilapia,116.66,155.55,117.91
2026-03-26,MKT_02,Bangus,144.64,202.49,147.44
2026-03-26,MKT_02,Tomatoes,59.56,109.2,79.66
2026-03-26,MKT_02,Red Onions,88.26,156.9,147.84
2026-03-26,MKT_02,Garlic,81.56,132.54,86.26
2026-03-26,MKT_02,Cabbage,39.89,69.81,59.74
2026-03-26,MKT_02,Potatoes,69.82,109.72,106.98
2026-03-26,MKT_02,Whole Fish (Galunggong),169.93,226.57,187.69
2026-03-26,MKT_03,Carrots,19.8,22.77,21.19
2026-03-26,MKT_03,Pork,294.79,324.27,323.18
2026-03-26,MKT_03,Rice (Sinandomeng),46.57,58.22,48.01
2026-03-26,MKT_03,Chicken (Whole),159.91,199.89,184.72
2026-03-26,MKT_03,Beef (Rump),394.79,465.65,453.29
2026-03-26,MKT_03,Tilapia,118.27,157.69,134.5
2026-03-26,MKT_03,Bangus,145.65,203.91,167.61
2026-03-26,MKT_03,Tomatoes,59.2,108.53,89.62
2026-03-26,MKT_04,Carrots,20.35,23.4,21.14
2026-03-26,MKT_04,Pork,304.95,335.45,314.79
2026-03-26,MKT_04,Rice (Sinandomeng),48.97,61.21,57.08
2026-03-26,MKT_04,Chicken (Whole),164.2,205.26,199.72
2026-03-26,MKT_04,Beef (Rump),397.72,469.1,423.49
2026-03-26,MKT_04,Tilapia,123.98,165.31,161.1
2026-03-26,MKT_04,Bangus,150.87,211.22,165.36
2026-03-26,MKT_04,Tomatoes,60.95,111.75,110.08
2026-03-26,MKT_04,Red Onions,92.59,164.6,113.06
2026-03-26,MKT_04,Garlic,81.94,133.15,106.43
2026-03-26,MKT_04,Cabbage,41.9,73.32,49.2
2026-03-26,MKT_04,Potatoes,70.45,110.7,92.65
2026-03-26,MKT_04,Whole Fish (Galunggong),185.23,246.97,201.11
2026-03-26,MKT_05,Carrots,20.61,23.7,21.98
2026-03-26,MKT_05,Pork,308.7,339.57,316.15
2026-03-26,MKT_05,Rice (Sinandomeng),50.7,63.38,59.52
2026-03-26,MKT_05,Chicken (Whole),166.34,207.92,190.37
2026-03-26,MKT_05,Beef (Rump),407.14,480.22,419.64
2026-03-26,MKT_05,Tilapia,123.79,165.06,155.96
2026-03-26,MKT_05,Bangus,154.87,216.81,176.73
2026-03-26,MKT_05,Tomatoes,61.03,111.89,104.35
2026-03-26,MKT_05,Red Onions,93.85,166.84,104.58
2026-03-26,MKT_05,Garlic,81.96,133.18,117.85
2026-03-27,MKT_01,Carrots,19.16,22.03,20.57
2026-03-27,MKT_01,Pork,291.95,321.15,318.6
2026-03-27,MKT_01,Rice (Sinandomeng),44.81,56.01,51.21
2026-03-27,MKT_01,Chicken (Whole),160.78,200.98,188.3
2026-03-27,MKT_01,Beef (Rump),369.99,436.4,421.91
2026-03-27,MKT_01,Tilapia,115.0,153.33,129.57
2026-03-27,MKT_01,Bangus,144.59,202.43,195.12
2026-03-27,MKT_01,Tomatoes,56.89,104.31,98.6
2026-03-27,MKT_01,Red Onions,85.76,152.47,125.79
2026-03-27,MKT_01,Garlic,78.15,126.99,107.66
2026-03-27,MKT_02,Carrots,19.83,22.8,21.32
2026-03-27,MKT_02,Pork,292.86,322.15,306.51
2026-03-27,MKT_02,Rice (Sinandomeng),47.04,58.8,49.46
2026-03-27,MKT_02,Chicken (Whole),157.14,196.42,177.28
2026-03-27,MKT_02,Beef (Rump),385.46,454.65,439.73
2026-03-27,MKT_02,Tilapia,118.74,158.32,146.56
2026-03-27,MKT_02,Bangus,148.36,207.7,200.98
2026-03-27,MKT_02,Tomatoes,58.43,107.12,68.19
2026-03-27,MKT_02,Red Onions,88.35,157.06,132.62
2026-03-27,MKT_02,Garlic,79.6,129.35,106.69
2026-03-27,MKT_02,Cabbage,40.52,70.92,55.8
2026-03-27,MKT_02,Potatoes,68.68,107.93,87.99
2026-03-27,MKT_02,Whole Fish (Galunggong),174.94,233.25,184.54
2026-03-27,MKT_03,Carrots,19.76,22.72,20.64
2026-03-27,MKT_03,Pork,302.76,333.03,321.12
2026-03-27,MKT_03,Rice (Sinandomeng),46.88,58.6,49.03
2026-03-27,MKT_03,Chicken (Whole),161.5,201.87,171.34
2026-03-27,MKT_03,Beef (Rump),393.75,464.43,414.36
2026-03-27,MKT_03,Tilapia,119.09,158.78,135.77
2026-03-27,MKT_03,Bangus,150.54,210.76,184.16
2026-03-27,MKT_03,Tomatoes,59.8,109.64,89.65
2026-03-27,MKT_04,Carrots,20.0,23.0,21.15
2026-03-27,MKT_04,Pork,308.45,339.3,318.61
2026-03-27,MKT_04,Rice (Sinandomeng),49.28,61.6,59.27
2026-03-27,MKT_04,Chicken (Whole),162.16,202.7,198.56
2026-03-27,MKT_04,Beef (Rump),410.59,484.28,437.49
2026-03-27,MKT_04,Tilapia,122.41,163.22,141.06
2026-03-27,MKT_04,Bangus,148.84,208.38,169.5
2026-03-27,MKT_04,Tomatoes,62.15,113.94,105.97
2026-03-27,MKT_04,Red Onions,92.86,165.09,162.66
2026-03-27,MKT_04,Garlic,82.7,134.38,103.18
2026-03-27,MKT_04,Cabbage,40.21,70.36,60.45
2026-03-27,MKT_04,Potatoes,71.62,112.55,101.23
2026-03-27,MKT_04,Whole Fish (Galunggong),183.57,244.76,241.4
2026-03-27,MKT_05,Carrots,20.75,23.86,21.78
2026-03-27,MKT_05,Pork,318.02,349.83,329.93
2026-03-27,MKT_05,Rice (Sinandomeng),49.93,62.42,56.23
2026-03-27,MKT_05,Chicken (Whole),165.44,206.8,187.14
2026-03-27,MKT_05,Beef (Rump),403.21,475.58,433.97
2026-03-27,MKT_05,Tilapia,122.9,163.87,137.81
2026-03-27,MKT_05,Bangus,156.26,218.76,191.94
2026-03-27,MKT_05,Tomatoes,63.68,116.76,108.6
2026-03-27,MKT_05,Red Onions,93.16,165.62,144.68
2026-03-27,MKT_05,Garlic,83.52,135.72,106.31
2026-03-28,MKT_01,Carrots,19.14,22.01,20.55
2026-03-28,MKT_01,Pork,287.61,316.37,297.98
2026-03-28,MKT_01,Rice (Sinandomeng),46.68,58.35,55.39
2026-03-28,MKT_01,Chicken (Whole),151.04,188.8,160.54
2026-03-28,MKT_01,Beef (Rump),365.76,431.41,382.19
2026-03-28,MKT_01,Tilapia,117.1,156.14,117.94
2026-03-28,MKT_01,Bangus,142.8,199.92,177.65
2026-03-28,MKT_01,Tomatoes,57.25,104.96,65.53
2026-03-28,MKT_01,Red Onions,89.72,159.5,110.72
2026-03-28,MKT_01,Garlic,77.74,126.32,79.91
2026-03-28,MKT_02,Carrots,19.34,22.24,21.35
2026-03-28,MKT_02,Pork,299.11,329.02,312.09
2026-03-28,MKT_02,Rice (Sinandomeng),47.62,59.53,55.9
2026-03-28,MKT_02,Chicken (Whole),149.74,187.17,160.2
2026-03-28,MKT_02,Beef (Rump),383.09,451.85,405.75
2026-03-28,MKT_02,Tilapia,115.76,154.34,132.89
2026-03-28,MKT_02,Bangus,146.8,205.52,183.1
2026-03-28,MKT_02,Tomatoes,60.79,111.45,88.31
2026-03-28,MKT_02,Red Onions,89.39,158.92,126.5
2026-03-28,MKT_02,Garlic,79.63,129.4,113.24
2026-03-28,MKT_02,Cabbage,39.09,68.4,51.28
2026-03-28,MKT_02,Potatoes,69.68,109.5,99.85
2026-03-28,MKT_02,Whole Fish (Galunggong),174.45,232.6,225.93
2026-03-28,MKT_03,Carrots,20.04,23.05,20.6
2026-03-28,MKT_03,Pork,303.74,334.12,332.24
2026-03-28,MKT_03,Rice (Sinandomeng),48.57,60.72,49.67
2026-03-28,MKT_03,Chicken (Whole),156.58,195.73,169.69
2026-03-28,MKT_03,Beef (Rump),401.18,473.19,408.09
2026-03-28,MKT_03,Tilapia,118.38,157.83,122.9
2026-03-28,MKT_03,Bangus,156.07,218.5,194.2
2026-03-28,MKT_03,Tomatoes,60.78,111.43,106.23
2026-03-28,MKT_04,Carrots,20.63,23.73,21.99
2026-03-28,MKT_04,Pork,302.29,332.51,315.51
2026-03-28,MKT_04,Rice (Sinandomeng),48.61,60.76,53.59
2026-03-28,MKT_04,Chicken (Whole),167.54,209.42,198.7
2026-03-28,MKT_04,Beef (Rump),407.4,480.53,444.68
2026-03-28,MKT_04,Tilapia,122.11,162.82,124.46
2026-03-28,MKT_04,Bangus,152.45,213.43,195.24
2026-03-28,MKT_04,Tomatoes,61.01,111.84,107.78
2026-03-28,MKT_04,Red Onions,93.34,165.94,136.11
2026-03-28,MKT_04,Garlic,82.84,134.61,98.41
2026-03-28,MKT_04,Cabbage,41.03,71.81,52.08
2026-03-28,MKT_04,Potatoes,71.56,112.45,88.41
2026-03-28,MKT_04,Whole Fish (Galunggong),183.14,244.18,243.13
2026-03-28,MKT_05,Carrots,21.58,24.81,23.26
2026-03-28,MKT_05,Pork,306.01,336.62,316.04
2026-03-28,MKT_05,Rice (Sinandomeng),49.65,62.06,59.01
2026-03-28,MKT_05,Chicken (Whole),167.16,208.95,193.19
2026-03-28,MKT_05,Beef (Rump),396.78,468.0,457.65
2026-03-28,MKT_05,Tilapia,123.8,165.06,152.49
2026-03-28,MKT_05,Bangus,160.94,225.31,167.21
2026-03-28,MKT_05,Tomatoes,63.26,115.98,88.27
2026-03-28,MKT_05,Red Onions,92.84,165.05,140.43
2026-03-28,MKT_05,Garlic,82.49,134.04,129.05
2026-03-29,MKT_01,Carrots,18.8,21.62,20.48
2026-03-29,MKT_01,Pork,286.04,314.64,310.58
2026-03-29,MKT_01,Rice (Sinandomeng),46.49,58.11,52.69
2026-03-29,MKT_01,Chicken (Whole),154.52,193.15,183.31
2026-03-29,MKT_01,Beef (Rump),372.14,438.94,398.27
2026-03-29,MKT_01,Tilapia,113.55,151.4,132.89
2026-03-29,MKT_01,Bangus,143.59,201.02,164.27
2026-03-29,MKT_01,Tomatoes,57.41,105.26,71.53
2026-03-29,MKT_01,Red Onions,87.49,155.54,152.51
2026-03-29,MKT_01,Garlic,77.08,125.25,108.41
2026-03-29,MKT_02,Carrots,19.63,22.57,20.53
2026-03-29,MKT_02,Pork,299.59,329.55,315.28
2026-03-29,MKT_02,Rice (Sinandomeng),48.21,60.27,51.14
2026-03-29,MKT_02,Chicken (Whole),157.69,197.11,172.34
2026-03-29,MKT_02,Beef (Rump),384.52,453.53,415.21
2026-03-29,MKT_02,Tilapia,117.39,156.52,146.68
2026-03-29,MKT_02,Bangus,145.12,203.16,178.24
2026-03-29,MKT_02,Tomatoes,59.61,109.28,103.64
2026-03-29,MKT_02,Red Onions,89.11,158.42,104.26
2026-03-29,MKT_02,Garlic,78.35,127.33,82.41
2026-03-29,MKT_02,Cabbage,39.34,68.85,50.74
2026-03-29,MKT_02,Potatoes,69.82,109.72,106.67
2026-03-29,MKT_02,Whole Fish (Galunggong),180.05,240.07,206.88
2026-03-29,MKT_03,Carrots,19.29,22.18,20.86
2026-03-29,MKT_03,Pork,297.18,326.9,323.01
2026-03-29,MKT_03,Rice (Sinandomeng),47.97,59.96,53.35
2026-03-29,MKT_03,Chicken (Whole),157.46,196.83,158.09
2026-03-29,MKT_03,Beef (Rump),391.53,461.8,409.02
2026-03-29,MKT_03,Tilapia,118.96,158.61,154.59
2026-03-29,MKT_03,Bangus,150.66,210.93,163.9
2026-03-29,MKT_03,Tomatoes,59.51,109.09,60.69
2026-03-29,MKT_04,Carrots,20.25,23.28,22.32
2026-03-29,MKT_04,Pork,307.29,338.02,313.39
2026-03-29,MKT_04,Rice (Sinandomeng),49.64,62.05,53.4
2026-03-29,MKT_04,Chicken (Whole),164.67,205.84,175.11
2026-03-29,MKT_04,Beef (Rump),397.61,468.98,449.6
2026-03-29,MKT_04,Tilapia,119.2,158.93,137.36
2026-03-29,MKT_04,Bangus,151.8,212.52,156.55
2026-03-29,MKT_04,Tomatoes,60.63,111.15,97.05
2026-03-29,MKT_04,Red Onions,92.8,164.98,98.17
2026-03-29,MKT_04,Garlic,81.79,132.91,130.8
2026-03-29,MKT_04,Cabbage,40.92,71.6,55.6
2026-03-29,MKT_04,Potatoes,70.56,110.89,78.31
2026-03-29,MKT_04,Whole Fish (Galunggong),187.38,249.84,215.11
2026-03-29,MKT_05,Carrots,20.86,23.98,22.69
2026-03-29,MKT_05,Pork,308.17,338.99,324.72
2026-03-29,MKT_05,Rice (Sinandomeng),49.35,61.69,56.14
2026-03-29,MKT_05,Chicken (Whole),167.2,209.0,179.42
2026-03-29,MKT_05,Beef (Rump),400.42,472.29,401.71
2026-03-29,MKT_05,Tilapia,123.68,164.9,133.93
2026-03-29,MKT_05,Bangus,153.52,214.93,184.77
2026-03-29,MKT_05,Tomatoes,63.06,115.61,109.33
2026-03-29,MKT_05,Red Onions,92.43,164.33,119.34
2026-03-29,MKT_05,Garlic,85.11,138.3,109.39
2026-03-30,MKT_01,Carrots,19.34,22.24,20.53
2026-03-30,MKT_01,Pork,283.03,311.33,306.8
2026-03-30,MKT_01,Rice (Sinandomeng),46.51,58.14,50.88
2026-03-30,MKT_01,Chicken (Whole),156.96,196.2,165.49
2026-03-30,MKT_01,Beef (Rump),373.96,441.08,389.32
2026-03-30,MKT_01,Tilapia,117.97,157.29,125.95
2026-03-30,MKT_01,Bangus,145.08,203.11,158.64
2026-03-30,MKT_01,Tomatoes,57.08,104.65,82.11
2026-03-30,MKT_01,Red Onions,89.39,158.91,149.99
2026-03-30,MKT_01,Garlic,75.18,122.17,115.59
2026-03-30,MKT_02,Carrots,19.5,22.43,20.82
2026-03-30,MKT_02,Pork,293.85,323.24,311.56
2026-03-30,MKT_02,Rice (Sinandomeng),48.47,60.59,50.68
2026-03-30,MKT_02,Chicken (Whole),158.62,198.27,184.11
2026-03-30,MKT_02,Beef (Rump),385.54,454.74,409.17
2026-03-30,MKT_02,Tilapia,116.3,155.06,143.61
2026-03-30,MKT_02,Bangus,146.75,205.44,187.92
2026-03-30,MKT_02,Tomatoes,58.3,106.88,69.59
2026-03-30,MKT_02,Red Onions,88.92,158.09,129.47
2026-03-30,MKT_02,Garlic,79.85,129.76,97.64
2026-03-30,MKT_02,Cabbage,40.7,71.23,55.15
2026-03-30,MKT_02,Potatoes,68.13,107.05,95.11
2026-03-30,MKT_02,Whole Fish (Galunggong),172.69,230.26,185.29
2026-03-30,MKT_03,Carrots,19.91,22.89,20.42
2026-03-30,MKT_03,Pork,304.72,335.19,328.62
2026-03-30,MKT_03,Rice (Sinandomeng),47.4,59.25,50.1
2026-03-30,MKT_03,Chicken (Whole),160.01,200.01,196.27
2026-03-30,MKT_03,Beef (Rump),393.42,464.03,443.12
2026-03-30,MKT_03,Tilapia,119.22,158.96,128.24
2026-03-30,MKT_03,Bangus,150.52,210.73,151.54
2026-03-30,MKT_03,Tomatoes,59.17,108.47,97.67
2026-03-30,MKT_04,Carrots,20.79,23.9,22.01
2026-03-30,MKT_04,Pork,304.95,335.44,310.56
2026-03-30,MKT_04,Rice (Sinandomeng),49.11,61.38,53.45
2026-03-30,MKT_04,Chicken (Whole),159.01,198.77,189.11
2026-03-30,MKT_04,Beef (Rump),391.63,461.92,398.85
2026-03-30,MKT_04,Tilapia,124.22,165.62,127.42
2026-03-30,MKT_04,Bangus,152.0,212.8,208.85
2026-03-30,MKT_04,Tomatoes,60.41,110.74,99.21
2026-03-30,MKT_04,Red Onions,89.85,159.74,131.4
2026-03-30,MKT_04,Garlic,83.12,135.07,89.63
2026-03-30,MKT_04,Cabbage,41.23,72.15,66.66
2026-03-30,MKT_04,Potatoes,72.07,113.25,108.32
2026-03-30,MKT_04,Whole Fish (Galunggong),188.18,250.91,231.91
2026-03-30,MKT_05,Carrots,20.7,23.81,22.24
2026-03-30,MKT_05,Pork,305.87,336.46,308.0
2026-03-30,MKT_05,Rice (Sinandomeng),49.96,62.45,50.75
2026-03-30,MKT_05,Chicken (Whole),171.02,213.78,210.14
2026-03-30,MKT_05,Beef (Rump),406.08,478.96,423.04
2026-03-30,MKT_05,Tilapia,126.92,169.23,132.44
2026-03-30,MKT_05,Bangus,153.01,214.21,184.01
2026-03-30,MKT_05,Tomatoes,61.73,113.18,110.99
2026-03-30,MKT_05,Red Onions,94.87,168.66,142.75
2026-03-30,MKT_05,Garlic,83.42,135.55,108.22
2026-03-31,MKT_01,Carrots,19.17,22.05,21.3
2026-03-31,MKT_01,Pork,293.23,322.56,301.99
2026-03-31,MKT_01,Rice (Sinandomeng),46.75,58.44,57.28
2026-03-31,MKT_01,Chicken (Whole),154.1,192.63,156.61
2026-03-31,MKT_01,Beef (Rump),360.63,425.35,401.01
2026-03-31,MKT_01,Tilapia,115.23,153.64,145.42
2026-03-31,MKT_01,Bangus,145.0,203.0,185.9
2026-03-31,MKT_01,Tomatoes,56.05,102.76,62.69
2026-03-31,MKT_01,Red Onions,86.95,154.58,150.72
2026-03-31,MKT_01,Garlic,78.26,127.17,95.03
2026-03-31,MKT_02,Carrots,19.6,22.55,20.27
2026-03-31,MKT_02,Pork,289.56,318.51,317.16
2026-03-31,MKT_02,Rice (Sinandomeng),45.42,56.77,46.6
2026-03-31,MKT_02,Chicken (Whole),157.83,197.29,182.26
2026-03-31,MKT_02,Beef (Rump),372.73,439.63,433.21
2026-03-31,MKT_02,Tilapia,118.73,158.31,130.96
2026-03-31,MKT_02,Bangus,151.19,211.67,157.65
2026-03-31,MKT_02,Tomatoes,56.87,104.27,100.62
2026-03-31,MKT_02,Red Onions,87.26,155.12,113.65
2026-03-31,MKT_02,Garlic,78.15,126.99,107.36
2026-03-31,MKT_02,Cabbage,40.36,70.63,42.48
2026-03-31,MKT_02,Potatoes,68.74,108.02,80.13
2026-03-31,MKT_02,Whole Fish (Galunggong),175.22,233.63,210.87
2026-03-31,MKT_03,Carrots,20.31,23.36,21.12
2026-03-31,MKT_03,Pork,298.27,328.1,313.6
2026-03-31,MKT_03,Rice (Sinandomeng),47.45,59.31,54.34
2026-03-31,MKT_03,Chicken (Whole),161.47,201.84,185.94
2026-03-31,MKT_03,Beef (Rump),396.66,467.85,426.06
2026-03-31,MKT_03,Tilapia,115.48,153.98,147.56
2026-03-31,MKT_03,Bangus,148.27,207.58,162.18
2026-03-31,MKT_03,Tomatoes,60.2,110.36,102.93
2026-03-31,MKT_04,Carrots,20.35,23.4,21.01
2026-03-31,MKT_04,Pork,305.95,336.54,324.48
2026-03-31,MKT_04,Rice (Sinandomeng),48.26,60.32,51.8
2026-03-31,MKT_04,Chicken (Whole),164.86,206.08,178.42
2026-03-31,MKT_04,Beef (Rump),407.07,480.13,409.4
2026-03-31,MKT_04,Tilapia,120.98,161.3,154.29
2026-03-31,MKT_04,Bangus,154.56,216.38,180.62
2026-03-31,MKT_04,Tomatoes,62.12,113.89,106.47
2026-03-31,MKT_04,Red Onions,92.09,163.71,118.83
2026-03-31,MKT_04,Garlic,82.38,133.86,104.74
2026-03-31,MKT_04,Cabbage,40.39,70.68,46.51
2026-03-31,MKT_04,Potatoes,72.99,114.7,86.15
2026-03-31,MKT_04,Whole Fish (Galunggong),186.7,248.93,206.79
2026-03-31,MKT_05,Carrots,21.18,24.36,21.81
2026-03-31,MKT_05,Pork,306.89,337.58,334.98
2026-03-31,MKT_05,Rice (Sinandomeng),50.29,62.86,53.37
2026-03-31,MKT_05,Chicken (Whole),164.92,206.15,168.67
2026-03-31,MKT_05,Beef (Rump),415.06,489.56,456.5
2026-03-31,MKT_05,Tilapia,123.41,164.55,158.15
2026-03-31,MKT_05,Bangus,156.57,219.19,186.98
2026-03-31,MKT_05,Tomatoes,60.63,111.15,78.66
2026-03-31,MKT_05,Red Onions,93.93,166.99,141.81
2026-03-31,MKT_05,Garlic,81.85,133.01,92.11
