date,market_id,stall_id,commodity,paid_amount_php,label_weight_kg,actual_weight_kg
2026-01-01,MKT_01,MKT_01_STL_024,Garlic,88.71,1.005,1.007
2026-01-01,MKT_05,MKT_05_STL_003,Beef (Rump),1369.4,3.154,2.927
2026-01-01,MKT_01,MKT_01_STL_002,Beef (Rump),752.19,1.951,1.954
2026-01-01,MKT_02,MKT_02_STL_026,Pork,934.43,3.05,3.054
2026-01-01,MKT_01,MKT_01_STL_030,Rice (Sinandomeng),110.21,2.344,2.347
2026-01-01,MKT_01,MKT_01_STL_027,Beef (Rump),218.99,0.568,0.543
2026-01-01,MKT_05,MKT_05_STL_004,Rice (Sinandomeng),189.46,3.502,3.23
2026-01-01,MKT_01,MKT_01_STL_010,Tomatoes,108.14,1.607,1.609
2026-01-01,MKT_04,MKT_04_STL_027,Whole Fish (Galunggong),600.41,2.782,2.602
2026-01-01,MKT_02,MKT_02_STL_024,Whole Fish (Galunggong),494.97,2.169,2.082
2026-01-01,MKT_04,MKT_04_STL_024,Pork,1032.58,3.401,3.402
2026-01-01,MKT_01,MKT_01_STL_013,Rice (Sinandomeng),153.76,3.27,3.013
2026-01-01,MKT_04,MKT_04_STL_009,Bangus,533.75,2.807,2.811
2026-01-01,MKT_04,MKT_04_STL_038,Tomatoes,215.71,2.812,2.678
2026-01-01,MKT_04,MKT_04_STL_002,Garlic,366.89,2.867,2.703
2026-01-01,MKT_04,MKT_04_STL_032,Cabbage,79.38,1.408,1.293
2026-01-01,MKT_04,MKT_04_STL_017,Carrots,22.85,1.002,1.003
2026-01-01,MKT_05,MKT_05_STL_003,Beef (Rump),918.72,2.116,1.929
2026-01-01,MKT_03,MKT_03_STL_030,Chicken (Whole),287.4,1.639,1.639
2026-01-01,MKT_03,MKT_03_STL_011,Tomatoes,82.96,1.287,1.288
2026-01-01,MKT_02,MKT_02_STL_013,Bangus,108.79,0.587,0.536
2026-01-01,MKT_03,MKT_03_STL_002,Tomatoes,105.97,1.644,1.646
2026-01-01,MKT_03,MKT_03_STL_009,Carrots,17.52,0.792,0.792
2026-01-01,MKT_04,MKT_04_STL_013,Tilapia,557.72,3.591,3.369
2026-01-01,MKT_04,MKT_04_STL_036,Cabbage,183.8,3.26,3.075
2026-01-01,MKT_02,MKT_02_STL_024,Beef (Rump),1289.3,3.068,2.907
2026-01-01,MKT_04,MKT_04_STL_013,Garlic,232.65,1.818,1.673
2026-01-01,MKT_03,MKT_03_STL_029,Chicken (Whole),509.74,2.907,2.703
2026-01-01,MKT_03,MKT_03_STL_024,Chicken (Whole),361.22,2.06,2.06
2026-01-01,MKT_03,MKT_03_STL_013,Rice (Sinandomeng),72.97,1.437,1.44
2026-01-01,MKT_01,MKT_01_STL_013,Carrots,66.21,3.117,2.995
2026-01-01,MKT_04,MKT_04_STL_003,Pork,681.3,2.244,2.076
2026-01-01,MKT_01,MKT_01_STL_016,Tilapia,188.25,1.224,1.158
2026-01-01,MKT_02,MKT_02_STL_014,Chicken (Whole),114.26,0.648,0.602
2026-01-01,MKT_04,MKT_04_STL_004,Carrots,81.6,3.579,3.316
2026-01-02,MKT_02,MKT_02_STL_028,Garlic,300.94,2.613,2.414
2026-01-02,MKT_03,MKT_03_STL_008,Pork,254.72,0.817,0.759
2026-01-02,MKT_03,MKT_03_STL_027,Bangus,543.68,2.701,2.469
2026-01-02,MKT_04,MKT_04_STL_033,Garlic,252.98,3.059,2.91
2026-01-02,MKT_04,MKT_04_STL_012,Pork,780.26,2.584,2.587
2026-01-02,MKT_04,MKT_04_STL_022,Tomatoes,171.14,2.477,2.481
2026-01-02,MKT_01,MKT_01_STL_022,Tomatoes,253.73,3.453,3.268
2026-01-02,MKT_02,MKT_02_STL_016,Bangus,432.53,2.783,2.577
2026-01-02,MKT_02,MKT_02_STL_026,Whole Fish (Galunggong),259.18,1.468,1.47
2026-01-02,MKT_01,MKT_01_STL_024,Pork,423.15,1.33,1.332
2026-01-02,MKT_01,MKT_01_STL_026,Bangus,221.19,1.495,1.498
2026-01-02,MKT_01,MKT_01_STL_017,Beef (Rump),407.26,1.08,1.034
2026-01-02,MKT_01,MKT_01_STL_005,Chicken (Whole),393.9,2.328,2.331
2026-01-02,MKT_03,MKT_03_STL_010,Tomatoes,83.96,0.825,0.825
2026-01-02,MKT_05,MKT_05_STL_010,Bangus,262.96,1.246,1.155
2026-01-02,MKT_01,MKT_01_STL_021,Tomatoes,203.39,2.768,2.646
2026-01-02,MKT_02,MKT_02_STL_016,Pork,232.0,0.77,0.711
2026-01-02,MKT_02,MKT_02_STL_024,Whole Fish (Galunggong),354.87,2.01,1.838
2026-01-02,MKT_02,MKT_02_STL_024,Rice (Sinandomeng),125.63,2.557,2.459
2026-01-02,MKT_01,MKT_01_STL_019,Carrots,55.97,2.634,2.494
2026-01-02,MKT_02,MKT_02_STL_020,Potatoes,130.42,1.488,1.489
2026-01-02,MKT_01,MKT_01_STL_006,Carrots,47.66,2.243,2.046
2026-01-02,MKT_04,MKT_04_STL_032,Tomatoes,142.19,2.058,1.934
2026-01-02,MKT_03,MKT_03_STL_018,Pork,659.73,2.116,2.12
2026-01-02,MKT_03,MKT_03_STL_010,Tomatoes,87.93,0.864,0.864
2026-01-02,MKT_04,MKT_04_STL_039,Tilapia,253.0,1.587,1.5
2026-01-03,MKT_01,MKT_01_STL_009,Pork,497.01,1.742,1.596
2026-01-03,MKT_01,MKT_01_STL_012,Tilapia,120.31,0.791,0.741
2026-01-03,MKT_03,MKT_03_STL_015,Beef (Rump),1076.06,2.567,2.443
2026-01-03,MKT_02,MKT_02_STL_013,Carrots,80.79,3.674,3.403
2026-01-03,MKT_01,MKT_01_STL_024,Beef (Rump),970.24,2.59,2.588
2026-01-03,MKT_05,MKT_05_STL_009,Tilapia,256.32,1.961,1.96
2026-01-03,MKT_05,MKT_05_STL_008,Tomatoes,237.66,2.837,2.706
2026-01-03,MKT_03,MKT_03_STL_003,Chicken (Whole),112.44,0.633,0.576
2026-01-03,MKT_04,MKT_04_STL_026,Chicken (Whole),389.27,2.054,1.968
2026-01-03,MKT_03,MKT_03_STL_024,Beef (Rump),838.8,2.001,1.999
2026-01-03,MKT_01,MKT_01_STL_010,Tomatoes,332.79,3.393,3.4
2026-01-03,MKT_04,MKT_04_STL_022,Tilapia,81.81,0.668,0.668
2026-01-03,MKT_04,MKT_04_STL_034,Carrots,36.5,1.715,1.717
2026-01-03,MKT_02,MKT_02_STL_009,Cabbage,167.93,2.671,2.502
2026-01-03,MKT_02,MKT_02_STL_008,Cabbage,209.73,3.336,3.111
2026-01-03,MKT_01,MKT_01_STL_025,Garlic,107.75,1.197,1.199
2026-01-03,MKT_03,MKT_03_STL_020,Rice (Sinandomeng),99.78,2.048,1.967
2026-01-03,MKT_04,MKT_04_STL_015,Garlic,74.96,0.689,0.637
2026-01-03,MKT_02,MKT_02_STL_025,Rice (Sinandomeng),31.25,0.585,0.543
2026-01-03,MKT_03,MKT_03_STL_004,Beef (Rump),1239.54,2.957,2.962
2026-01-03,MKT_03,MKT_03_STL_004,Rice (Sinandomeng),146.21,3.001,3.006
2026-01-04,MKT_02,MKT_02_STL_023,Pork,651.25,2.166,1.991
2026-01-04,MKT_01,MKT_01_STL_020,Chicken (Whole),123.44,0.688,0.689
2026-01-04,MKT_03,MKT_03_STL_029,Tilapia,420.28,3.225,2.935
2026-01-04,MKT_03,MKT_03_STL_009,Bangus,258.27,1.474,1.473
2026-01-04,MKT_03,MKT_03_STL_011,Rice (Sinandomeng),85.57,1.466,1.465
2026-01-04,MKT_05,MKT_05_STL_007,Chicken (Whole),560.16,3.004,2.793
2026-01-04,MKT_03,MKT_03_STL_010,Tilapia,89.79,0.689,0.69
2026-01-04,MKT_02,MKT_02_STL_004,Whole Fish (Galunggong),349.6,1.888,1.745
2026-01-04,MKT_03,MKT_03_STL_014,Rice (Sinandomeng),116.16,1.99,1.816
2026-01-04,MKT_03,MKT_03_STL_021,Carrots,20.32,0.9,0.9
2026-01-04,MKT_05,MKT_05_STL_002,Garlic,209.33,1.626,1.628
2026-01-04,MKT_04,MKT_04_STL_018,Tomatoes,50.62,0.772,0.742
2026-01-04,MKT_01,MKT_01_STL_007,Pork,799.55,2.619,2.62
2026-01-04,MKT_04,MKT_04_STL_034,Beef (Rump),709.91,1.75,1.749
2026-01-04,MKT_03,MKT_03_STL_008,Tomatoes,273.97,2.712,2.577
2026-01-04,MKT_01,MKT_01_STL_016,Beef (Rump),964.08,2.203,2.069
2026-01-04,MKT_01,MKT_01_STL_011,Rice (Sinandomeng),108.48,2.328,2.332
2026-01-04,MKT_01,MKT_01_STL_009,Rice (Sinandomeng),133.04,2.855,2.652
2026-01-04,MKT_01,MKT_01_STL_026,Pork,727.51,2.383,2.382
2026-01-04,MKT_03,MKT_03_STL_024,Tilapia,228.71,1.755,1.756
2026-01-04,MKT_03,MKT_03_STL_033,Chicken (Whole),169.35,0.853,0.853
2026-01-04,MKT_01,MKT_01_STL_027,Pork,785.51,2.573,2.357
2026-01-04,MKT_02,MKT_02_STL_019,Red Onions,245.83,2.16,2.023
2026-01-05,MKT_04,MKT_04_STL_030,Beef (Rump),277.42,0.658,0.659
2026-01-05,MKT_04,MKT_04_STL_003,Rice (Sinandomeng),155.45,2.807,2.556
2026-01-05,MKT_02,MKT_02_STL_019,Tomatoes,138.18,2.092,1.993
2026-01-05,MKT_01,MKT_01_STL_028,Carrots,14.0,0.703,0.662
2026-01-05,MKT_03,MKT_03_STL_006,Chicken (Whole),324.5,1.912,1.804
2026-01-05,MKT_02,MKT_02_STL_011,Whole Fish (Galunggong),748.89,3.383,3.17
2026-01-05,MKT_04,MKT_04_STL_016,Pork,1021.08,2.981,2.721
2026-01-05,MKT_02,MKT_02_STL_008,Rice (Sinandomeng),57.4,1.015,0.974
2026-01-05,MKT_03,MKT_03_STL_027,Pork,234.21,0.752,0.713
2026-01-05,MKT_02,MKT_02_STL_016,Tomatoes,159.44,2.414,2.278
2026-01-05,MKT_01,MKT_01_STL_010,Chicken (Whole),497.91,2.743,2.741
2026-01-05,MKT_04,MKT_04_STL_016,Chicken (Whole),581.81,3.006,2.837
2026-01-05,MKT_04,MKT_04_STL_031,Pork,414.46,1.21,1.211
2026-01-05,MKT_04,MKT_04_STL_022,Chicken (Whole),314.52,1.625,1.627
2026-01-05,MKT_03,MKT_03_STL_021,Tomatoes,198.07,2.251,2.255
2026-01-05,MKT_04,MKT_04_STL_028,Bangus,179.38,1.024,0.935
2026-01-05,MKT_04,MKT_04_STL_005,Tomatoes,95.68,1.099,1.034
2026-01-05,MKT_03,MKT_03_STL_008,Tomatoes,252.18,2.866,2.659
2026-01-05,MKT_03,MKT_03_STL_019,Beef (Rump),486.44,1.105,1.107
2026-01-05,MKT_03,MKT_03_STL_013,Carrots,30.03,1.34,1.342
2026-01-05,MKT_04,MKT_04_STL_029,Tomatoes,171.51,1.97,1.876
2026-01-05,MKT_02,MKT_02_STL_018,Tilapia,190.72,1.227,1.16
2026-01-05,MKT_04,MKT_04_STL_016,Rice (Sinandomeng),171.35,3.094,2.869
2026-01-05,MKT_04,MKT_04_STL_012,Garlic,412.39,3.216,3.217
2026-01-05,MKT_04,MKT_04_STL_001,Red Onions,477.49,3.204,3.065
2026-01-05,MKT_05,MKT_05_STL_005,Red Onions,214.24,1.97,1.968
2026-01-06,MKT_01,MKT_01_STL_015,Tomatoes,116.2,1.45,1.338
2026-01-06,MKT_02,MKT_02_STL_016,Potatoes,316.7,3.289,3.118
2026-01-06,MKT_04,MKT_04_STL_038,Bangus,421.47,2.447,2.238
2026-01-06,MKT_04,MKT_04_STL_014,Garlic,313.5,3.656,3.339
2026-01-06,MKT_04,MKT_04_STL_018,Carrots,41.37,1.828,1.753
2026-01-06,MKT_01,MKT_01_STL_028,Tomatoes,231.6,2.89,2.7
2026-01-06,MKT_03,MKT_03_STL_031,Bangus,371.57,2.237,2.093
2026-01-06,MKT_03,MKT_03_STL_017,Pork,617.04,1.958,1.857
2026-01-06,MKT_05,MKT_05_STL_007,Red Onions,484.42,2.984,2.759
2026-01-06,MKT_03,MKT_03_STL_030,Bangus,555.6,3.345,3.35
2026-01-06,MKT_01,MKT_01_STL_020,Beef (Rump),520.71,1.218,1.217
2026-01-06,MKT_01,MKT_01_STL_014,Carrots,39.46,1.937,1.939
2026-01-06,MKT_03,MKT_03_STL_025,Tomatoes,248.06,3.075,3.074
2026-01-06,MKT_02,MKT_02_STL_024,Carrots,77.93,3.662,3.429
2026-01-06,MKT_03,MKT_03_STL_001,Rice (Sinandomeng),203.0,3.324,3.123
2026-01-06,MKT_02,MKT_02_STL_002,Whole Fish (Galunggong),638.64,3.357,3.115
2026-01-06,MKT_04,MKT_04_STL_005,Potatoes,206.38,2.62,2.4
2026-01-06,MKT_03,MKT_03_STL_003,Pork,564.1,1.79,1.655
2026-01-06,MKT_04,MKT_04_STL_020,Red Onions,78.53,0.637,0.598
2026-01-06,MKT_03,MKT_03_STL_007,Beef (Rump),1049.09,2.594,2.594
2026-01-06,MKT_02,MKT_02_STL_018,Garlic,326.7,3.135,2.883
2026-01-06,MKT_04,MKT_04_STL_021,Pork,787.95,2.359,2.361
2026-01-06,MKT_03,MKT_03_STL_008,Carrots,47.33,2.237,2.044
2026-01-06,MKT_03,MKT_03_STL_017,Tilapia,419.07,3.312,3.164
2026-01-06,MKT_04,MKT_04_STL_009,Tilapia,275.97,1.892,1.896
2026-01-06,MKT_05,MKT_05_STL_004,Tilapia,159.61,1.101,1.026
2026-01-06,MKT_03,MKT_03_STL_006,Pork,747.2,2.371,2.182
2026-01-06,MKT_02,MKT_02_STL_021,Rice (Sinandomeng),193.02,3.631,3.444
2026-01-06,MKT_02,MKT_02_STL_028,Pork,825.32,2.653,2.447
2026-01-06,MKT_04,MKT_04_STL_004,Whole Fish (Galunggong),511.13,2.459,2.24
2026-01-06,MKT_01,MKT_01_STL_008,Chicken (Whole),522.3,2.761,2.76
2026-01-06,MKT_03,MKT_03_STL_019,Tilapia,196.88,1.556,1.558
2026-01-06,MKT_03,MKT_03_STL_013,Bangus,220.75,1.329,1.331
2026-01-06,MKT_02,MKT_02_STL_021,Tilapia,253.48,1.987,1.857
2026-01-06,MKT_04,MKT_04_STL_024,Pork,637.64,1.909,1.91
2026-01-07,MKT_03,MKT_03_STL_031,Tomatoes,208.05,2.571,2.363
2026-01-07,MKT_01,MKT_01_STL_001,Pork,362.17,1.164,1.065
2026-01-07,MKT_05,MKT_05_STL_004,Pork,251.99,0.811,0.741
2026-01-07,MKT_01,MKT_01_STL_019,Beef (Rump),1486.28,3.526,3.375
2026-01-07,MKT_01,MKT_01_STL_029,Rice (Sinandomeng),65.01,1.328,1.328
2026-01-07,MKT_05,MKT_05_STL_004,Tomatoes,70.42,1.001,0.951
2026-01-07,MKT_01,MKT_01_STL_024,Carrots,28.74,1.381,1.38
2026-01-07,MKT_01,MKT_01_STL_001,Red Onions,400.54,3.52,3.295
2026-01-07,MKT_03,MKT_03_STL_032,Bangus,321.88,1.832,1.832
2026-01-07,MKT_02,MKT_02_STL_017,Beef (Rump),408.16,1.065,1.067
2026-01-07,MKT_03,MKT_03_STL_029,Chicken (Whole),613.96,3.219,3.005
2026-01-07,MKT_04,MKT_04_STL_018,Tilapia,265.22,1.84,1.735
2026-01-07,MKT_03,MKT_03_STL_030,Tilapia,256.73,1.958,1.958
2026-01-07,MKT_05,MKT_05_STL_009,Red Onions,464.37,3.024,3.026
2026-01-07,MKT_04,MKT_04_STL_020,Beef (Rump),1127.89,2.409,2.202
2026-01-07,MKT_04,MKT_04_STL_034,Beef (Rump),474.75,1.014,1.015
2026-01-07,MKT_04,MKT_04_STL_027,Tomatoes,189.65,1.709,1.616
2026-01-07,MKT_03,MKT_03_STL_022,Carrots,20.79,0.944,0.945
2026-01-07,MKT_03,MKT_03_STL_019,Rice (Sinandomeng),116.24,2.352,2.356
2026-01-07,MKT_02,MKT_02_STL_025,Red Onions,155.99,1.489,1.356
2026-01-07,MKT_04,MKT_04_STL_017,Potatoes,246.32,2.579,2.579
2026-01-07,MKT_05,MKT_05_STL_005,Rice (Sinandomeng),54.76,0.982,0.984
2026-01-07,MKT_03,MKT_03_STL_010,Tilapia,291.35,2.222,2.224
2026-01-07,MKT_04,MKT_04_STL_037,Tilapia,163.02,1.131,1.053
2026-01-07,MKT_02,MKT_02_STL_026,Carrots,51.38,2.499,2.497
2026-01-07,MKT_03,MKT_03_STL_025,Rice (Sinandomeng),79.96,1.618,1.619
2026-01-07,MKT_01,MKT_01_STL_003,Rice (Sinandomeng),107.69,2.2,2.101
2026-01-07,MKT_04,MKT_04_STL_039,Carrots,42.86,1.834,1.714
2026-01-07,MKT_01,MKT_01_STL_022,Rice (Sinandomeng),179.3,3.663,3.343
2026-01-08,MKT_04,MKT_04_STL_029,Carrots,80.51,3.658,3.41
2026-01-08,MKT_04,MKT_04_STL_017,Red Onions,140.57,1.494,1.494
2026-01-08,MKT_03,MKT_03_STL_033,Tomatoes,231.79,3.191,3.188
2026-01-08,MKT_01,MKT_01_STL_019,Garlic,216.89,2.721,2.501
2026-01-08,MKT_03,MKT_03_STL_015,Tomatoes,115.28,1.587,1.516
2026-01-08,MKT_02,MKT_02_STL_016,Tomatoes,239.32,3.356,3.201
2026-01-08,MKT_04,MKT_04_STL_012,Red Onions,79.88,0.849,0.851
2026-01-08,MKT_04,MKT_04_STL_009,Garlic,345.27,3.021,3.023
2026-01-08,MKT_04,MKT_04_STL_002,Pork,505.51,1.592,1.479
2026-01-08,MKT_03,MKT_03_STL_031,Chicken (Whole),384.96,2.37,2.25
2026-01-08,MKT_04,MKT_04_STL_034,Whole Fish (Galunggong),286.38,1.331,1.334
2026-01-08,MKT_02,MKT_02_STL_020,Red Onions,277.43,3.048,3.048
2026-01-08,MKT_02,MKT_02_STL_030,Pork,1145.14,3.646,3.428
2026-01-08,MKT_04,MKT_04_STL_008,Tomatoes,120.74,1.453,1.453
2026-01-08,MKT_04,MKT_04_STL_040,Carrots,70.92,3.222,3.225
2026-01-08,MKT_01,MKT_01_STL_025,Rice (Sinandomeng),125.1,2.646,2.648
2026-01-08,MKT_04,MKT_04_STL_005,Bangus,314.5,1.71,1.618
2026-01-08,MKT_01,MKT_01_STL_004,Tilapia,218.55,1.519,1.424
2026-01-08,MKT_01,MKT_01_STL_025,Red Onions,94.79,0.763,0.763
2026-01-08,MKT_02,MKT_02_STL_001,Tomatoes,206.94,2.902,2.725
2026-01-08,MKT_03,MKT_03_STL_002,Tomatoes,99.3,1.367,1.366
2026-01-08,MKT_05,MKT_05_STL_002,Bangus,520.94,2.684,2.686
2026-01-08,MKT_05,MKT_05_STL_005,Garlic,193.53,2.29,2.294
2026-01-08,MKT_03,MKT_03_STL_023,Beef (Rump),828.97,2.101,1.924
2026-01-09,MKT_04,MKT_04_STL_001,Pork,1088.53,3.548,3.299
2026-01-09,MKT_04,MKT_04_STL_026,Bangus,156.07,0.814,0.765
2026-01-09,MKT_01,MKT_01_STL_015,Beef (Rump),760.24,1.872,1.744
2026-01-09,MKT_04,MKT_04_STL_009,Potatoes,199.22,2.206,2.204
2026-01-09,MKT_04,MKT_04_STL_027,Chicken (Whole),190.53,1.125,1.058
2026-01-09,MKT_04,MKT_04_STL_006,Red Onions,204.58,2.148,1.972
2026-01-09,MKT_04,MKT_04_STL_027,Beef (Rump),1319.19,3.179,3.004
2026-01-09,MKT_04,MKT_04_STL_018,Red Onions,272.86,2.865,2.72
2026-01-09,MKT_02,MKT_02_STL_002,Whole Fish (Galunggong),103.67,0.535,0.507
2026-01-09,MKT_02,MKT_02_STL_026,Cabbage,188.97,3.001,3.003
2026-01-09,MKT_01,MKT_01_STL_008,Beef (Rump),710.69,1.75,1.751
2026-01-09,MKT_03,MKT_03_STL_023,Chicken (Whole),122.78,0.635,0.585
2026-01-09,MKT_03,MKT_03_STL_002,Tomatoes,219.68,3.477,3.483
2026-01-09,MKT_05,MKT_05_STL_006,Tilapia,300.26,2.409,2.243
2026-01-09,MKT_01,MKT_01_STL_025,Beef (Rump),967.76,2.383,2.384
2026-01-09,MKT_03,MKT_03_STL_003,Pork,540.32,1.756,1.62
2026-01-09,MKT_03,MKT_03_STL_017,Carrots,68.93,3.187,3.036
2026-01-09,MKT_03,MKT_03_STL_023,Carrots,21.65,1.001,0.938
2026-01-09,MKT_01,MKT_01_STL_028,Rice (Sinandomeng),80.61,1.64,1.572
2026-01-09,MKT_04,MKT_04_STL_007,Tilapia,266.67,1.926,1.759
2026-01-09,MKT_04,MKT_04_STL_020,Tilapia,94.57,0.683,0.646
2026-01-09,MKT_05,MKT_05_STL_005,Pork,698.28,2.043,2.042
2026-01-09,MKT_04,MKT_04_STL_023,Rice (Sinandomeng),171.4,3.006,2.794
2026-01-09,MKT_03,MKT_03_STL_021,Rice (Sinandomeng),117.09,2.132,2.131
2026-01-09,MKT_04,MKT_04_STL_006,Cabbage,202.07,3.063,2.9
2026-01-09,MKT_01,MKT_01_STL_024,Tilapia,106.93,0.788,0.788
2026-01-09,MKT_05,MKT_05_STL_007,Rice (Sinandomeng),31.25,0.577,0.539
2026-01-09,MKT_04,MKT_04_STL_021,Tilapia,392.4,2.834,2.836
2026-01-09,MKT_05,MKT_05_STL_002,Rice (Sinandomeng),43.65,0.806,0.807
2026-01-09,MKT_03,MKT_03_STL_016,Chicken (Whole),579.31,2.996,2.995
2026-01-10,MKT_01,MKT_01_STL_027,Bangus,287.5,1.965,1.881
2026-01-10,MKT_04,MKT_04_STL_034,Rice (Sinandomeng),195.85,3.268,3.27
2026-01-10,MKT_03,MKT_03_STL_021,Beef (Rump),1191.07,2.569,2.573
2026-01-10,MKT_03,MKT_03_STL_032,Tomatoes,303.62,3.168,3.169
2026-01-10,MKT_04,MKT_04_STL_039,Whole Fish (Galunggong),750.18,3.582,3.41
2026-01-10,MKT_01,MKT_01_STL_026,Beef (Rump),225.97,0.586,0.586
2026-01-10,MKT_04,MKT_04_STL_012,Chicken (Whole),156.47,0.886,0.886
2026-01-10,MKT_01,MKT_01_STL_021,Chicken (Whole),261.39,1.497,1.422
2026-01-10,MKT_04,MKT_04_STL_012,Pork,563.58,1.775,1.774
2026-01-10,MKT_02,MKT_02_STL_013,Pork,248.95,0.796,0.733
2026-01-10,MKT_02,MKT_02_STL_009,Whole Fish (Galunggong),423.27,1.887,1.794
2026-01-10,MKT_02,MKT_02_STL_003,Carrots,62.77,3.083,2.879
2026-01-10,MKT_02,MKT_02_STL_024,Carrots,42.49,2.087,1.907
2026-01-10,MKT_01,MKT_01_STL_003,Carrots,15.98,0.755,0.699
2026-01-10,MKT_04,MKT_04_STL_025,Whole Fish (Galunggong),165.24,0.789,0.79
2026-01-10,MKT_04,MKT_04_STL_036,Garlic,149.26,1.221,1.116
2026-01-10,MKT_03,MKT_03_STL_006,Rice (Sinandomeng),135.85,2.617,2.512
2026-01-10,MKT_01,MKT_01_STL_013,Rice (Sinandomeng),176.91,3.331,3.038
2026-01-10,MKT_04,MKT_04_STL_026,Garlic,198.15,1.621,1.544
2026-01-10,MKT_04,MKT_04_STL_030,Red Onions,314.5,2.842,2.842
2026-01-10,MKT_01,MKT_01_STL_017,Red Onions,314.41,2.313,2.211
2026-01-10,MKT_01,MKT_01_STL_028,Garlic,250.53,2.99,2.79
2026-01-10,MKT_02,MKT_02_STL_022,Potatoes,90.46,1.136,1.075
2026-01-11,MKT_04,MKT_04_STL_037,Potatoes,62.56,0.838,0.796
2026-01-11,MKT_04,MKT_04_STL_002,Red Onions,457.67,3.263,3.054
2026-01-11,MKT_03,MKT_03_STL_015,Rice (Sinandomeng),95.63,1.996,1.819
2026-01-11,MKT_03,MKT_03_STL_015,Rice (Sinandomeng),158.15,3.301,3.004
2026-01-11,MKT_03,MKT_03_STL_017,Bangus,185.19,1.204,1.143
2026-01-11,MKT_01,MKT_01_STL_009,Pork,884.16,2.948,2.784
2026-01-11,MKT_03,MKT_03_STL_028,Tomatoes,59.19,0.83,0.831
2026-01-11,MKT_04,MKT_04_STL_009,Whole Fish (Galunggong),385.6,1.582,1.584
2026-01-11,MKT_03,MKT_03_STL_009,Carrots,16.34,0.747,0.747
2026-01-11,MKT_03,MKT_03_STL_003,Bangus,223.64,1.454,1.351
2026-01-11,MKT_04,MKT_04_STL_013,Beef (Rump),1214.73,2.793,2.561
2026-01-11,MKT_03,MKT_03_STL_008,Chicken (Whole),417.54,2.286,2.162
2026-01-11,MKT_04,MKT_04_STL_037,Bangus,174.35,1.113,1.066
2026-01-11,MKT_03,MKT_03_STL_010,Tomatoes,236.32,3.314,3.317
2026-01-11,MKT_01,MKT_01_STL_006,Carrots,73.17,3.739,3.496
2026-01-11,MKT_03,MKT_03_STL_012,Pork,540.86,1.81,1.689
2026-01-11,MKT_03,MKT_03_STL_022,Pork,256.09,0.857,0.858
2026-01-11,MKT_02,MKT_02_STL_015,Potatoes,214.64,2.377,2.272
2026-01-11,MKT_02,MKT_02_STL_008,Rice (Sinandomeng),42.47,0.762,0.694
2026-01-11,MKT_01,MKT_01_STL_014,Tilapia,135.55,1.102,1.101
2026-01-12,MKT_04,MKT_04_STL_001,Pork,405.55,1.278,1.199
2026-01-12,MKT_03,MKT_03_STL_017,Tomatoes,111.56,1.447,1.336
2026-01-12,MKT_04,MKT_04_STL_038,Garlic,268.75,2.476,2.281
2026-01-12,MKT_02,MKT_02_STL_026,Whole Fish (Galunggong),485.8,2.429,2.431
2026-01-12,MKT_02,MKT_02_STL_003,Tomatoes,183.75,2.743,2.5
2026-01-12,MKT_01,MKT_01_STL_005,Tomatoes,182.53,2.031,2.034
2026-01-12,MKT_03,MKT_03_STL_028,Tomatoes,63.45,0.823,0.824
2026-01-12,MKT_02,MKT_02_STL_018,Tomatoes,87.56,1.307,1.192
2026-01-12,MKT_04,MKT_04_STL_031,Carrots,17.7,0.798,0.799
2026-01-12,MKT_03,MKT_03_STL_010,Pork,650.39,1.99,1.994
2026-01-12,MKT_04,MKT_04_STL_014,Rice (Sinandomeng),101.59,1.781,1.648
2026-01-12,MKT_05,MKT_05_STL_009,Rice (Sinandomeng),75.44,1.408,1.408
2026-01-12,MKT_02,MKT_02_STL_004,Whole Fish (Galunggong),158.4,0.792,0.73
2026-01-12,MKT_02,MKT_02_STL_020,Whole Fish (Galunggong),395.2,1.976,1.977
2026-01-12,MKT_02,MKT_02_STL_016,Beef (Rump),1193.41,2.659,2.486
2026-01-12,MKT_04,MKT_04_STL_001,Beef (Rump),1036.73,2.315,2.127
2026-01-12,MKT_04,MKT_04_STL_034,Red Onions,215.34,2.142,2.14
2026-01-12,MKT_05,MKT_05_STL_007,Carrots,85.59,3.794,3.472
2026-01-12,MKT_04,MKT_04_STL_005,Pork,554.69,1.748,1.651
2026-01-12,MKT_04,MKT_04_STL_005,Bangus,396.58,1.905,1.828
2026-01-12,MKT_03,MKT_03_STL_020,Rice (Sinandomeng),119.59,2.369,2.17
2026-01-12,MKT_02,MKT_02_STL_019,Beef (Rump),1486.04,3.311,3.154
2026-01-12,MKT_05,MKT_05_STL_003,Bangus,203.35,0.978,0.903
2026-01-12,MKT_05,MKT_05_STL_009,Tomatoes,206.28,2.791,2.792
2026-01-12,MKT_04,MKT_04_STL_003,Tomatoes,195.93,2.681,2.48
2026-01-12,MKT_03,MKT_03_STL_020,Tomatoes,162.22,2.104,1.928
2026-01-12,MKT_02,MKT_02_STL_006,Red Onions,71.53,0.704,0.667
2026-01-12,MKT_04,MKT_04_STL_024,Garlic,370.34,3.412,3.413
2026-01-12,MKT_05,MKT_05_STL_002,Tilapia,420.38,2.796,2.799
2026-01-12,MKT_02,MKT_02_STL_009,Carrots,12.81,0.609,0.584
2026-01-12,MKT_02,MKT_02_STL_002,Tilapia,206.58,1.678,1.547
2026-01-12,MKT_03,MKT_03_STL_013,Carrots,58.04,2.796,2.796
2026-01-13,MKT_04,MKT_04_STL_034,Pork,581.29,1.786,1.784
2026-01-13,MKT_01,MKT_01_STL_010,Bangus,300.84,1.554,1.554
2026-01-13,MKT_04,MKT_04_STL_021,Chicken (Whole),234.34,1.203,1.204
2026-01-13,MKT_04,MKT_04_STL_030,Pork,1049.64,3.225,3.231
2026-01-13,MKT_03,MKT_03_STL_017,Beef (Rump),392.74,0.885,0.843
2026-01-13,MKT_01,MKT_01_STL_026,Red Onions,219.66,1.477,1.478
2026-01-13,MKT_01,MKT_01_STL_014,Bangus,427.06,2.206,2.204
2026-01-13,MKT_04,MKT_04_STL_016,Beef (Rump),244.3,0.599,0.561
2026-01-13,MKT_02,MKT_02_STL_025,Carrots,81.09,3.674,3.457
2026-01-13,MKT_01,MKT_01_STL_016,Bangus,296.97,1.534,1.467
2026-01-13,MKT_04,MKT_04_STL_032,Tomatoes,84.07,0.864,0.8
2026-01-13,MKT_03,MKT_03_STL_017,Tilapia,284.79,2.166,1.99
2026-01-13,MKT_04,MKT_04_STL_016,Cabbage,91.57,1.636,1.519
2026-01-13,MKT_05,MKT_05_STL_010,Tilapia,484.43,3.586,3.408
2026-01-13,MKT_02,MKT_02_STL_024,Cabbage,194.25,3.307,3.042
2026-01-13,MKT_02,MKT_02_STL_001,Red Onions,124.28,1.206,1.142
2026-01-13,MKT_03,MKT_03_STL_011,Beef (Rump),1546.98,3.486,3.489
2026-01-13,MKT_02,MKT_02_STL_012,Chicken (Whole),430.58,2.605,2.374
2026-01-13,MKT_02,MKT_02_STL_020,Potatoes,266.92,3.028,3.033
2026-01-13,MKT_03,MKT_03_STL_010,Tilapia,173.55,1.32,1.32
2026-01-13,MKT_04,MKT_04_STL_003,Red Onions,198.38,2.027,1.926
2026-01-13,MKT_02,MKT_02_STL_021,Whole Fish (Galunggong),166.96,0.795,0.73
2026-01-13,MKT_02,MKT_02_STL_014,Red Onions,319.87,3.104,2.912
2026-01-13,MKT_01,MKT_01_STL_024,Red Onions,214.01,1.439,1.44
2026-01-13,MKT_04,MKT_04_STL_037,Beef (Rump),1033.9,2.535,2.375
2026-01-13,MKT_02,MKT_02_STL_023,Whole Fish (Galunggong),491.84,2.342,2.143
2026-01-13,MKT_02,MKT_02_STL_002,Cabbage,167.41,2.85,2.61
2026-01-13,MKT_03,MKT_03_STL_010,Tomatoes,95.03,1.14,1.139
2026-01-13,MKT_04,MKT_04_STL_003,Potatoes,258.55,3.5,3.314
2026-01-13,MKT_04,MKT_04_STL_039,Cabbage,126.44,2.259,2.098
2026-01-13,MKT_02,MKT_02_STL_017,Whole Fish (Galunggong),677.07,3.224,3.221
2026-01-13,MKT_04,MKT_04_STL_013,Potatoes,188.37,2.55,2.38
2026-01-14,MKT_03,MKT_03_STL_001,Tomatoes,66.21,0.989,0.943
2026-01-14,MKT_01,MKT_01_STL_016,Beef (Rump),1325.55,3.228,3.032
2026-01-14,MKT_01,MKT_01_STL_008,Pork,704.18,2.403,2.402
2026-01-14,MKT_04,MKT_04_STL_014,Beef (Rump),1458.79,3.205,2.971
2026-01-14,MKT_02,MKT_02_STL_027,Beef (Rump),1198.18,2.7,2.561
2026-01-14,MKT_02,MKT_02_STL_028,Chicken (Whole),164.12,0.884,0.841
2026-01-14,MKT_01,MKT_01_STL_010,Chicken (Whole),502.95,2.888,2.891
2026-01-14,MKT_03,MKT_03_STL_014,Tomatoes,155.52,2.323,2.179
2026-01-14,MKT_03,MKT_03_STL_008,Carrots,24.47,1.168,1.106
2026-01-14,MKT_03,MKT_03_STL_004,Carrots,26.73,1.276,1.275
2026-01-14,MKT_04,MKT_04_STL_037,Cabbage,155.95,2.321,2.152
2026-01-14,MKT_01,MKT_01_STL_008,Carrots,68.8,3.389,3.391
2026-01-14,MKT_01,MKT_01_STL_016,Carrots,14.78,0.728,0.666
2026-01-14,MKT_02,MKT_02_STL_005,Tilapia,351.27,2.517,2.305
2026-01-14,MKT_05,MKT_05_STL_006,Bangus,623.73,3.446,3.19
2026-01-14,MKT_04,MKT_04_STL_009,Pork,525.82,1.692,1.691
2026-01-14,MKT_04,MKT_04_STL_026,Rice (Sinandomeng),69.59,1.298,1.208
2026-01-14,MKT_04,MKT_04_STL_023,Red Onions,466.31,3.534,3.299
2026-01-14,MKT_01,MKT_01_STL_011,Garlic,278.48,3.352,3.349
2026-01-14,MKT_04,MKT_04_STL_035,Beef (Rump),946.28,2.079,1.989
2026-01-14,MKT_03,MKT_03_STL_004,Pork,890.88,2.817,2.82
2026-01-14,MKT_03,MKT_03_STL_025,Bangus,547.87,2.919,2.918
2026-01-14,MKT_03,MKT_03_STL_019,Bangus,216.22,1.152,1.154
2026-01-14,MKT_02,MKT_02_STL_030,Chicken (Whole),675.06,3.636,3.41
2026-01-14,MKT_03,MKT_03_STL_028,Beef (Rump),1394.47,3.083,3.089
2026-01-14,MKT_02,MKT_02_STL_024,Red Onions,219.45,1.781,1.624
2026-01-14,MKT_03,MKT_03_STL_022,Tilapia,306.26,2.136,2.137
2026-01-14,MKT_04,MKT_04_STL_019,Chicken (Whole),560.56,3.392,3.39
2026-01-14,MKT_02,MKT_02_STL_026,Rice (Sinandomeng),76.73,1.589,1.589
2026-01-14,MKT_02,MKT_02_STL_015,Beef (Rump),274.25,0.618,0.563
2026-01-14,MKT_02,MKT_02_STL_029,Garlic,49.72,0.604,0.604
2026-01-15,MKT_04,MKT_04_STL_028,Potatoes,261.16,3.513,3.252
2026-01-15,MKT_01,MKT_01_STL_026,Beef (Rump),879.76,2.156,2.158
2026-01-15,MKT_03,MKT_03_STL_016,Tilapia,475.8,3.209,3.209
2026-01-15,MKT_02,MKT_02_STL_016,Red Onions,480.23,3.385,3.101
2026-01-15,MKT_01,MKT_01_STL_001,Bangus,84.7,0.575,0.524
2026-01-15,MKT_04,MKT_04_STL_014,Beef (Rump),705.13,1.538,1.403
2026-01-15,MKT_01,MKT_01_STL_008,Chicken (Whole),213.39,1.393,1.392
2026-01-15,MKT_02,MKT_02_STL_023,Rice (Sinandomeng),197.56,3.501,3.248
2026-01-15,MKT_02,MKT_02_STL_006,Whole Fish (Galunggong),614.18,2.98,2.8
2026-01-15,MKT_03,MKT_03_STL_032,Carrots,27.79,1.32,1.322
2026-01-15,MKT_03,MKT_03_STL_015,Tomatoes,165.63,2.037,1.913
2026-01-15,MKT_01,MKT_01_STL_005,Tilapia,375.09,2.654,2.652
2026-01-15,MKT_03,MKT_03_STL_018,Pork,902.63,2.973,2.973
2026-01-15,MKT_01,MKT_01_STL_016,Red Onions,113.52,0.745,0.699
2026-01-15,MKT_03,MKT_03_STL_010,Tilapia,275.19,1.856,1.86
2026-01-15,MKT_01,MKT_01_STL_006,Carrots,54.88,2.548,2.424
2026-01-15,MKT_03,MKT_03_STL_015,Tomatoes,244.82,3.011,2.873
2026-01-15,MKT_02,MKT_02_STL_013,Bangus,192.32,1.164,1.1
2026-01-15,MKT_01,MKT_01_STL_009,Garlic,69.05,0.784,0.747
2026-01-15,MKT_04,MKT_04_STL_031,Red Onions,348.11,2.642,2.641
2026-01-15,MKT_03,MKT_03_STL_006,Rice (Sinandomeng),180.84,3.288,3.041
2026-01-16,MKT_05,MKT_05_STL_009,Tomatoes,204.88,1.935,1.935
2026-01-16,MKT_02,MKT_02_STL_014,Beef (Rump),474.6,1.097,1.02
2026-01-16,MKT_02,MKT_02_STL_007,Tilapia,415.65,3.05,2.899
2026-01-16,MKT_03,MKT_03_STL_011,Bangus,259.57,1.602,1.603
2026-01-16,MKT_04,MKT_04_STL_027,Bangus,646.15,3.644,3.334
2026-01-16,MKT_01,MKT_01_STL_010,Chicken (Whole),100.51,0.561,0.562
2026-01-16,MKT_03,MKT_03_STL_033,Chicken (Whole),604.21,3.224,3.221
2026-01-16,MKT_04,MKT_04_STL_022,Chicken (Whole),243.09,1.286,1.285
2026-01-16,MKT_05,MKT_05_STL_009,Carrots,38.24,1.702,1.703
2026-01-16,MKT_03,MKT_03_STL_010,Beef (Rump),422.83,0.949,0.948
2026-01-16,MKT_03,MKT_03_STL_011,Rice (Sinandomeng),189.65,3.336,3.342
2026-01-16,MKT_03,MKT_03_STL_001,Bangus,500.67,3.09,2.82
2026-01-16,MKT_01,MKT_01_STL_029,Tomatoes,58.0,0.856,0.856
2026-01-16,MKT_05,MKT_05_STL_009,Chicken (Whole),586.9,3.339,3.338
2026-01-16,MKT_02,MKT_02_STL_010,Beef (Rump),631.21,1.459,1.364
2026-01-16,MKT_04,MKT_04_STL_001,Rice (Sinandomeng),97.93,1.888,1.794
2026-01-16,MKT_02,MKT_02_STL_018,Chicken (Whole),692.56,3.685,3.486
2026-01-16,MKT_02,MKT_02_STL_016,Cabbage,71.03,1.122,1.068
2026-01-16,MKT_02,MKT_02_STL_009,Whole Fish (Galunggong),221.63,0.992,0.938
2026-01-16,MKT_05,MKT_05_STL_010,Beef (Rump),587.23,1.287,1.206
2026-01-16,MKT_05,MKT_05_STL_008,Chicken (Whole),305.66,1.739,1.609
2026-01-16,MKT_01,MKT_01_STL_023,Tomatoes,51.29,0.757,0.757
2026-01-16,MKT_04,MKT_04_STL_013,Tilapia,579.7,3.642,3.423
2026-01-16,MKT_05,MKT_05_STL_010,Chicken (Whole),502.35,2.858,2.64
2026-01-16,MKT_02,MKT_02_STL_011,Potatoes,183.12,2.394,2.292
2026-01-16,MKT_02,MKT_02_STL_018,Red Onions,111.63,0.717,0.676
2026-01-16,MKT_03,MKT_03_STL_007,Chicken (Whole),358.14,1.911,1.913
2026-01-16,MKT_04,MKT_04_STL_014,Garlic,472.24,3.643,3.318
2026-01-16,MKT_01,MKT_01_STL_005,Garlic,270.5,2.63,2.629
2026-01-16,MKT_03,MKT_03_STL_029,Carrots,29.32,1.358,1.261
2026-01-17,MKT_05,MKT_05_STL_008,Bangus,426.21,2.635,2.514
2026-01-17,MKT_02,MKT_02_STL_008,Red Onions,77.41,0.655,0.623
2026-01-17,MKT_04,MKT_04_STL_011,Rice (Sinandomeng),111.13,2.204,2.011
2026-01-17,MKT_04,MKT_04_STL_005,Tomatoes,88.03,0.949,0.896
2026-01-17,MKT_01,MKT_01_STL_028,Red Onions,269.64,1.899,1.799
2026-01-17,MKT_04,MKT_04_STL_035,Tilapia,87.59,0.662,0.632
2026-01-17,MKT_02,MKT_02_STL_002,Beef (Rump),1317.81,3.005,2.743
2026-01-17,MKT_03,MKT_03_STL_010,Beef (Rump),1426.87,3.204,3.208
2026-01-17,MKT_05,MKT_05_STL_008,Beef (Rump),966.79,2.187,2.051
2026-01-17,MKT_01,MKT_01_STL_017,Rice (Sinandomeng),78.18,1.591,1.447
2026-01-17,MKT_03,MKT_03_STL_007,Rice (Sinandomeng),110.75,2.169,2.167
2026-01-17,MKT_04,MKT_04_STL_024,Cabbage,165.37,2.89,2.895
2026-01-17,MKT_04,MKT_04_STL_029,Rice (Sinandomeng),35.19,0.698,0.664
2026-01-17,MKT_03,MKT_03_STL_026,Tomatoes,95.7,1.281,1.281
2026-01-17,MKT_03,MKT_03_STL_019,Bangus,151.58,0.849,0.848
2026-01-17,MKT_05,MKT_05_STL_006,Tomatoes,60.51,0.66,0.622
2026-01-17,MKT_04,MKT_04_STL_030,Potatoes,228.11,2.182,2.183
2026-01-17,MKT_02,MKT_02_STL_004,Pork,1035.15,3.318,3.038
2026-01-17,MKT_03,MKT_03_STL_007,Pork,475.9,1.547,1.549
2026-01-17,MKT_03,MKT_03_STL_004,Beef (Rump),463.15,1.04,1.042
2026-01-17,MKT_01,MKT_01_STL_022,Red Onions,452.52,3.187,2.968
2026-01-17,MKT_05,MKT_05_STL_007,Garlic,157.95,1.251,1.137
2026-01-17,MKT_01,MKT_01_STL_017,Carrots,47.81,2.232,2.078
2026-01-17,MKT_04,MKT_04_STL_036,Bangus,633.2,3.44,3.261
2026-01-17,MKT_04,MKT_04_STL_013,Tomatoes,256.67,2.767,2.531
2026-01-17,MKT_02,MKT_02_STL_029,Carrots,28.49,1.354,1.353
2026-01-17,MKT_03,MKT_03_STL_027,Pork,556.81,1.81,1.683
2026-01-17,MKT_04,MKT_04_STL_007,Pork,1056.88,3.159,3.011
2026-01-17,MKT_02,MKT_02_STL_023,Pork,635.19,2.036,1.881
2026-01-18,MKT_04,MKT_04_STL_008,Tomatoes,199.44,2.382,2.385
2026-01-18,MKT_02,MKT_02_STL_006,Cabbage,29.22,0.568,0.517
2026-01-18,MKT_05,MKT_05_STL_002,Garlic,412.35,3.35,3.353
2026-01-18,MKT_04,MKT_04_STL_031,Potatoes,342.22,3.502,3.499
2026-01-18,MKT_02,MKT_02_STL_019,Whole Fish (Galunggong),541.0,2.323,2.207
2026-01-18,MKT_04,MKT_04_STL_028,Carrots,67.44,3.071,2.905
2026-01-18,MKT_03,MKT_03_STL_010,Carrots,59.46,2.73,2.731
2026-01-18,MKT_02,MKT_02_STL_014,Garlic,211.72,1.749,1.644
2026-01-18,MKT_04,MKT_04_STL_002,Rice (Sinandomeng),70.73,1.325,1.22
2026-01-18,MKT_04,MKT_04_STL_024,Bangus,130.01,0.768,0.768
2026-01-18,MKT_05,MKT_05_STL_006,Rice (Sinandomeng),94.39,1.773,1.666
2026-01-18,MKT_02,MKT_02_STL_010,Cabbage,153.17,2.977,2.758
2026-01-18,MKT_01,MKT_01_STL_028,Pork,446.53,1.519,1.396
2026-01-18,MKT_03,MKT_03_STL_011,Beef (Rump),1507.1,3.21,3.211
2026-01-18,MKT_03,MKT_03_STL_029,Tilapia,348.91,2.722,2.497
2026-01-18,MKT_01,MKT_01_STL_003,Red Onions,166.55,1.173,1.1
2026-01-18,MKT_02,MKT_02_STL_030,Bangus,404.05,2.071,1.929
2026-01-18,MKT_04,MKT_04_STL_004,Bangus,138.99,0.821,0.771
2026-01-18,MKT_02,MKT_02_STL_029,Tilapia,343.0,2.34,2.342
2026-01-18,MKT_04,MKT_04_STL_016,Bangus,141.19,0.834,0.779
2026-01-18,MKT_03,MKT_03_STL_010,Tomatoes,241.62,2.529,2.529
2026-01-18,MKT_04,MKT_04_STL_003,Potatoes,100.85,1.032,0.965
2026-01-18,MKT_03,MKT_03_STL_004,Pork,439.91,1.371,1.372
2026-01-18,MKT_04,MKT_04_STL_004,Whole Fish (Galunggong),388.63,2.028,1.933
2026-01-18,MKT_05,MKT_05_STL_002,Rice (Sinandomeng),135.76,2.55,2.553
2026-01-18,MKT_04,MKT_04_STL_005,Chicken (Whole),394.74,2.188,2.069
2026-01-18,MKT_02,MKT_02_STL_018,Carrots,48.79,2.358,2.153
2026-01-18,MKT_04,MKT_04_STL_020,Red Onions,125.45,0.877,0.823
2026-01-18,MKT_03,MKT_03_STL_013,Pork,607.73,1.894,1.894
2026-01-18,MKT_01,MKT_01_STL_027,Beef (Rump),737.76,1.684,1.566
2026-01-18,MKT_04,MKT_04_STL_009,Whole Fish (Galunggong),384.6,2.007,2.01
2026-01-18,MKT_04,MKT_04_STL_015,Cabbage,139.06,2.054,1.889
2026-01-18,MKT_03,MKT_03_STL_021,Bangus,127.24,0.636,0.636
2026-01-18,MKT_03,MKT_03_STL_020,Beef (Rump),733.36,1.562,1.442
2026-01-18,MKT_01,MKT_01_STL_011,Tomatoes,192.76,2.368,2.371
2026-01-19,MKT_03,MKT_03_STL_030,Chicken (Whole),170.78,1.055,1.055
2026-01-19,MKT_04,MKT_04_STL_034,Garlic,145.54,1.278,1.278
2026-01-19,MKT_02,MKT_02_STL_003,Bangus,360.74,2.188,2.103
2026-01-19,MKT_02,MKT_02_STL_020,Pork,175.44,0.54,0.54
2026-01-19,MKT_01,MKT_01_STL_009,Tomatoes,284.32,2.812,2.575
2026-01-19,MKT_01,MKT_01_STL_021,Garlic,338.07,2.834,2.678
2026-01-19,MKT_03,MKT_03_STL_030,Tilapia,404.25,2.574,2.572
2026-01-19,MKT_03,MKT_03_STL_022,Bangus,539.97,2.909,2.914
2026-01-19,MKT_02,MKT_02_STL_025,Rice (Sinandomeng),31.55,0.567,0.542
2026-01-19,MKT_04,MKT_04_STL_011,Carrots,59.89,2.721,2.588
2026-01-19,MKT_01,MKT_01_STL_015,Carrots,24.81,1.217,1.128
2026-01-19,MKT_03,MKT_03_STL_024,Chicken (Whole),292.52,1.807,1.807
2026-01-19,MKT_02,MKT_02_STL_012,Whole Fish (Galunggong),492.1,2.212,2.116
2026-01-19,MKT_03,MKT_03_STL_007,Tomatoes,68.8,0.943,0.944
2026-01-19,MKT_04,MKT_04_STL_001,Pork,351.18,1.047,0.998
2026-01-19,MKT_04,MKT_04_STL_014,Potatoes,176.1,1.963,1.836
2026-01-19,MKT_04,MKT_04_STL_019,Carrots,67.75,3.078,3.079
2026-01-19,MKT_04,MKT_04_STL_015,Chicken (Whole),289.07,1.508,1.384
2026-01-19,MKT_03,MKT_03_STL_024,Bangus,121.02,0.652,0.653
2026-01-19,MKT_04,MKT_04_STL_009,Cabbage,135.23,3.041,3.043
2026-01-19,MKT_02,MKT_02_STL_008,Bangus,544.57,3.303,3.046
2026-01-19,MKT_01,MKT_01_STL_021,Garlic,353.34,2.962,2.693
2026-01-19,MKT_03,MKT_03_STL_022,Carrots,40.24,1.961,1.962
2026-01-19,MKT_03,MKT_03_STL_004,Tomatoes,87.11,1.194,1.196
2026-01-19,MKT_04,MKT_04_STL_030,Carrots,38.83,1.764,1.766
2026-01-20,MKT_03,MKT_03_STL_003,Beef (Rump),1469.59,3.386,3.179
2026-01-20,MKT_04,MKT_04_STL_008,Tomatoes,69.69,0.851,0.851
2026-01-20,MKT_03,MKT_03_STL_008,Tilapia,294.38,1.967,1.845
2026-01-20,MKT_01,MKT_01_STL_019,Rice (Sinandomeng),75.49,1.434,1.364
2026-01-20,MKT_04,MKT_04_STL_026,Tilapia,298.83,1.942,1.814
2026-01-20,MKT_01,MKT_01_STL_027,Garlic,274.72,3.422,3.227
2026-01-20,MKT_04,MKT_04_STL_012,Garlic,273.63,3.06,3.06
2026-01-20,MKT_04,MKT_04_STL_038,Tomatoes,77.3,0.944,0.893
2026-01-20,MKT_02,MKT_02_STL_030,Potatoes,131.77,1.78,1.671
2026-01-20,MKT_05,MKT_05_STL_005,Tilapia,367.45,2.889,2.888
2026-01-20,MKT_03,MKT_03_STL_030,Rice (Sinandomeng),112.53,2.363,2.366
2026-01-20,MKT_02,MKT_02_STL_009,Potatoes,60.04,0.811,0.759
2026-01-20,MKT_04,MKT_04_STL_014,Rice (Sinandomeng),69.6,1.182,1.098
2026-01-20,MKT_02,MKT_02_STL_004,Pork,977.69,3.158,2.88
2026-01-20,MKT_02,MKT_02_STL_019,Tomatoes,114.63,1.485,1.411
2026-01-20,MKT_02,MKT_02_STL_022,Carrots,77.27,3.713,3.498
2026-01-20,MKT_01,MKT_01_STL_018,Beef (Rump),625.04,1.569,1.571
2026-01-20,MKT_03,MKT_03_STL_027,Carrots,66.19,3.096,2.92
2026-01-20,MKT_04,MKT_04_STL_020,Pork,831.9,2.464,2.353
2026-01-20,MKT_01,MKT_01_STL_023,Chicken (Whole),353.8,1.961,1.959
2026-01-20,MKT_03,MKT_03_STL_032,Tilapia,420.39,2.809,2.808
2026-01-20,MKT_01,MKT_01_STL_013,Red Onions,140.93,1.366,1.302
2026-01-21,MKT_02,MKT_02_STL_013,Potatoes,73.59,0.714,0.651
2026-01-21,MKT_04,MKT_04_STL_009,Whole Fish (Galunggong),387.37,1.872,1.871
2026-01-21,MKT_02,MKT_02_STL_002,Pork,1121.59,3.722,3.424
2026-01-21,MKT_03,MKT_03_STL_033,Pork,981.24,2.965,2.971
2026-01-21,MKT_01,MKT_01_STL_007,Pork,321.04,0.999,1.001
2026-01-21,MKT_02,MKT_02_STL_018,Chicken (Whole),558.05,3.393,3.233
2026-01-21,MKT_04,MKT_04_STL_037,Beef (Rump),1339.12,2.849,2.624
2026-01-21,MKT_03,MKT_03_STL_024,Tomatoes,228.34,2.693,2.698
2026-01-21,MKT_03,MKT_03_STL_027,Tilapia,202.09,1.577,1.504
2026-01-21,MKT_05,MKT_05_STL_009,Chicken (Whole),306.4,1.816,1.817
2026-01-21,MKT_02,MKT_02_STL_006,Whole Fish (Galunggong),104.88,0.567,0.52
2026-01-21,MKT_03,MKT_03_STL_016,Tomatoes,129.14,1.523,1.524
2026-01-21,MKT_04,MKT_04_STL_032,Pork,479.09,1.406,1.298
2026-01-21,MKT_05,MKT_05_STL_001,Bangus,340.25,1.708,1.582
2026-01-21,MKT_02,MKT_02_STL_030,Rice (Sinandomeng),154.26,2.958,2.76
2026-01-21,MKT_01,MKT_01_STL_017,Chicken (Whole),179.26,0.974,0.914
2026-01-21,MKT_01,MKT_01_STL_027,Bangus,604.65,3.504,3.194
2026-01-21,MKT_02,MKT_02_STL_012,Red Onions,367.38,3.062,2.884
2026-01-21,MKT_01,MKT_01_STL_029,Carrots,36.87,1.829,1.828
2026-01-21,MKT_02,MKT_02_STL_027,Potatoes,329.93,3.201,2.919
2026-01-21,MKT_05,MKT_05_STL_003,Pork,557.22,1.612,1.515
2026-01-21,MKT_03,MKT_03_STL_002,Rice (Sinandomeng),89.8,1.801,1.802
2026-01-21,MKT_03,MKT_03_STL_001,Carrots,58.74,2.676,2.481
2026-01-22,MKT_03,MKT_03_STL_022,Beef (Rump),761.52,1.759,1.758
2026-01-22,MKT_04,MKT_04_STL_002,Potatoes,191.81,2.287,2.161
2026-01-22,MKT_04,MKT_04_STL_008,Potatoes,120.77,1.44,1.441
2026-01-22,MKT_01,MKT_01_STL_019,Beef (Rump),1270.75,3.446,3.201
2026-01-22,MKT_02,MKT_02_STL_015,Rice (Sinandomeng),162.73,2.775,2.601
2026-01-22,MKT_02,MKT_02_STL_003,Chicken (Whole),602.98,3.408,3.163
2026-01-22,MKT_04,MKT_04_STL_023,Garlic,351.41,2.657,2.456
2026-01-22,MKT_04,MKT_04_STL_033,Whole Fish (Galunggong),578.32,3.028,2.845
2026-01-22,MKT_02,MKT_02_STL_002,Chicken (Whole),581.22,3.285,3.143
2026-01-22,MKT_04,MKT_04_STL_034,Red Onions,212.78,1.503,1.503
2026-01-22,MKT_03,MKT_03_STL_007,Rice (Sinandomeng),100.53,2.06,2.061
2026-01-22,MKT_02,MKT_02_STL_011,Chicken (Whole),147.74,0.835,0.778
2026-01-22,MKT_04,MKT_04_STL_006,Red Onions,232.32,1.641,1.522
2026-01-22,MKT_05,MKT_05_STL_009,Carrots,12.6,0.584,0.584
2026-01-22,MKT_03,MKT_03_STL_029,Beef (Rump),575.8,1.33,1.224
2026-01-22,MKT_03,MKT_03_STL_029,Bangus,547.21,3.622,3.461
2026-01-22,MKT_04,MKT_04_STL_006,Carrots,66.57,3.193,3.025
2026-01-22,MKT_03,MKT_03_STL_009,Tilapia,132.81,0.871,0.871
2026-01-22,MKT_02,MKT_02_STL_008,Pork,609.02,1.983,1.846
2026-01-22,MKT_04,MKT_04_STL_002,Carrots,42.6,2.043,1.859
2026-01-22,MKT_03,MKT_03_STL_009,Chicken (Whole),245.58,1.549,1.551
2026-01-23,MKT_04,MKT_04_STL_036,Potatoes,135.13,1.771,1.633
2026-01-23,MKT_04,MKT_04_STL_006,Pork,488.9,1.595,1.484
2026-01-23,MKT_01,MKT_01_STL_005,Tilapia,234.94,1.86,1.863
2026-01-23,MKT_01,MKT_01_STL_014,Bangus,490.12,2.98,2.985
2026-01-23,MKT_02,MKT_02_STL_002,Carrots,39.02,1.86,1.775
2026-01-23,MKT_01,MKT_01_STL_027,Chicken (Whole),319.29,1.952,1.838
2026-01-23,MKT_03,MKT_03_STL_028,Bangus,394.05,2.264,2.265
2026-01-23,MKT_04,MKT_04_STL_016,Bangus,661.09,3.35,3.116
2026-01-23,MKT_01,MKT_01_STL_010,Bangus,574.0,3.49,3.49
2026-01-23,MKT_05,MKT_05_STL_004,Tomatoes,302.84,2.87,2.695
2026-01-23,MKT_02,MKT_02_STL_006,Rice (Sinandomeng),48.25,0.977,0.933
2026-01-23,MKT_04,MKT_04_STL_001,Potatoes,156.95,2.057,1.873
2026-01-23,MKT_04,MKT_04_STL_007,Red Onions,358.02,3.235,3.09
2026-01-23,MKT_05,MKT_05_STL_009,Chicken (Whole),343.74,1.862,1.866
2026-01-23,MKT_04,MKT_04_STL_028,Rice (Sinandomeng),179.04,3.539,3.332
2026-01-23,MKT_02,MKT_02_STL_010,Pork,739.46,2.454,2.305
2026-01-23,MKT_01,MKT_01_STL_026,Pork,468.83,1.607,1.609
2026-01-23,MKT_04,MKT_04_STL_008,Red Onions,106.13,0.959,0.96
2026-01-23,MKT_04,MKT_04_STL_029,Tilapia,210.17,1.508,1.41
2026-01-23,MKT_02,MKT_02_STL_010,Whole Fish (Galunggong),228.69,1.01,0.929
2026-01-23,MKT_03,MKT_03_STL_006,Bangus,123.05,0.707,0.646
2026-01-23,MKT_04,MKT_04_STL_003,Beef (Rump),514.58,1.249,1.147
2026-01-23,MKT_01,MKT_01_STL_028,Tomatoes,33.34,0.543,0.506
2026-01-23,MKT_04,MKT_04_STL_031,Pork,952.97,3.109,3.111
2026-01-24,MKT_05,MKT_05_STL_001,Garlic,245.85,1.969,1.857
2026-01-24,MKT_01,MKT_01_STL_019,Bangus,339.93,2.086,1.926
2026-01-24,MKT_02,MKT_02_STL_024,Garlic,76.06,0.941,0.898
2026-01-24,MKT_03,MKT_03_STL_010,Tomatoes,246.08,2.785,2.785
2026-01-24,MKT_02,MKT_02_STL_005,Rice (Sinandomeng),164.25,3.283,3.099
2026-01-24,MKT_03,MKT_03_STL_024,Bangus,310.52,1.663,1.662
2026-01-24,MKT_04,MKT_04_STL_027,Tilapia,333.89,2.33,2.123
2026-01-24,MKT_01,MKT_01_STL_006,Tomatoes,256.9,2.921,2.708
2026-01-24,MKT_02,MKT_02_STL_010,Rice (Sinandomeng),140.93,2.817,2.622
2026-01-24,MKT_04,MKT_04_STL_018,Whole Fish (Galunggong),655.54,2.98,2.815
2026-01-24,MKT_02,MKT_02_STL_013,Cabbage,47.07,0.935,0.871
2026-01-24,MKT_04,MKT_04_STL_016,Chicken (Whole),701.1,3.61,3.366
2026-01-24,MKT_02,MKT_02_STL_007,Whole Fish (Galunggong),152.97,0.708,0.659
2026-01-24,MKT_01,MKT_01_STL_005,Chicken (Whole),438.89,2.751,2.752
2026-01-24,MKT_01,MKT_01_STL_012,Carrots,18.89,0.944,0.861
2026-01-24,MKT_05,MKT_05_STL_001,Rice (Sinandomeng),181.3,3.578,3.387
2026-01-24,MKT_03,MKT_03_STL_017,Chicken (Whole),226.32,1.338,1.236
2026-01-24,MKT_01,MKT_01_STL_007,Garlic,209.83,1.834,1.833
2026-01-24,MKT_03,MKT_03_STL_009,Tilapia,266.53,1.702,1.705
2026-01-24,MKT_02,MKT_02_STL_002,Carrots,31.99,1.597,1.52
2026-01-24,MKT_02,MKT_02_STL_005,Carrots,65.32,3.261,3.079
2026-01-24,MKT_03,MKT_03_STL_013,Beef (Rump),299.98,0.774,0.773
2026-01-24,MKT_01,MKT_01_STL_016,Red Onions,128.94,1.053,1.004
2026-01-24,MKT_02,MKT_02_STL_011,Beef (Rump),1202.86,2.943,2.805
2026-01-24,MKT_04,MKT_04_STL_011,Bangus,435.72,2.646,2.536
2026-01-24,MKT_04,MKT_04_STL_022,Tilapia,149.61,1.044,1.044
2026-01-24,MKT_02,MKT_02_STL_026,Beef (Rump),681.74,1.668,1.67
2026-01-24,MKT_03,MKT_03_STL_022,Bangus,592.84,3.175,3.179
2026-01-24,MKT_03,MKT_03_STL_016,Pork,203.11,0.655,0.656
2026-01-25,MKT_02,MKT_02_STL_002,Tomatoes,206.37,2.168,2.026
2026-01-25,MKT_04,MKT_04_STL_026,Pork,436.27,1.385,1.308
2026-01-25,MKT_03,MKT_03_STL_023,Bangus,143.3,0.725,0.696
2026-01-25,MKT_01,MKT_01_STL_009,Chicken (Whole),638.36,3.374,3.241
2026-01-25,MKT_04,MKT_04_STL_035,Red Onions,503.77,3.663,3.39
2026-01-25,MKT_03,MKT_03_STL_004,Chicken (Whole),494.55,2.789,2.789
2026-01-25,MKT_01,MKT_01_STL_024,Rice (Sinandomeng),70.82,1.413,1.414
2026-01-25,MKT_01,MKT_01_STL_026,Pork,926.44,3.037,3.039
2026-01-25,MKT_04,MKT_04_STL_007,Whole Fish (Galunggong),729.85,3.616,3.404
2026-01-25,MKT_03,MKT_03_STL_030,Rice (Sinandomeng),144.5,2.845,2.846
2026-01-25,MKT_03,MKT_03_STL_020,Bangus,717.86,3.632,3.384
2026-01-25,MKT_04,MKT_04_STL_002,Carrots,11.79,0.537,0.503
2026-01-25,MKT_04,MKT_04_STL_008,Garlic,177.53,1.369,1.368
2026-01-25,MKT_01,MKT_01_STL_009,Carrots,14.75,0.746,0.681
2026-01-25,MKT_03,MKT_03_STL_006,Beef (Rump),993.47,2.501,2.294
2026-01-25,MKT_04,MKT_04_STL_035,Bangus,775.74,3.815,3.498
2026-01-25,MKT_02,MKT_02_STL_001,Chicken (Whole),428.29,2.414,2.255
2026-01-25,MKT_02,MKT_02_STL_007,Carrots,22.03,1.055,0.984
2026-01-25,MKT_04,MKT_04_STL_013,Pork,469.67,1.491,1.402
2026-01-25,MKT_04,MKT_04_STL_004,Pork,1020.92,3.241,2.991
2026-01-25,MKT_01,MKT_01_STL_025,Beef (Rump),1284.12,3.131,3.135
2026-01-25,MKT_04,MKT_04_STL_029,Red Onions,491.12,3.571,3.372
2026-01-25,MKT_01,MKT_01_STL_005,Tilapia,345.64,2.408,2.406
2026-01-25,MKT_01,MKT_01_STL_002,Tomatoes,85.91,1.319,1.319
2026-01-25,MKT_02,MKT_02_STL_003,Tilapia,234.97,1.628,1.525
2026-01-25,MKT_05,MKT_05_STL_004,Garlic,174.36,1.626,1.485
2026-01-25,MKT_02,MKT_02_STL_020,Rice (Sinandomeng),128.39,2.434,2.439
2026-01-26,MKT_03,MKT_03_STL_023,Carrots,72.27,3.461,3.204
2026-01-26,MKT_04,MKT_04_STL_033,Bangus,390.74,2.344,2.167
2026-01-26,MKT_01,MKT_01_STL_026,Tomatoes,193.63,2.786,2.787
2026-01-26,MKT_04,MKT_04_STL_017,Whole Fish (Galunggong),683.5,3.13,3.13
2026-01-26,MKT_03,MKT_03_STL_021,Carrots,66.38,3.179,3.178
2026-01-26,MKT_04,MKT_04_STL_038,Tomatoes,262.4,2.671,2.517
2026-01-26,MKT_04,MKT_04_STL_017,Bangus,496.6,2.979,2.982
2026-01-26,MKT_04,MKT_04_STL_033,Rice (Sinandomeng),174.86,3.285,3.017
2026-01-26,MKT_03,MKT_03_STL_014,Carrots,19.38,0.928,0.874
2026-01-26,MKT_02,MKT_02_STL_020,Chicken (Whole),330.44,1.832,1.834
2026-01-26,MKT_01,MKT_01_STL_028,Carrots,60.28,2.999,2.775
2026-01-26,MKT_02,MKT_02_STL_013,Potatoes,151.28,1.644,1.573
2026-01-26,MKT_01,MKT_01_STL_022,Garlic,229.53,2.586,2.376
2026-01-26,MKT_02,MKT_02_STL_028,Chicken (Whole),232.14,1.287,1.203
2026-01-26,MKT_04,MKT_04_STL_013,Tilapia,86.16,0.652,0.61
2026-01-26,MKT_05,MKT_05_STL_005,Garlic,119.88,1.125,1.127
2026-01-26,MKT_02,MKT_02_STL_003,Cabbage,84.53,1.844,1.688
2026-01-26,MKT_01,MKT_01_STL_005,Garlic,177.34,1.998,2.001
2026-01-26,MKT_03,MKT_03_STL_012,Chicken (Whole),454.52,2.663,2.48
2026-01-26,MKT_03,MKT_03_STL_030,Rice (Sinandomeng),41.35,0.695,0.696
2026-01-26,MKT_04,MKT_04_STL_024,Pork,294.7,0.883,0.882
2026-01-26,MKT_05,MKT_05_STL_003,Chicken (Whole),696.15,3.406,3.143
2026-01-26,MKT_01,MKT_01_STL_014,Beef (Rump),454.31,1.076,1.076
2026-01-26,MKT_05,MKT_05_STL_003,Red Onions,359.42,2.532,2.343
2026-01-26,MKT_01,MKT_01_STL_027,Tomatoes,37.46,0.539,0.506
2026-01-26,MKT_04,MKT_04_STL_019,Cabbage,220.48,3.323,3.329
2026-01-26,MKT_02,MKT_02_STL_030,Tilapia,310.27,1.977,1.798
2026-01-26,MKT_03,MKT_03_STL_026,Beef (Rump),376.02,0.865,0.865
2026-01-26,MKT_01,MKT_01_STL_030,Tomatoes,110.09,1.584,1.584
2026-01-26,MKT_03,MKT_03_STL_020,Chicken (Whole),119.82,0.702,0.641
2026-01-26,MKT_03,MKT_03_STL_007,Tomatoes,105.75,1.448,1.449
2026-01-26,MKT_02,MKT_02_STL_002,Tilapia,125.55,0.8,0.745
2026-01-26,MKT_04,MKT_04_STL_032,Carrots,80.67,3.657,3.471
2026-01-26,MKT_05,MKT_05_STL_003,Bangus,760.04,3.694,3.373
2026-01-26,MKT_04,MKT_04_STL_014,Chicken (Whole),179.05,1.051,0.993
2026-01-27,MKT_04,MKT_04_STL_021,Carrots,41.77,1.941,1.94
2026-01-27,MKT_02,MKT_02_STL_019,Garlic,328.7,3.17,2.892
2026-01-27,MKT_04,MKT_04_STL_030,Beef (Rump),502.1,1.24,1.241
2026-01-27,MKT_02,MKT_02_STL_029,Tilapia,402.23,2.999,2.998
2026-01-27,MKT_03,MKT_03_STL_003,Chicken (Whole),610.45,3.619,3.331
2026-01-27,MKT_02,MKT_02_STL_011,Garlic,196.91,1.899,1.816
2026-01-27,MKT_05,MKT_05_STL_008,Tomatoes,155.17,2.338,2.237
2026-01-27,MKT_02,MKT_02_STL_001,Carrots,75.78,3.454,3.25
2026-01-27,MKT_03,MKT_03_STL_002,Pork,896.14,2.843,2.848
2026-01-27,MKT_01,MKT_01_STL_010,Tomatoes,47.75,0.664,0.664
2026-01-27,MKT_03,MKT_03_STL_015,Bangus,112.92,0.753,0.697
2026-01-27,MKT_02,MKT_02_STL_010,Red Onions,80.62,0.717,0.657
2026-01-27,MKT_02,MKT_02_STL_014,Bangus,142.2,0.854,0.787
2026-01-27,MKT_02,MKT_02_STL_002,Chicken (Whole),556.04,3.364,3.094
2026-01-27,MKT_03,MKT_03_STL_023,Carrots,43.83,1.986,1.86
2026-01-27,MKT_02,MKT_02_STL_008,Bangus,563.14,3.382,3.14
2026-01-27,MKT_04,MKT_04_STL_040,Tilapia,316.39,2.453,2.453
2026-01-27,MKT_03,MKT_03_STL_009,Carrots,41.05,1.86,1.862
2026-01-27,MKT_04,MKT_04_STL_034,Chicken (Whole),147.66,0.822,0.824
2026-01-27,MKT_02,MKT_02_STL_016,Potatoes,66.6,0.764,0.703
2026-01-27,MKT_03,MKT_03_STL_030,Chicken (Whole),541.13,3.208,3.213
2026-01-27,MKT_01,MKT_01_STL_006,Red Onions,123.26,1.352,1.269
2026-01-27,MKT_01,MKT_01_STL_004,Garlic,165.65,1.934,1.834
2026-01-28,MKT_01,MKT_01_STL_029,Carrots,18.87,0.883,0.883
2026-01-28,MKT_04,MKT_04_STL_033,Red Onions,459.66,3.667,3.379
2026-01-28,MKT_04,MKT_04_STL_023,Beef (Rump),1089.61,2.414,2.251
2026-01-28,MKT_03,MKT_03_STL_025,Rice (Sinandomeng),54.59,0.941,0.942
2026-01-28,MKT_02,MKT_02_STL_015,Tilapia,200.17,1.508,1.373
2026-01-28,MKT_03,MKT_03_STL_032,Rice (Sinandomeng),38.98,0.672,0.672
2026-01-28,MKT_01,MKT_01_STL_009,Red Onions,299.09,3.277,3.076
2026-01-28,MKT_01,MKT_01_STL_030,Chicken (Whole),642.16,3.43,3.43
2026-01-28,MKT_04,MKT_04_STL_034,Chicken (Whole),512.94,2.853,2.856
2026-01-28,MKT_03,MKT_03_STL_001,Tomatoes,299.53,2.84,2.584
2026-01-28,MKT_01,MKT_01_STL_009,Garlic,333.62,2.812,2.577
2026-01-28,MKT_05,MKT_05_STL_009,Garlic,319.15,3.388,3.389
2026-01-28,MKT_04,MKT_04_STL_004,Bangus,258.8,1.555,1.486
2026-01-28,MKT_04,MKT_04_STL_036,Whole Fish (Galunggong),700.08,3.457,3.232
2026-01-28,MKT_01,MKT_01_STL_017,Carrots,55.84,2.613,2.416
2026-01-28,MKT_05,MKT_05_STL_001,Tomatoes,248.52,2.501,2.372
2026-01-28,MKT_02,MKT_02_STL_010,Potatoes,208.01,3.054,2.805
2026-01-28,MKT_04,MKT_04_STL_037,Whole Fish (Galunggong),579.58,2.862,2.72
2026-01-28,MKT_04,MKT_04_STL_038,Rice (Sinandomeng),176.12,3.098,2.978
2026-01-28,MKT_01,MKT_01_STL_013,Carrots,16.05,0.751,0.721
2026-01-28,MKT_04,MKT_04_STL_029,Pork,337.39,0.989,0.927
2026-01-29,MKT_01,MKT_01_STL_022,Carrots,71.61,3.604,3.426
2026-01-29,MKT_01,MKT_01_STL_030,Beef (Rump),402.48,1.023,1.022
2026-01-29,MKT_02,MKT_02_STL_030,Potatoes,114.21,1.116,1.023
2026-01-29,MKT_04,MKT_04_STL_005,Chicken (Whole),176.59,1.079,1.036
2026-01-29,MKT_05,MKT_05_STL_001,Beef (Rump),1448.77,3.365,3.232
2026-01-29,MKT_04,MKT_04_STL_025,Cabbage,61.47,0.912,0.912
2026-01-29,MKT_03,MKT_03_STL_017,Pork,511.48,1.595,1.515
2026-01-29,MKT_02,MKT_02_STL_007,Tomatoes,144.18,1.328,1.22
2026-01-29,MKT_01,MKT_01_STL_017,Rice (Sinandomeng),206.35,3.651,3.323
2026-01-29,MKT_01,MKT_01_STL_005,Garlic,295.44,3.147,3.145
2026-01-29,MKT_01,MKT_01_STL_005,Pork,256.39,0.856,0.855
2026-01-29,MKT_01,MKT_01_STL_012,Rice (Sinandomeng),171.48,3.034,2.885
2026-01-29,MKT_03,MKT_03_STL_019,Bangus,487.05,2.58,2.583
2026-01-29,MKT_03,MKT_03_STL_005,Bangus,683.19,3.619,3.431
2026-01-29,MKT_03,MKT_03_STL_007,Carrots,60.69,2.788,2.789
2026-01-29,MKT_02,MKT_02_STL_005,Red Onions,197.03,1.451,1.383
2026-01-29,MKT_01,MKT_01_STL_026,Chicken (Whole),109.22,0.66,0.66
2026-01-29,MKT_01,MKT_01_STL_024,Rice (Sinandomeng),172.84,3.058,3.055
2026-01-29,MKT_01,MKT_01_STL_008,Tomatoes,119.36,1.126,1.128
2026-01-29,MKT_01,MKT_01_STL_012,Tomatoes,327.96,3.094,2.873
2026-01-29,MKT_05,MKT_05_STL_002,Rice (Sinandomeng),120.28,2.027,2.026
2026-01-29,MKT_02,MKT_02_STL_007,Cabbage,194.69,2.925,2.753
2026-01-29,MKT_04,MKT_04_STL_012,Red Onions,229.91,1.891,1.893
2026-01-29,MKT_03,MKT_03_STL_017,Tilapia,337.38,2.219,2.076
2026-01-29,MKT_03,MKT_03_STL_014,Tomatoes,187.15,2.065,1.921
2026-01-29,MKT_02,MKT_02_STL_001,Cabbage,233.56,3.509,3.264
2026-01-29,MKT_02,MKT_02_STL_004,Carrots,25.53,1.227,1.122
2026-01-29,MKT_02,MKT_02_STL_018,Tomatoes,356.87,3.287,3.09
2026-01-29,MKT_03,MKT_03_STL_009,Beef (Rump),732.41,1.773,1.775
2026-01-29,MKT_01,MKT_01_STL_017,Rice (Sinandomeng),198.5,3.512,3.306
2026-01-29,MKT_01,MKT_01_STL_015,Red Onions,71.16,0.818,0.754
2026-01-30,MKT_02,MKT_02_STL_015,Tomatoes,181.92,2.167,2.056
2026-01-30,MKT_04,MKT_04_STL_030,Carrots,43.99,1.896,1.896
2026-01-30,MKT_04,MKT_04_STL_014,Bangus,388.9,1.975,1.853
2026-01-30,MKT_04,MKT_04_STL_038,Tilapia,451.73,3.086,2.914
2026-01-30,MKT_02,MKT_02_STL_011,Bangus,110.2,0.612,0.574
2026-01-30,MKT_03,MKT_03_STL_014,Beef (Rump),1152.04,2.586,2.436
2026-01-30,MKT_03,MKT_03_STL_001,Pork,491.57,1.481,1.384
2026-01-30,MKT_01,MKT_01_STL_004,Red Onions,265.3,2.643,2.431
2026-01-30,MKT_04,MKT_04_STL_012,Chicken (Whole),137.03,0.794,0.795
2026-01-30,MKT_02,MKT_02_STL_007,Carrots,47.93,2.266,2.138
2026-01-30,MKT_02,MKT_02_STL_026,Cabbage,71.83,1.486,1.488
2026-01-30,MKT_01,MKT_01_STL_009,Beef (Rump),504.93,1.154,1.072
2026-01-30,MKT_03,MKT_03_STL_014,Rice (Sinandomeng),222.61,3.793,3.495
2026-01-30,MKT_02,MKT_02_STL_002,Potatoes,223.07,2.248,2.129
2026-01-30,MKT_02,MKT_02_STL_013,Whole Fish (Galunggong),309.21,1.523,1.398
2026-01-30,MKT_04,MKT_04_STL_011,Whole Fish (Galunggong),764.65,3.829,3.491
2026-01-30,MKT_01,MKT_01_STL_029,Garlic,227.09,2.768,2.773
2026-01-30,MKT_04,MKT_04_STL_024,Cabbage,99.4,2.039,2.038
2026-01-30,MKT_03,MKT_03_STL_025,Rice (Sinandomeng),181.47,3.092,3.096
2026-01-30,MKT_02,MKT_02_STL_022,Potatoes,291.24,2.935,2.747
2026-01-30,MKT_04,MKT_04_STL_033,Red Onions,329.4,2.426,2.261
2026-01-30,MKT_05,MKT_05_STL_010,Tomatoes,216.5,2.849,2.668
2026-01-30,MKT_03,MKT_03_STL_009,Pork,476.97,1.437,1.439
2026-01-30,MKT_04,MKT_04_STL_023,Whole Fish (Galunggong),707.34,3.542,3.326
2026-01-30,MKT_02,MKT_02_STL_020,Tomatoes,155.22,1.849,1.85
2026-01-30,MKT_04,MKT_04_STL_024,Tilapia,134.38,0.918,0.917
2026-01-30,MKT_03,MKT_03_STL_028,Beef (Rump),1480.36,3.323,3.33
2026-01-30,MKT_04,MKT_04_STL_033,Whole Fish (Galunggong),525.01,2.629,2.477
2026-01-30,MKT_03,MKT_03_STL_027,Chicken (Whole),369.38,1.9,1.757
2026-01-31,MKT_02,MKT_02_STL_002,Whole Fish (Galunggong),668.26,3.041,2.836
2026-01-31,MKT_02,MKT_02_STL_027,Tilapia,309.59,2.428,2.261
2026-01-31,MKT_04,MKT_04_STL_013,Carrots,76.63,3.427,3.266
2026-01-31,MKT_03,MKT_03_STL_023,Tilapia,377.91,2.399,2.205
2026-01-31,MKT_03,MKT_03_STL_005,Bangus,686.98,3.621,3.441
2026-01-31,MKT_04,MKT_04_STL_040,Bangus,121.44,0.69,0.691
2026-01-31,MKT_02,MKT_02_STL_013,Tomatoes,54.36,0.887,0.826
2026-01-31,MKT_04,MKT_04_STL_012,Tomatoes,200.6,2.414,2.417
2026-01-31,MKT_01,MKT_01_STL_022,Rice (Sinandomeng),42.18,0.872,0.813
2026-01-31,MKT_03,MKT_03_STL_029,Carrots,67.61,3.206,2.979
2026-01-31,MKT_02,MKT_02_STL_010,Carrots,23.62,1.107,1.06
2026-01-31,MKT_05,MKT_05_STL_010,Bangus,254.51,1.424,1.351
2026-01-31,MKT_03,MKT_03_STL_013,Pork,615.97,1.862,1.864
2026-01-31,MKT_04,MKT_04_STL_012,Carrots,22.72,1.016,1.015
2026-01-31,MKT_02,MKT_02_STL_030,Bangus,296.3,1.839,1.673
2026-01-31,MKT_05,MKT_05_STL_006,Rice (Sinandomeng),120.18,2.254,2.109
2026-01-31,MKT_01,MKT_01_STL_007,Pork,499.17,1.668,1.667
2026-01-31,MKT_04,MKT_04_STL_033,Chicken (Whole),161.75,0.937,0.89
2026-01-31,MKT_04,MKT_04_STL_004,Bangus,561.44,3.19,2.954
2026-01-31,MKT_02,MKT_02_STL_002,Rice (Sinandomeng),122.8,2.534,2.311
2026-01-31,MKT_04,MKT_04_STL_025,Garlic,145.02,1.109,1.109
2026-01-31,MKT_01,MKT_01_STL_026,Tomatoes,137.94,1.323,1.326
2026-01-31,MKT_03,MKT_03_STL_001,Rice (Sinandomeng),108.49,2.001,1.837
2026-01-31,MKT_01,MKT_01_STL_025,Garlic,254.71,2.922,2.923
2026-01-31,MKT_02,MKT_02_STL_002,Garlic,311.08,3.35,3.138
2026-01-31,MKT_01,MKT_01_STL_008,Garlic,53.7,0.616,0.617
2026-01-31,MKT_03,MKT_03_STL_015,Tomatoes,151.63,1.679,1.54
2026-01-31,MKT_04,MKT_04_STL_003,Whole Fish (Galunggong),283.51,1.499,1.392
2026-01-31,MKT_02,MKT_02_STL_021,Whole Fish (Galunggong),713.75,3.248,3.05
2026-01-31,MKT_01,MKT_01_STL_028,Rice (Sinandomeng),167.8,3.469,3.2
2026-01-31,MKT_03,MKT_03_STL_015,Tomatoes,161.29,1.786,1.654
2026-01-31,MKT_01,MKT_01_STL_019,Garlic,74.18,0.851,0.787
2026-02-01,MKT_04,MKT_04_STL_028,Chicken (Whole),646.96,3.313,3.157
2026-02-01,MKT_03,MKT_03_STL_018,Beef (Rump),1057.75,2.496,2.5
2026-02-01,MKT_03,MKT_03_STL_013,Chicken (Whole),560.78,3.224,3.226
2026-02-01,MKT_02,MKT_02_STL_016,Whole Fish (Galunggong),448.0,2.373,2.158
2026-02-01,MKT_03,MKT_03_STL_023,Pork,927.04,2.96,2.766
2026-02-01,MKT_04,MKT_04_STL_018,Whole Fish (Galunggong),378.27,1.577,1.478
2026-02-01,MKT_02,MKT_02_STL_010,Beef (Rump),460.76,1.17,1.122
2026-02-01,MKT_01,MKT_01_STL_008,Carrots,14.64,0.72,0.72
2026-02-01,MKT_02,MKT_02_STL_008,Potatoes,140.38,2.0,1.886
2026-02-01,MKT_04,MKT_04_STL_035,Bangus,510.63,3.263,3.067
2026-02-01,MKT_01,MKT_01_STL_020,Carrots,25.47,1.252,1.252
2026-02-01,MKT_01,MKT_01_STL_006,Rice (Sinandomeng),84.3,1.607,1.481
2026-02-01,MKT_01,MKT_01_STL_011,Tomatoes,174.37,1.881,1.884
2026-02-01,MKT_02,MKT_02_STL_005,Cabbage,53.77,1.346,1.227
2026-02-01,MKT_04,MKT_04_STL_018,Rice (Sinandomeng),107.96,2.021,1.912
2026-02-01,MKT_05,MKT_05_STL_009,Rice (Sinandomeng),61.38,1.01,1.012
2026-02-01,MKT_01,MKT_01_STL_006,Pork,331.27,1.081,1.032
2026-02-01,MKT_03,MKT_03_STL_030,Bangus,158.71,1.005,1.005
2026-02-01,MKT_03,MKT_03_STL_022,Carrots,56.5,2.528,2.532
2026-02-01,MKT_02,MKT_02_STL_025,Tilapia,161.94,1.12,1.034
2026-02-01,MKT_03,MKT_03_STL_024,Chicken (Whole),317.09,1.823,1.826
2026-02-02,MKT_03,MKT_03_STL_019,Bangus,447.91,2.569,2.571
2026-02-02,MKT_01,MKT_01_STL_021,Garlic,65.54,0.558,0.514
2026-02-02,MKT_03,MKT_03_STL_019,Chicken (Whole),539.27,3.283,3.286
2026-02-02,MKT_02,MKT_02_STL_011,Chicken (Whole),202.23,1.145,1.1
2026-02-02,MKT_04,MKT_04_STL_039,Carrots,80.53,3.677,3.468
2026-02-02,MKT_02,MKT_02_STL_026,Chicken (Whole),447.73,2.535,2.54
2026-02-02,MKT_04,MKT_04_STL_004,Pork,1059.81,3.151,2.891
2026-02-02,MKT_02,MKT_02_STL_013,Rice (Sinandomeng),157.3,2.786,2.672
2026-02-02,MKT_04,MKT_04_STL_021,Red Onions,117.69,0.822,0.823
2026-02-02,MKT_01,MKT_01_STL_005,Red Onions,232.67,2.38,2.38
2026-02-02,MKT_03,MKT_03_STL_016,Bangus,577.45,3.312,3.317
2026-02-02,MKT_04,MKT_04_STL_016,Chicken (Whole),138.92,0.867,0.818
2026-02-02,MKT_04,MKT_04_STL_012,Carrots,37.32,1.704,1.706
2026-02-02,MKT_02,MKT_02_STL_007,Bangus,226.99,1.199,1.138
2026-02-02,MKT_04,MKT_04_STL_036,Cabbage,182.26,3.178,2.945
2026-02-02,MKT_04,MKT_04_STL_017,Tilapia,92.35,0.632,0.632
2026-02-02,MKT_03,MKT_03_STL_028,Bangus,244.96,1.405,1.405
2026-02-02,MKT_01,MKT_01_STL_028,Pork,890.39,2.869,2.638
2026-02-02,MKT_01,MKT_01_STL_020,Garlic,119.22,1.015,1.014
2026-02-02,MKT_01,MKT_01_STL_028,Garlic,186.53,1.588,1.473
2026-02-02,MKT_01,MKT_01_STL_013,Bangus,510.46,2.783,2.534
2026-02-02,MKT_01,MKT_01_STL_028,Rice (Sinandomeng),81.68,1.613,1.496
2026-02-02,MKT_04,MKT_04_STL_040,Potatoes,152.6,1.455,1.454
2026-02-03,MKT_04,MKT_04_STL_030,Pork,501.21,1.505,1.505
2026-02-03,MKT_01,MKT_01_STL_009,Garlic,231.41,1.978,1.847
2026-02-03,MKT_03,MKT_03_STL_020,Chicken (Whole),417.16,2.175,2.01
2026-02-03,MKT_01,MKT_01_STL_018,Carrots,24.67,1.198,1.198
2026-02-03,MKT_02,MKT_02_STL_021,Pork,469.03,1.547,1.427
2026-02-03,MKT_03,MKT_03_STL_007,Chicken (Whole),451.69,2.355,2.359
2026-02-03,MKT_04,MKT_04_STL_028,Tilapia,257.65,2.1,1.996
2026-02-03,MKT_03,MKT_03_STL_003,Bangus,188.57,1.16,1.113
2026-02-03,MKT_02,MKT_02_STL_019,Potatoes,228.81,2.516,2.294
2026-02-03,MKT_03,MKT_03_STL_033,Tilapia,132.35,0.902,0.903
2026-02-03,MKT_04,MKT_04_STL_006,Whole Fish (Galunggong),646.95,2.979,2.781
2026-02-03,MKT_03,MKT_03_STL_005,Bangus,420.06,2.584,2.444
2026-02-03,MKT_03,MKT_03_STL_005,Carrots,26.77,1.287,1.187
2026-02-03,MKT_04,MKT_04_STL_018,Tilapia,161.46,1.316,1.227
2026-02-03,MKT_03,MKT_03_STL_027,Chicken (Whole),602.44,3.141,2.904
2026-02-03,MKT_05,MKT_05_STL_003,Chicken (Whole),460.01,2.47,2.324
2026-02-03,MKT_03,MKT_03_STL_020,Tilapia,166.25,1.133,1.051
2026-02-03,MKT_05,MKT_05_STL_006,Pork,1070.63,3.247,3.11
2026-02-03,MKT_02,MKT_02_STL_012,Chicken (Whole),142.68,0.721,0.656
2026-02-03,MKT_02,MKT_02_STL_007,Chicken (Whole),182.26,0.921,0.877
2026-02-03,MKT_02,MKT_02_STL_009,Red Onions,484.93,3.281,2.994
2026-02-03,MKT_01,MKT_01_STL_029,Chicken (Whole),323.95,2.021,2.022
2026-02-03,MKT_03,MKT_03_STL_007,Tomatoes,128.63,1.434,1.434
2026-02-03,MKT_04,MKT_04_STL_037,Chicken (Whole),344.16,1.907,1.772
2026-02-03,MKT_04,MKT_04_STL_006,Beef (Rump),683.3,1.447,1.356
2026-02-03,MKT_01,MKT_01_STL_012,Chicken (Whole),229.21,1.43,1.316
2026-02-03,MKT_02,MKT_02_STL_025,Pork,1079.05,3.559,3.353
2026-02-03,MKT_04,MKT_04_STL_022,Bangus,154.01,1.002,1.003
2026-02-03,MKT_03,MKT_03_STL_005,Bangus,492.39,3.029,2.781
2026-02-03,MKT_04,MKT_04_STL_002,Whole Fish (Galunggong),458.88,2.113,1.946
2026-02-03,MKT_05,MKT_05_STL_003,Bangus,583.66,3.324,3.062
2026-02-03,MKT_04,MKT_04_STL_038,Beef (Rump),1132.38,2.398,2.286
2026-02-03,MKT_02,MKT_02_STL_025,Potatoes,99.31,1.092,1.027
2026-02-03,MKT_04,MKT_04_STL_021,Beef (Rump),877.86,1.859,1.861
2026-02-03,MKT_05,MKT_05_STL_006,Garlic,236.55,2.06,1.943
2026-02-04,MKT_04,MKT_04_STL_015,Chicken (Whole),188.5,1.014,0.964
2026-02-04,MKT_04,MKT_04_STL_027,Carrots,70.19,3.344,3.085
2026-02-04,MKT_03,MKT_03_STL_012,Tilapia,321.14,2.163,1.974
2026-02-04,MKT_03,MKT_03_STL_009,Bangus,550.43,3.408,3.411
2026-02-04,MKT_02,MKT_02_STL_019,Tomatoes,166.11,1.564,1.423
2026-02-04,MKT_01,MKT_01_STL_012,Pork,535.58,1.799,1.726
2026-02-04,MKT_01,MKT_01_STL_010,Pork,492.11,1.653,1.654
2026-02-04,MKT_05,MKT_05_STL_002,Chicken (Whole),519.74,2.791,2.789
2026-02-04,MKT_02,MKT_02_STL_005,Whole Fish (Galunggong),778.61,3.509,3.239
2026-02-04,MKT_04,MKT_04_STL_026,Red Onions,388.44,2.832,2.627
2026-02-04,MKT_04,MKT_04_STL_009,Tilapia,327.69,2.589,2.589
2026-02-04,MKT_04,MKT_04_STL_016,Bangus,527.52,2.855,2.707
2026-02-04,MKT_01,MKT_01_STL_003,Carrots,72.73,3.465,3.264
2026-02-04,MKT_01,MKT_01_STL_003,Carrots,58.69,2.796,2.592
2026-02-04,MKT_03,MKT_03_STL_006,Beef (Rump),1163.09,2.54,2.316
2026-02-04,MKT_04,MKT_04_STL_033,Rice (Sinandomeng),74.39,1.359,1.263
2026-02-04,MKT_04,MKT_04_STL_031,Cabbage,183.49,3.019,3.025
2026-02-04,MKT_02,MKT_02_STL_029,Whole Fish (Galunggong),172.41,0.777,0.777
2026-02-04,MKT_04,MKT_04_STL_027,Bangus,336.28,1.82,1.693
2026-02-04,MKT_03,MKT_03_STL_002,Pork,627.73,2.053,2.056
2026-02-04,MKT_03,MKT_03_STL_005,Bangus,171.52,1.062,0.997
2026-02-04,MKT_05,MKT_05_STL_007,Beef (Rump),931.19,2.146,2.002
2026-02-04,MKT_04,MKT_04_STL_002,Bangus,452.32,2.448,2.258
2026-02-04,MKT_04,MKT_04_STL_002,Whole Fish (Galunggong),736.25,3.391,3.129
2026-02-04,MKT_01,MKT_01_STL_019,Pork,264.96,0.89,0.828
2026-02-04,MKT_03,MKT_03_STL_004,Tilapia,436.35,2.939,2.943
2026-02-04,MKT_03,MKT_03_STL_004,Chicken (Whole),634.46,3.287,3.29
2026-02-04,MKT_04,MKT_04_STL_013,Beef (Rump),223.04,0.545,0.519
2026-02-04,MKT_02,MKT_02_STL_020,Tomatoes,53.53,0.504,0.505
2026-02-04,MKT_01,MKT_01_STL_009,Bangus,343.17,2.239,2.075
2026-02-04,MKT_04,MKT_04_STL_031,Potatoes,175.1,1.79,1.793
2026-02-04,MKT_02,MKT_02_STL_012,Rice (Sinandomeng),144.93,2.748,2.612
2026-02-04,MKT_02,MKT_02_STL_003,Rice (Sinandomeng),110.86,2.102,2.008
2026-02-04,MKT_05,MKT_05_STL_008,Garlic,337.88,3.093,2.943
2026-02-04,MKT_02,MKT_02_STL_007,Carrots,66.95,2.994,2.75
2026-02-05,MKT_05,MKT_05_STL_008,Beef (Rump),1594.35,3.767,3.449
2026-02-05,MKT_03,MKT_03_STL_030,Tomatoes,237.72,2.381,2.381
2026-02-05,MKT_02,MKT_02_STL_028,Cabbage,54.79,1.055,0.998
2026-02-05,MKT_03,MKT_03_STL_029,Bangus,180.48,0.912,0.874
2026-02-05,MKT_03,MKT_03_STL_020,Carrots,50.94,2.412,2.257
2026-02-05,MKT_02,MKT_02_STL_018,Cabbage,150.34,2.895,2.782
2026-02-05,MKT_02,MKT_02_STL_030,Beef (Rump),1307.73,2.866,2.755
2026-02-05,MKT_02,MKT_02_STL_011,Garlic,279.03,2.99,2.868
2026-02-05,MKT_04,MKT_04_STL_037,Chicken (Whole),400.17,2.151,2.067
2026-02-05,MKT_04,MKT_04_STL_019,Garlic,255.38,2.062,2.06
2026-02-05,MKT_03,MKT_03_STL_013,Beef (Rump),1483.02,3.294,3.296
2026-02-05,MKT_03,MKT_03_STL_021,Tilapia,332.97,2.311,2.313
2026-02-05,MKT_03,MKT_03_STL_025,Tilapia,504.28,3.5,3.498
2026-02-05,MKT_03,MKT_03_STL_031,Tilapia,381.96,2.651,2.495
2026-02-05,MKT_01,MKT_01_STL_015,Carrots,81.37,3.743,3.426
2026-02-05,MKT_01,MKT_01_STL_027,Pork,164.83,0.556,0.509
2026-02-05,MKT_04,MKT_04_STL_010,Bangus,415.6,2.678,2.676
2026-02-05,MKT_01,MKT_01_STL_008,Rice (Sinandomeng),27.04,0.576,0.577
2026-02-05,MKT_02,MKT_02_STL_019,Red Onions,169.43,1.448,1.338
2026-02-05,MKT_03,MKT_03_STL_012,Chicken (Whole),286.72,1.729,1.605
2026-02-05,MKT_05,MKT_05_STL_010,Tomatoes,157.81,2.208,2.045
2026-02-05,MKT_02,MKT_02_STL_003,Carrots,81.01,3.796,3.459
2026-02-05,MKT_03,MKT_03_STL_003,Tilapia,84.14,0.584,0.55
2026-02-05,MKT_03,MKT_03_STL_008,Carrots,78.06,3.696,3.409
2026-02-05,MKT_02,MKT_02_STL_015,Cabbage,102.46,1.973,1.833
2026-02-05,MKT_04,MKT_04_STL_012,Bangus,421.96,2.719,2.718
2026-02-06,MKT_01,MKT_01_STL_015,Bangus,660.22,3.637,3.317
2026-02-06,MKT_01,MKT_01_STL_029,Tomatoes,204.32,3.463,3.461
2026-02-06,MKT_02,MKT_02_STL_004,Pork,856.93,2.859,2.703
2026-02-06,MKT_03,MKT_03_STL_024,Chicken (Whole),446.82,2.638,2.636
2026-02-06,MKT_01,MKT_01_STL_004,Garlic,256.57,3.092,2.855
2026-02-06,MKT_02,MKT_02_STL_004,Carrots,19.82,0.962,0.884
2026-02-06,MKT_04,MKT_04_STL_017,Beef (Rump),1318.95,3.0,2.997
2026-02-06,MKT_01,MKT_01_STL_027,Tomatoes,63.19,1.071,1.004
2026-02-06,MKT_01,MKT_01_STL_010,Pork,626.3,1.946,1.947
2026-02-06,MKT_04,MKT_04_STL_037,Chicken (Whole),219.47,1.232,1.135
2026-02-06,MKT_02,MKT_02_STL_030,Cabbage,121.2,2.72,2.6
2026-02-06,MKT_03,MKT_03_STL_033,Carrots,22.6,0.982,0.981
2026-02-06,MKT_03,MKT_03_STL_003,Bangus,582.14,2.948,2.799
2026-02-06,MKT_02,MKT_02_STL_006,Beef (Rump),1144.97,2.741,2.498
2026-02-06,MKT_01,MKT_01_STL_006,Pork,879.91,2.734,2.496
2026-02-06,MKT_01,MKT_01_STL_012,Tomatoes,49.21,0.834,0.771
2026-02-06,MKT_02,MKT_02_STL_026,Chicken (Whole),502.31,3.296,3.295
2026-02-06,MKT_04,MKT_04_STL_029,Garlic,84.32,0.736,0.694
2026-02-06,MKT_05,MKT_05_STL_002,Bangus,506.49,2.463,2.462
2026-02-06,MKT_03,MKT_03_STL_025,Bangus,576.81,2.921,2.925
2026-02-06,MKT_03,MKT_03_STL_024,Pork,424.74,1.371,1.373
2026-02-06,MKT_02,MKT_02_STL_027,Tilapia,416.89,2.984,2.722
2026-02-06,MKT_01,MKT_01_STL_006,Pork,748.28,2.325,2.219
2026-02-06,MKT_05,MKT_05_STL_010,Tilapia,566.27,3.613,3.362
2026-02-06,MKT_04,MKT_04_STL_027,Carrots,33.59,1.54,1.432
2026-02-06,MKT_02,MKT_02_STL_029,Chicken (Whole),463.91,3.044,3.041
2026-02-06,MKT_02,MKT_02_STL_006,Tilapia,427.65,3.061,2.814
2026-02-06,MKT_04,MKT_04_STL_005,Whole Fish (Galunggong),204.39,0.949,0.879
2026-02-06,MKT_04,MKT_04_STL_009,Garlic,133.47,1.165,1.166
2026-02-06,MKT_03,MKT_03_STL_015,Tomatoes,130.2,1.577,1.448
2026-02-06,MKT_04,MKT_04_STL_011,Beef (Rump),1416.99,3.223,3.012
2026-02-07,MKT_03,MKT_03_STL_008,Rice (Sinandomeng),118.75,2.416,2.304
2026-02-07,MKT_03,MKT_03_STL_017,Carrots,52.68,2.431,2.297
2026-02-07,MKT_02,MKT_02_STL_015,Potatoes,74.97,0.957,0.87
2026-02-07,MKT_03,MKT_03_STL_021,Tomatoes,175.47,2.39,2.393
2026-02-07,MKT_01,MKT_01_STL_004,Beef (Rump),1083.5,2.776,2.612
2026-02-07,MKT_04,MKT_04_STL_023,Whole Fish (Galunggong),333.03,1.633,1.499
2026-02-07,MKT_03,MKT_03_STL_018,Chicken (Whole),587.27,3.046,3.044
2026-02-07,MKT_03,MKT_03_STL_008,Chicken (Whole),523.07,2.713,2.601
2026-02-07,MKT_04,MKT_04_STL_009,Whole Fish (Galunggong),211.28,1.036,1.037
2026-02-07,MKT_02,MKT_02_STL_008,Bangus,269.75,1.521,1.397
2026-02-07,MKT_01,MKT_01_STL_010,Rice (Sinandomeng),183.11,3.472,3.473
2026-02-07,MKT_03,MKT_03_STL_024,Tilapia,269.39,1.766,1.767
2026-02-07,MKT_02,MKT_02_STL_017,Tilapia,349.81,2.771,2.773
2026-02-07,MKT_01,MKT_01_STL_025,Red Onions,271.39,2.677,2.68
2026-02-07,MKT_04,MKT_04_STL_022,Chicken (Whole),463.1,2.602,2.603
2026-02-07,MKT_03,MKT_03_STL_022,Pork,297.2,0.893,0.893
2026-02-07,MKT_03,MKT_03_STL_015,Carrots,71.53,3.301,3.049
2026-02-07,MKT_01,MKT_01_STL_015,Tomatoes,202.12,2.648,2.464
2026-02-07,MKT_03,MKT_03_STL_018,Tomatoes,189.79,2.585,2.588
2026-02-07,MKT_02,MKT_02_STL_026,Rice (Sinandomeng),62.49,1.129,1.129
2026-02-07,MKT_02,MKT_02_STL_012,Chicken (Whole),552.08,2.816,2.706
2026-02-07,MKT_04,MKT_04_STL_025,Potatoes,276.04,3.063,3.068
2026-02-07,MKT_01,MKT_01_STL_018,Rice (Sinandomeng),86.07,1.632,1.63
2026-02-07,MKT_04,MKT_04_STL_017,Cabbage,189.55,3.027,3.025
2026-02-07,MKT_01,MKT_01_STL_006,Pork,502.18,1.674,1.567
2026-02-07,MKT_02,MKT_02_STL_028,Carrots,19.98,0.912,0.852
2026-02-07,MKT_04,MKT_04_STL_025,Tilapia,365.51,2.282,2.28
2026-02-07,MKT_02,MKT_02_STL_008,Cabbage,128.94,2.814,2.668
2026-02-07,MKT_01,MKT_01_STL_017,Pork,392.39,1.308,1.223
2026-02-07,MKT_03,MKT_03_STL_025,Rice (Sinandomeng),120.71,2.456,2.458
2026-02-07,MKT_01,MKT_01_STL_020,Pork,850.47,2.835,2.833
2026-02-07,MKT_02,MKT_02_STL_025,Cabbage,81.28,1.774,1.646
2026-02-07,MKT_01,MKT_01_STL_020,Tomatoes,122.05,1.599,1.602
2026-02-07,MKT_03,MKT_03_STL_011,Pork,288.21,0.866,0.866
2026-02-08,MKT_02,MKT_02_STL_008,Carrots,54.57,2.485,2.261
2026-02-08,MKT_03,MKT_03_STL_021,Tomatoes,98.98,1.321,1.321
2026-02-08,MKT_01,MKT_01_STL_012,Garlic,129.83,1.115,1.043
2026-02-08,MKT_03,MKT_03_STL_028,Bangus,283.91,1.393,1.395
2026-02-08,MKT_01,MKT_01_STL_011,Tilapia,96.33,0.691,0.69
2026-02-08,MKT_02,MKT_02_STL_001,Whole Fish (Galunggong),475.17,2.249,2.113
2026-02-08,MKT_04,MKT_04_STL_034,Potatoes,56.27,0.559,0.559
2026-02-08,MKT_02,MKT_02_STL_030,Red Onions,356.55,3.055,2.85
2026-02-08,MKT_05,MKT_05_STL_006,Pork,732.66,2.211,2.057
2026-02-08,MKT_03,MKT_03_STL_009,Pork,843.59,2.757,2.761
2026-02-08,MKT_04,MKT_04_STL_024,Cabbage,187.55,3.188,3.193
2026-02-08,MKT_01,MKT_01_STL_019,Garlic,313.22,2.69,2.586
2026-02-08,MKT_01,MKT_01_STL_019,Tomatoes,241.44,3.04,2.902
2026-02-08,MKT_05,MKT_05_STL_007,Rice (Sinandomeng),136.86,2.401,2.225
2026-02-08,MKT_03,MKT_03_STL_030,Pork,669.48,2.188,2.187
2026-02-08,MKT_04,MKT_04_STL_029,Carrots,17.28,0.79,0.754
2026-02-08,MKT_01,MKT_01_STL_018,Beef (Rump),700.39,1.59,1.591
2026-02-08,MKT_03,MKT_03_STL_014,Bangus,754.91,3.704,3.431
2026-02-08,MKT_02,MKT_02_STL_012,Chicken (Whole),250.96,1.538,1.402
2026-02-08,MKT_02,MKT_02_STL_001,Red Onions,396.7,3.399,3.214
2026-02-08,MKT_03,MKT_03_STL_020,Tomatoes,73.73,0.984,0.92
2026-02-08,MKT_03,MKT_03_STL_023,Tilapia,307.38,2.273,2.068
2026-02-08,MKT_04,MKT_04_STL_021,Tilapia,326.88,2.318,2.319
2026-02-08,MKT_05,MKT_05_STL_004,Pork,859.57,2.594,2.488
2026-02-08,MKT_04,MKT_04_STL_017,Carrots,23.25,1.063,1.064
2026-02-08,MKT_03,MKT_03_STL_013,Chicken (Whole),599.5,3.371,3.372
2026-02-08,MKT_02,MKT_02_STL_009,Chicken (Whole),392.26,2.404,2.275
2026-02-09,MKT_03,MKT_03_STL_022,Pork,662.24,2.147,2.15
2026-02-09,MKT_01,MKT_01_STL_019,Rice (Sinandomeng),86.69,1.776,1.7
2026-02-09,MKT_01,MKT_01_STL_015,Beef (Rump),1036.92,2.774,2.53
2026-02-09,MKT_03,MKT_03_STL_011,Rice (Sinandomeng),108.92,2.104,2.108
2026-02-09,MKT_01,MKT_01_STL_008,Beef (Rump),1303.07,3.486,3.486
2026-02-09,MKT_03,MKT_03_STL_013,Chicken (Whole),439.68,2.642,2.643
2026-02-09,MKT_04,MKT_04_STL_003,Cabbage,148.11,3.188,2.962
2026-02-09,MKT_04,MKT_04_STL_023,Bangus,500.17,3.14,2.965
2026-02-09,MKT_04,MKT_04_STL_036,Whole Fish (Galunggong),392.63,1.876,1.801
2026-02-09,MKT_04,MKT_04_STL_020,Garlic,151.51,1.312,1.242
2026-02-09,MKT_02,MKT_02_STL_028,Red Onions,82.14,0.891,0.83
2026-02-09,MKT_02,MKT_02_STL_006,Pork,501.36,1.555,1.488
2026-02-09,MKT_01,MKT_01_STL_028,Tilapia,456.74,2.972,2.834
2026-02-09,MKT_03,MKT_03_STL_012,Chicken (Whole),229.99,1.382,1.321
2026-02-09,MKT_05,MKT_05_STL_008,Chicken (Whole),313.47,1.712,1.636
2026-02-09,MKT_03,MKT_03_STL_018,Pork,316.78,1.027,1.027
2026-02-09,MKT_02,MKT_02_STL_007,Beef (Rump),930.79,2.466,2.266
2026-02-09,MKT_02,MKT_02_STL_010,Pork,728.02,2.258,2.087
2026-02-09,MKT_03,MKT_03_STL_024,Beef (Rump),928.2,2.155,2.155
2026-02-09,MKT_05,MKT_05_STL_009,Carrots,21.85,1.013,1.012
2026-02-09,MKT_02,MKT_02_STL_026,Bangus,175.79,1.042,1.042
2026-02-09,MKT_03,MKT_03_STL_030,Bangus,406.67,1.928,1.931
2026-02-09,MKT_04,MKT_04_STL_005,Carrots,62.43,2.772,2.56
2026-02-09,MKT_04,MKT_04_STL_008,Cabbage,40.79,0.878,0.879
2026-02-09,MKT_04,MKT_04_STL_020,Potatoes,122.39,1.426,1.302
2026-02-09,MKT_02,MKT_02_STL_004,Cabbage,185.84,3.705,3.423
2026-02-09,MKT_03,MKT_03_STL_028,Chicken (Whole),421.54,2.533,2.535
2026-02-09,MKT_04,MKT_04_STL_008,Tomatoes,80.02,1.05,1.049
2026-02-09,MKT_04,MKT_04_STL_006,Whole Fish (Galunggong),421.72,2.015,1.906
2026-02-09,MKT_01,MKT_01_STL_026,Bangus,344.4,2.062,2.062
2026-02-09,MKT_03,MKT_03_STL_002,Chicken (Whole),235.82,1.417,1.416
2026-02-09,MKT_03,MKT_03_STL_024,Beef (Rump),739.98,1.718,1.72
2026-02-09,MKT_04,MKT_04_STL_036,Pork,826.92,2.511,2.404
2026-02-10,MKT_04,MKT_04_STL_014,Pork,340.56,1.038,0.995
2026-02-10,MKT_02,MKT_02_STL_023,Potatoes,119.32,1.488,1.358
2026-02-10,MKT_04,MKT_04_STL_028,Whole Fish (Galunggong),667.29,3.428,3.123
2026-02-10,MKT_03,MKT_03_STL_005,Bangus,509.36,2.774,2.531
2026-02-10,MKT_05,MKT_05_STL_010,Rice (Sinandomeng),113.64,2.076,1.939
2026-02-10,MKT_02,MKT_02_STL_001,Cabbage,206.24,3.423,3.164
2026-02-10,MKT_01,MKT_01_STL_020,Bangus,102.46,0.541,0.542
2026-02-10,MKT_03,MKT_03_STL_030,Carrots,55.72,2.642,2.642
2026-02-10,MKT_02,MKT_02_STL_027,Potatoes,135.36,1.688,1.535
2026-02-10,MKT_03,MKT_03_STL_017,Carrots,53.76,2.549,2.322
2026-02-10,MKT_05,MKT_05_STL_003,Red Onions,499.31,3.373,3.211
2026-02-10,MKT_01,MKT_01_STL_014,Tilapia,447.78,3.017,3.018
2026-02-10,MKT_02,MKT_02_STL_022,Carrots,39.76,1.879,1.768
2026-02-10,MKT_04,MKT_04_STL_024,Tilapia,469.21,3.406,3.409
2026-02-10,MKT_02,MKT_02_STL_009,Cabbage,80.67,1.339,1.249
2026-02-10,MKT_04,MKT_04_STL_034,Whole Fish (Galunggong),597.61,3.07,3.073
2026-02-10,MKT_01,MKT_01_STL_021,Tomatoes,94.63,1.454,1.381
2026-02-10,MKT_04,MKT_04_STL_033,Potatoes,235.4,2.546,2.394
2026-02-10,MKT_02,MKT_02_STL_027,Beef (Rump),1410.69,3.608,3.287
2026-02-10,MKT_03,MKT_03_STL_033,Carrots,69.77,3.308,3.306
2026-02-10,MKT_03,MKT_03_STL_012,Tomatoes,54.56,0.699,0.672
2026-02-10,MKT_05,MKT_05_STL_007,Tomatoes,112.25,1.577,1.486
2026-02-10,MKT_03,MKT_03_STL_024,Carrots,32.67,1.549,1.549
2026-02-10,MKT_01,MKT_01_STL_022,Bangus,309.84,1.636,1.564
2026-02-10,MKT_03,MKT_03_STL_015,Tomatoes,91.4,1.171,1.093
2026-02-10,MKT_03,MKT_03_STL_019,Rice (Sinandomeng),101.26,1.733,1.732
2026-02-10,MKT_04,MKT_04_STL_032,Carrots,22.95,1.044,0.967
2026-02-11,MKT_03,MKT_03_STL_030,Tomatoes,173.54,1.684,1.686
2026-02-11,MKT_02,MKT_02_STL_012,Bangus,556.74,3.406,3.177
2026-02-11,MKT_04,MKT_04_STL_001,Beef (Rump),349.99,0.881,0.826
2026-02-11,MKT_01,MKT_01_STL_015,Tomatoes,82.48,1.046,0.986
2026-02-11,MKT_04,MKT_04_STL_026,Bangus,90.11,0.565,0.517
2026-02-11,MKT_04,MKT_04_STL_020,Potatoes,91.03,1.151,1.095
2026-02-11,MKT_02,MKT_02_STL_006,Carrots,19.21,0.96,0.901
2026-02-11,MKT_04,MKT_04_STL_038,Tilapia,489.64,3.362,3.203
2026-02-11,MKT_02,MKT_02_STL_022,Chicken (Whole),640.33,3.671,3.345
2026-02-11,MKT_02,MKT_02_STL_019,Beef (Rump),366.46,0.915,0.856
2026-02-11,MKT_04,MKT_04_STL_024,Tomatoes,267.98,2.899,2.899
2026-02-11,MKT_04,MKT_04_STL_012,Tilapia,401.09,2.754,2.753
2026-02-11,MKT_04,MKT_04_STL_025,Bangus,320.24,2.008,2.006
2026-02-11,MKT_01,MKT_01_STL_004,Bangus,153.12,0.981,0.894
2026-02-11,MKT_03,MKT_03_STL_004,Carrots,19.57,0.877,0.878
2026-02-11,MKT_05,MKT_05_STL_005,Carrots,58.98,2.798,2.802
2026-02-11,MKT_02,MKT_02_STL_003,Cabbage,193.39,3.187,2.99
2026-02-11,MKT_01,MKT_01_STL_007,Garlic,286.61,2.71,2.712
2026-02-11,MKT_04,MKT_04_STL_032,Beef (Rump),559.36,1.408,1.347
2026-02-11,MKT_01,MKT_01_STL_017,Bangus,203.54,1.304,1.243
2026-02-11,MKT_01,MKT_01_STL_022,Red Onions,138.25,1.121,1.061
2026-02-11,MKT_01,MKT_01_STL_025,Pork,954.78,3.096,3.093
2026-02-11,MKT_02,MKT_02_STL_005,Chicken (Whole),464.51,2.663,2.499
2026-02-11,MKT_02,MKT_02_STL_027,Tomatoes,243.28,2.851,2.619
2026-02-11,MKT_04,MKT_04_STL_012,Potatoes,212.83,2.691,2.691
2026-02-11,MKT_03,MKT_03_STL_033,Chicken (Whole),586.95,3.477,3.478
2026-02-11,MKT_04,MKT_04_STL_037,Cabbage,43.63,0.991,0.946
2026-02-12,MKT_02,MKT_02_STL_010,Carrots,29.51,1.39,1.322
2026-02-12,MKT_04,MKT_04_STL_025,Rice (Sinandomeng),104.69,1.779,1.779
2026-02-12,MKT_04,MKT_04_STL_002,Pork,1058.41,3.287,3.093
2026-02-12,MKT_02,MKT_02_STL_028,Red Onions,226.21,1.53,1.419
2026-02-12,MKT_03,MKT_03_STL_002,Chicken (Whole),194.92,1.164,1.165
2026-02-12,MKT_04,MKT_04_STL_035,Carrots,46.01,2.19,2.03
2026-02-12,MKT_02,MKT_02_STL_017,Beef (Rump),347.64,0.829,0.83
2026-02-12,MKT_05,MKT_05_STL_006,Tilapia,352.91,2.779,2.635
2026-02-12,MKT_02,MKT_02_STL_027,Carrots,23.08,1.087,1.045
2026-02-12,MKT_04,MKT_04_STL_024,Cabbage,189.95,2.73,2.734
2026-02-12,MKT_01,MKT_01_STL_010,Tomatoes,94.7,1.34,1.34
2026-02-12,MKT_03,MKT_03_STL_002,Bangus,156.47,1.056,1.055
2026-02-12,MKT_01,MKT_01_STL_017,Tilapia,209.84,1.573,1.503
2026-02-12,MKT_04,MKT_04_STL_004,Cabbage,40.43,0.581,0.541
2026-02-12,MKT_01,MKT_01_STL_004,Rice (Sinandomeng),86.77,1.62,1.494
2026-02-12,MKT_04,MKT_04_STL_015,Tilapia,458.3,2.935,2.729
2026-02-12,MKT_02,MKT_02_STL_018,Garlic,199.19,1.743,1.615
2026-02-12,MKT_03,MKT_03_STL_002,Chicken (Whole),376.62,2.249,2.253
2026-02-12,MKT_03,MKT_03_STL_015,Pork,292.83,0.966,0.891
2026-02-12,MKT_01,MKT_01_STL_023,Pork,193.36,0.624,0.623
2026-02-12,MKT_03,MKT_03_STL_002,Chicken (Whole),180.52,1.078,1.079
2026-02-12,MKT_03,MKT_03_STL_006,Pork,235.84,0.778,0.725
2026-02-12,MKT_03,MKT_03_STL_010,Tilapia,174.48,1.403,1.404
2026-02-12,MKT_04,MKT_04_STL_028,Whole Fish (Galunggong),250.98,1.198,1.106
2026-02-12,MKT_04,MKT_04_STL_017,Carrots,18.53,0.882,0.883
2026-02-12,MKT_02,MKT_02_STL_018,Potatoes,136.92,1.375,1.258
2026-02-12,MKT_04,MKT_04_STL_027,Red Onions,359.43,3.746,3.425
2026-02-12,MKT_03,MKT_03_STL_019,Tomatoes,252.73,2.386,2.39
2026-02-12,MKT_04,MKT_04_STL_040,Bangus,144.8,0.702,0.703
2026-02-12,MKT_03,MKT_03_STL_032,Carrots,20.54,1.0,1.001
2026-02-12,MKT_04,MKT_04_STL_033,Rice (Sinandomeng),88.39,1.502,1.369
2026-02-12,MKT_02,MKT_02_STL_012,Carrots,66.2,3.118,2.883
2026-02-13,MKT_02,MKT_02_STL_013,Tomatoes,171.5,2.79,2.554
2026-02-13,MKT_03,MKT_03_STL_032,Pork,324.39,0.997,0.997
2026-02-13,MKT_02,MKT_02_STL_020,Bangus,395.88,2.185,2.187
2026-02-13,MKT_03,MKT_03_STL_004,Beef (Rump),508.1,1.119,1.121
2026-02-13,MKT_01,MKT_01_STL_027,Garlic,150.82,1.247,1.153
2026-02-13,MKT_01,MKT_01_STL_009,Red Onions,284.96,2.02,1.866
2026-02-13,MKT_01,MKT_01_STL_019,Red Onions,196.51,1.393,1.277
2026-02-13,MKT_04,MKT_04_STL_018,Beef (Rump),1123.05,2.817,2.625
2026-02-13,MKT_02,MKT_02_STL_010,Rice (Sinandomeng),70.81,1.256,1.172
2026-02-13,MKT_01,MKT_01_STL_025,Beef (Rump),236.39,0.616,0.617
2026-02-13,MKT_02,MKT_02_STL_012,Beef (Rump),1426.46,3.467,3.282
2026-02-13,MKT_03,MKT_03_STL_013,Carrots,50.27,2.424,2.427
2026-02-13,MKT_04,MKT_04_STL_032,Chicken (Whole),423.79,2.188,2.104
2026-02-13,MKT_02,MKT_02_STL_025,Tilapia,394.84,2.634,2.398
2026-02-13,MKT_04,MKT_04_STL_012,Tilapia,105.7,0.75,0.75
2026-02-13,MKT_04,MKT_04_STL_008,Red Onions,198.79,1.29,1.292
2026-02-13,MKT_02,MKT_02_STL_002,Garlic,155.52,1.522,1.385
2026-02-13,MKT_04,MKT_04_STL_008,Cabbage,201.0,2.949,2.948
2026-02-13,MKT_02,MKT_02_STL_026,Chicken (Whole),473.92,2.688,2.691
2026-02-13,MKT_01,MKT_01_STL_014,Beef (Rump),1310.12,3.414,3.415
2026-02-13,MKT_05,MKT_05_STL_003,Garlic,72.62,0.888,0.819
2026-02-13,MKT_04,MKT_04_STL_007,Bangus,656.71,3.522,3.337
2026-02-13,MKT_04,MKT_04_STL_034,Cabbage,163.72,2.402,2.403
2026-02-13,MKT_04,MKT_04_STL_032,Tomatoes,125.56,1.227,1.162
2026-02-13,MKT_02,MKT_02_STL_029,Garlic,244.21,2.39,2.389
2026-02-13,MKT_03,MKT_03_STL_023,Bangus,155.57,1.019,0.967
2026-02-13,MKT_02,MKT_02_STL_015,Potatoes,141.6,1.89,1.802
2026-02-13,MKT_01,MKT_01_STL_018,Tomatoes,79.09,0.78,0.781
2026-02-13,MKT_01,MKT_01_STL_028,Rice (Sinandomeng),158.79,3.096,2.947
2026-02-13,MKT_03,MKT_03_STL_031,Tomatoes,261.1,3.499,3.33
2026-02-13,MKT_01,MKT_01_STL_007,Beef (Rump),215.67,0.562,0.563
2026-02-13,MKT_02,MKT_02_STL_022,Rice (Sinandomeng),179.96,3.192,2.952
2026-02-14,MKT_04,MKT_04_STL_018,Pork,300.5,0.992,0.931
2026-02-14,MKT_04,MKT_04_STL_039,Tomatoes,322.11,3.544,3.227
2026-02-14,MKT_04,MKT_04_STL_013,Pork,848.78,2.802,2.673
2026-02-14,MKT_04,MKT_04_STL_008,Whole Fish (Galunggong),703.71,2.923,2.924
2026-02-14,MKT_04,MKT_04_STL_017,Bangus,265.65,1.649,1.652
2026-02-14,MKT_03,MKT_03_STL_023,Carrots,64.9,3.009,2.79
2026-02-14,MKT_04,MKT_04_STL_015,Carrots,20.82,0.974,0.897
2026-02-14,MKT_01,MKT_01_STL_013,Beef (Rump),412.29,1.0,0.928
2026-02-14,MKT_01,MKT_01_STL_001,Carrots,59.1,2.994,2.877
2026-02-14,MKT_01,MKT_01_STL_025,Pork,634.65,2.128,2.127
2026-02-14,MKT_03,MKT_03_STL_012,Pork,368.52,1.183,1.107
2026-02-14,MKT_01,MKT_01_STL_020,Garlic,396.17,3.178,3.177
2026-02-14,MKT_03,MKT_03_STL_017,Beef (Rump),657.8,1.569,1.495
2026-02-14,MKT_01,MKT_01_STL_027,Carrots,44.41,2.25,2.131
2026-02-14,MKT_04,MKT_04_STL_019,Red Onions,125.8,0.869,0.869
2026-02-14,MKT_04,MKT_04_STL_037,Pork,676.12,2.232,2.134
2026-02-14,MKT_02,MKT_02_STL_001,Bangus,161.25,1.014,0.926
2026-02-14,MKT_02,MKT_02_STL_027,Carrots,26.42,1.254,1.18
2026-02-14,MKT_02,MKT_02_STL_020,Tilapia,322.68,2.463,2.466
2026-02-14,MKT_01,MKT_01_STL_016,Bangus,495.16,2.772,2.56
2026-02-14,MKT_03,MKT_03_STL_013,Pork,615.86,1.977,1.975
2026-02-14,MKT_01,MKT_01_STL_011,Chicken (Whole),153.04,0.806,0.805
2026-02-14,MKT_02,MKT_02_STL_017,Tilapia,95.38,0.728,0.729
2026-02-14,MKT_03,MKT_03_STL_011,Tilapia,484.16,3.272,3.27
2026-02-14,MKT_03,MKT_03_STL_025,Carrots,49.85,2.311,2.314
2026-02-14,MKT_04,MKT_04_STL_034,Red Onions,217.57,1.503,1.505
2026-02-15,MKT_01,MKT_01_STL_022,Rice (Sinandomeng),160.82,3.437,3.179
2026-02-15,MKT_03,MKT_03_STL_003,Beef (Rump),640.44,1.616,1.545
2026-02-15,MKT_04,MKT_04_STL_017,Tomatoes,257.83,2.487,2.485
2026-02-15,MKT_02,MKT_02_STL_025,Whole Fish (Galunggong),648.77,3.504,3.221
2026-02-15,MKT_04,MKT_04_STL_003,Whole Fish (Galunggong),101.73,0.556,0.507
2026-02-15,MKT_02,MKT_02_STL_001,Rice (Sinandomeng),154.7,2.971,2.833
2026-02-15,MKT_04,MKT_04_STL_020,Rice (Sinandomeng),105.89,1.811,1.672
2026-02-15,MKT_04,MKT_04_STL_013,Whole Fish (Galunggong),683.17,3.734,3.429
2026-02-15,MKT_02,MKT_02_STL_020,Pork,669.26,2.236,2.234
2026-02-15,MKT_01,MKT_01_STL_028,Beef (Rump),428.98,0.989,0.934
2026-02-15,MKT_02,MKT_02_STL_021,Rice (Sinandomeng),57.9,1.112,1.046
2026-02-15,MKT_03,MKT_03_STL_010,Tilapia,273.63,1.982,1.983
2026-02-15,MKT_03,MKT_03_STL_032,Bangus,362.07,2.305,2.305
2026-02-15,MKT_02,MKT_02_STL_021,Rice (Sinandomeng),163.29,3.136,2.906
2026-02-15,MKT_03,MKT_03_STL_020,Chicken (Whole),325.61,1.77,1.65
2026-02-15,MKT_03,MKT_03_STL_011,Tomatoes,145.87,2.098,2.097
2026-02-15,MKT_04,MKT_04_STL_010,Bangus,131.9,0.751,0.751
2026-02-15,MKT_02,MKT_02_STL_018,Red Onions,248.49,2.416,2.234
2026-02-15,MKT_01,MKT_01_STL_008,Chicken (Whole),439.14,2.606,2.609
2026-02-15,MKT_01,MKT_01_STL_011,Carrots,23.18,1.111,1.11
2026-02-15,MKT_05,MKT_05_STL_009,Tilapia,308.5,2.177,2.175
2026-02-15,MKT_03,MKT_03_STL_023,Pork,230.81,0.72,0.679
2026-02-15,MKT_02,MKT_02_STL_020,Whole Fish (Galunggong),546.93,2.954,2.957
2026-02-15,MKT_03,MKT_03_STL_019,Rice (Sinandomeng),163.77,3.005,3.006
2026-02-15,MKT_03,MKT_03_STL_008,Bangus,210.02,1.337,1.227
2026-02-15,MKT_04,MKT_04_STL_022,Carrots,58.3,2.736,2.741
2026-02-15,MKT_01,MKT_01_STL_029,Rice (Sinandomeng),76.22,1.629,1.632
2026-02-15,MKT_02,MKT_02_STL_020,Bangus,266.98,1.615,1.615
2026-02-15,MKT_03,MKT_03_STL_004,Pork,618.7,1.93,1.93
2026-02-15,MKT_01,MKT_01_STL_025,Rice (Sinandomeng),27.61,0.59,0.591
2026-02-15,MKT_02,MKT_02_STL_014,Pork,384.61,1.285,1.235
2026-02-15,MKT_01,MKT_01_STL_009,Bangus,167.68,0.997,0.949
2026-02-15,MKT_04,MKT_04_STL_014,Potatoes,105.99,0.986,0.92
2026-02-16,MKT_05,MKT_05_STL_004,Tomatoes,136.69,1.84,1.735
2026-02-16,MKT_04,MKT_04_STL_018,Whole Fish (Galunggong),600.46,2.534,2.435
2026-02-16,MKT_03,MKT_03_STL_014,Pork,311.34,1.058,0.968
2026-02-16,MKT_03,MKT_03_STL_004,Carrots,49.18,2.31,2.313
2026-02-16,MKT_02,MKT_02_STL_009,Rice (Sinandomeng),30.9,0.581,0.533
2026-02-16,MKT_01,MKT_01_STL_009,Tomatoes,200.38,2.356,2.162
2026-02-16,MKT_02,MKT_02_STL_007,Garlic,195.37,2.172,2.006
2026-02-16,MKT_02,MKT_02_STL_027,Bangus,604.58,3.479,3.294
2026-02-16,MKT_03,MKT_03_STL_021,Pork,608.26,2.067,2.065
2026-02-16,MKT_03,MKT_03_STL_005,Rice (Sinandomeng),165.99,2.904,2.729
2026-02-16,MKT_04,MKT_04_STL_030,Carrots,25.79,1.155,1.157
2026-02-16,MKT_01,MKT_01_STL_003,Red Onions,216.29,2.418,2.315
2026-02-16,MKT_04,MKT_04_STL_040,Potatoes,175.82,1.903,1.905
2026-02-16,MKT_04,MKT_04_STL_027,Cabbage,84.7,1.823,1.715
2026-02-16,MKT_05,MKT_05_STL_008,Carrots,68.81,3.139,2.91
2026-02-16,MKT_02,MKT_02_STL_010,Chicken (Whole),227.46,1.371,1.31
2026-02-16,MKT_04,MKT_04_STL_026,Tilapia,371.4,2.52,2.31
2026-02-16,MKT_03,MKT_03_STL_029,Carrots,27.25,1.28,1.219
2026-02-16,MKT_02,MKT_02_STL_022,Pork,240.96,0.749,0.696
2026-02-16,MKT_02,MKT_02_STL_013,Whole Fish (Galunggong),677.57,3.395,3.229
2026-02-16,MKT_03,MKT_03_STL_028,Chicken (Whole),464.67,2.41,2.415
2026-02-16,MKT_02,MKT_02_STL_023,Beef (Rump),315.68,0.811,0.755
2026-02-16,MKT_04,MKT_04_STL_036,Carrots,53.21,2.383,2.191
2026-02-16,MKT_01,MKT_01_STL_021,Carrots,13.39,0.673,0.644
2026-02-16,MKT_02,MKT_02_STL_015,Beef (Rump),216.81,0.557,0.525
2026-02-16,MKT_03,MKT_03_STL_026,Beef (Rump),1515.67,3.374,3.376
2026-02-16,MKT_04,MKT_04_STL_021,Tilapia,406.18,2.756,2.756
2026-02-16,MKT_03,MKT_03_STL_005,Rice (Sinandomeng),155.93,2.728,2.608
2026-02-16,MKT_03,MKT_03_STL_028,Bangus,495.51,3.188,3.19
2026-02-17,MKT_01,MKT_01_STL_005,Carrots,45.72,2.26,2.262
2026-02-17,MKT_03,MKT_03_STL_021,Carrots,30.31,1.368,1.37
2026-02-17,MKT_03,MKT_03_STL_012,Tomatoes,78.74,0.793,0.736
2026-02-17,MKT_01,MKT_01_STL_010,Chicken (Whole),521.04,3.154,3.153
2026-02-17,MKT_02,MKT_02_STL_020,Cabbage,53.0,0.923,0.923
2026-02-17,MKT_04,MKT_04_STL_007,Red Onions,357.89,2.221,2.049
2026-02-17,MKT_04,MKT_04_STL_023,Cabbage,146.5,2.248,2.07
2026-02-17,MKT_02,MKT_02_STL_024,Tomatoes,317.64,3.028,2.856
2026-02-17,MKT_05,MKT_05_STL_008,Tilapia,372.55,2.598,2.37
2026-02-17,MKT_01,MKT_01_STL_028,Carrots,69.71,3.446,3.172
2026-02-17,MKT_05,MKT_05_STL_003,Bangus,266.89,1.338,1.217
2026-02-17,MKT_03,MKT_03_STL_026,Pork,1044.08,3.373,3.374
2026-02-17,MKT_04,MKT_04_STL_014,Tomatoes,57.64,0.824,0.792
2026-02-17,MKT_02,MKT_02_STL_028,Whole Fish (Galunggong),716.94,3.338,3.111
2026-02-17,MKT_03,MKT_03_STL_019,Pork,617.84,1.996,1.997
2026-02-17,MKT_01,MKT_01_STL_017,Rice (Sinandomeng),188.03,3.466,3.302
2026-02-17,MKT_04,MKT_04_STL_002,Beef (Rump),969.4,2.366,2.23
2026-02-17,MKT_04,MKT_04_STL_040,Pork,331.16,1.038,1.038
2026-02-17,MKT_02,MKT_02_STL_011,Beef (Rump),1681.32,3.799,3.458
2026-02-17,MKT_05,MKT_05_STL_003,Tomatoes,262.01,2.57,2.451
2026-02-17,MKT_01,MKT_01_STL_030,Pork,1081.0,3.413,3.415
2026-02-17,MKT_03,MKT_03_STL_022,Tilapia,378.78,3.075,3.077
2026-02-17,MKT_04,MKT_04_STL_009,Garlic,307.88,3.246,3.251
2026-02-17,MKT_03,MKT_03_STL_008,Tilapia,270.38,2.195,2.037
2026-02-18,MKT_02,MKT_02_STL_024,Tilapia,109.65,0.799,0.75
2026-02-18,MKT_01,MKT_01_STL_017,Tomatoes,82.52,1.407,1.288
2026-02-18,MKT_04,MKT_04_STL_028,Cabbage,30.95,0.69,0.628
2026-02-18,MKT_03,MKT_03_STL_016,Carrots,58.92,2.72,2.723
2026-02-18,MKT_01,MKT_01_STL_001,Red Onions,57.41,0.572,0.524
2026-02-18,MKT_03,MKT_03_STL_011,Beef (Rump),706.87,1.627,1.627
2026-02-18,MKT_02,MKT_02_STL_004,Pork,398.16,1.277,1.169
2026-02-18,MKT_01,MKT_01_STL_021,Pork,481.49,1.652,1.547
2026-02-18,MKT_04,MKT_04_STL_002,Red Onions,534.56,3.417,3.2
2026-02-18,MKT_04,MKT_04_STL_030,Pork,346.46,1.039,1.041
2026-02-18,MKT_02,MKT_02_STL_009,Bangus,557.62,2.951,2.805
2026-02-18,MKT_02,MKT_02_STL_029,Tilapia,94.96,0.692,0.693
2026-02-18,MKT_02,MKT_02_STL_020,Garlic,212.39,1.959,1.959
2026-02-18,MKT_03,MKT_03_STL_013,Tomatoes,68.62,0.842,0.843
2026-02-18,MKT_04,MKT_04_STL_024,Red Onions,151.12,0.966,0.967
2026-02-18,MKT_03,MKT_03_STL_013,Chicken (Whole),258.12,1.458,1.461
2026-02-18,MKT_03,MKT_03_STL_003,Bangus,141.33,0.748,0.687
2026-02-18,MKT_01,MKT_01_STL_026,Bangus,505.18,3.431,3.436
2026-02-18,MKT_05,MKT_05_STL_002,Chicken (Whole),641.22,3.107,3.104
2026-02-18,MKT_03,MKT_03_STL_023,Bangus,266.8,1.412,1.31
2026-02-18,MKT_04,MKT_04_STL_029,Pork,325.79,0.977,0.925
2026-02-18,MKT_01,MKT_01_STL_028,Pork,440.1,1.51,1.395
2026-02-18,MKT_02,MKT_02_STL_020,Bangus,391.9,2.074,2.074
2026-02-18,MKT_04,MKT_04_STL_012,Beef (Rump),460.13,1.05,1.052
2026-02-18,MKT_01,MKT_01_STL_014,Bangus,224.69,1.526,1.526
2026-02-18,MKT_02,MKT_02_STL_025,Rice (Sinandomeng),60.3,1.202,1.096
2026-02-18,MKT_03,MKT_03_STL_032,Tomatoes,156.97,1.926,1.926
2026-02-18,MKT_05,MKT_05_STL_010,Rice (Sinandomeng),210.26,3.622,3.397
2026-02-18,MKT_03,MKT_03_STL_029,Bangus,602.37,3.188,2.969
2026-02-18,MKT_01,MKT_01_STL_015,Garlic,133.83,1.187,1.096
2026-02-19,MKT_01,MKT_01_STL_003,Tilapia,384.85,2.715,2.492
2026-02-19,MKT_05,MKT_05_STL_005,Tilapia,76.75,0.543,0.543
2026-02-19,MKT_01,MKT_01_STL_003,Rice (Sinandomeng),103.32,2.116,1.998
2026-02-19,MKT_03,MKT_03_STL_007,Bangus,213.2,1.288,1.288
2026-02-19,MKT_02,MKT_02_STL_002,Tomatoes,222.4,3.634,3.33
2026-02-19,MKT_05,MKT_05_STL_002,Tomatoes,216.06,2.416,2.417
2026-02-19,MKT_05,MKT_05_STL_007,Carrots,27.8,1.27,1.156
2026-02-19,MKT_05,MKT_05_STL_007,Bangus,521.56,2.813,2.589
2026-02-19,MKT_01,MKT_01_STL_022,Garlic,196.32,1.732,1.633
2026-02-19,MKT_01,MKT_01_STL_028,Chicken (Whole),592.26,3.67,3.415
2026-02-19,MKT_02,MKT_02_STL_011,Carrots,37.97,1.711,1.611
2026-02-19,MKT_04,MKT_04_STL_032,Beef (Rump),1567.13,3.414,3.19
2026-02-19,MKT_01,MKT_01_STL_023,Pork,752.87,2.598,2.598
2026-02-19,MKT_03,MKT_03_STL_027,Tomatoes,202.02,1.848,1.742
2026-02-19,MKT_02,MKT_02_STL_014,Red Onions,264.05,1.953,1.778
2026-02-19,MKT_01,MKT_01_STL_030,Tilapia,118.93,0.839,0.84
2026-02-19,MKT_04,MKT_04_STL_008,Bangus,259.35,1.618,1.619
2026-02-19,MKT_03,MKT_03_STL_027,Rice (Sinandomeng),113.91,2.262,2.128
2026-02-19,MKT_04,MKT_04_STL_006,Cabbage,133.46,2.736,2.566
2026-02-19,MKT_02,MKT_02_STL_009,Beef (Rump),1104.37,2.857,2.606
2026-02-19,MKT_03,MKT_03_STL_021,Pork,1093.52,3.487,3.486
2026-02-19,MKT_03,MKT_03_STL_020,Pork,251.19,0.801,0.769
2026-02-19,MKT_04,MKT_04_STL_020,Bangus,141.06,0.88,0.811
2026-02-19,MKT_04,MKT_04_STL_026,Garlic,387.72,3.433,3.282
2026-02-20,MKT_02,MKT_02_STL_019,Red Onions,229.57,2.338,2.244
2026-02-20,MKT_05,MKT_05_STL_006,Beef (Rump),1321.39,3.216,3.055
2026-02-20,MKT_03,MKT_03_STL_026,Tomatoes,168.57,2.151,2.155
2026-02-20,MKT_02,MKT_02_STL_011,Tomatoes,333.04,3.557,3.352
2026-02-20,MKT_02,MKT_02_STL_021,Whole Fish (Galunggong),794.1,3.452,3.242
2026-02-20,MKT_02,MKT_02_STL_007,Cabbage,126.58,2.833,2.612
2026-02-20,MKT_03,MKT_03_STL_010,Carrots,71.94,3.32,3.319
2026-02-20,MKT_01,MKT_01_STL_022,Red Onions,166.43,1.476,1.351
2026-02-20,MKT_04,MKT_04_STL_018,Beef (Rump),706.11,1.556,1.422
2026-02-20,MKT_03,MKT_03_STL_015,Bangus,444.94,2.621,2.52
2026-02-20,MKT_03,MKT_03_STL_020,Bangus,105.76,0.623,0.598
2026-02-20,MKT_03,MKT_03_STL_024,Tilapia,427.83,3.021,3.022
2026-02-20,MKT_02,MKT_02_STL_022,Potatoes,256.31,2.438,2.3
2026-02-20,MKT_03,MKT_03_STL_006,Bangus,228.5,1.346,1.225
2026-02-20,MKT_02,MKT_02_STL_009,Chicken (Whole),443.84,2.498,2.349
2026-02-20,MKT_04,MKT_04_STL_009,Carrots,64.48,2.903,2.904
2026-02-20,MKT_01,MKT_01_STL_012,Rice (Sinandomeng),162.82,3.528,3.318
2026-02-20,MKT_01,MKT_01_STL_015,Rice (Sinandomeng),83.53,1.81,1.709
2026-02-20,MKT_01,MKT_01_STL_001,Rice (Sinandomeng),87.45,1.895,1.812
2026-02-20,MKT_04,MKT_04_STL_022,Whole Fish (Galunggong),208.71,0.878,0.879
2026-02-20,MKT_04,MKT_04_STL_022,Garlic,319.65,2.855,2.853
2026-02-20,MKT_02,MKT_02_STL_029,Cabbage,145.3,3.252,3.25
2026-02-20,MKT_05,MKT_05_STL_001,Rice (Sinandomeng),193.8,3.521,3.346
2026-02-20,MKT_03,MKT_03_STL_032,Pork,186.65,0.576,0.577
2026-02-20,MKT_03,MKT_03_STL_005,Rice (Sinandomeng),36.87,0.631,0.583
2026-02-20,MKT_04,MKT_04_STL_001,Pork,699.94,2.307,2.215
2026-02-20,MKT_02,MKT_02_STL_001,Potatoes,100.08,0.952,0.892
2026-02-20,MKT_03,MKT_03_STL_033,Tilapia,150.12,1.06,1.06
2026-02-20,MKT_03,MKT_03_STL_008,Chicken (Whole),245.49,1.491,1.391
2026-02-20,MKT_05,MKT_05_STL_007,Chicken (Whole),588.8,2.916,2.679
2026-02-20,MKT_01,MKT_01_STL_023,Bangus,497.72,2.811,2.811
2026-02-20,MKT_02,MKT_02_STL_023,Beef (Rump),306.25,0.785,0.749
2026-02-20,MKT_02,MKT_02_STL_021,Carrots,55.79,2.596,2.415
2026-02-20,MKT_03,MKT_03_STL_033,Pork,270.25,0.834,0.833
2026-02-21,MKT_04,MKT_04_STL_029,Pork,301.19,0.978,0.926
2026-02-21,MKT_02,MKT_02_STL_012,Rice (Sinandomeng),41.34,0.832,0.778
2026-02-21,MKT_05,MKT_05_STL_005,Tilapia,523.26,3.234,3.238
2026-02-21,MKT_03,MKT_03_STL_011,Pork,650.77,1.969,1.973
2026-02-21,MKT_04,MKT_04_STL_005,Pork,650.43,2.112,1.96
2026-02-21,MKT_04,MKT_04_STL_017,Chicken (Whole),519.09,2.56,2.562
2026-02-21,MKT_04,MKT_04_STL_034,Tilapia,333.01,2.399,2.401
2026-02-21,MKT_03,MKT_03_STL_023,Rice (Sinandomeng),59.91,1.081,1.039
2026-02-21,MKT_04,MKT_04_STL_017,Rice (Sinandomeng),147.53,2.479,2.479
2026-02-21,MKT_02,MKT_02_STL_024,Carrots,18.57,0.904,0.852
2026-02-21,MKT_01,MKT_01_STL_011,Tilapia,289.46,1.952,1.952
2026-02-21,MKT_03,MKT_03_STL_025,Carrots,22.16,0.975,0.975
2026-02-21,MKT_02,MKT_02_STL_001,Pork,342.17,1.124,1.079
2026-02-21,MKT_04,MKT_04_STL_013,Carrots,48.03,2.23,2.054
2026-02-21,MKT_01,MKT_01_STL_005,Chicken (Whole),598.24,3.096,3.101
2026-02-21,MKT_04,MKT_04_STL_024,Chicken (Whole),119.03,0.587,0.588
2026-02-21,MKT_03,MKT_03_STL_022,Pork,887.42,2.685,2.683
2026-02-21,MKT_04,MKT_04_STL_034,Beef (Rump),544.06,1.319,1.321
2026-02-21,MKT_03,MKT_03_STL_022,Pork,510.64,1.545,1.546
2026-02-21,MKT_05,MKT_05_STL_007,Beef (Rump),967.46,2.069,1.901
2026-02-21,MKT_03,MKT_03_STL_024,Bangus,307.92,2.036,2.038
2026-02-21,MKT_05,MKT_05_STL_007,Chicken (Whole),242.01,1.315,1.25
2026-02-21,MKT_01,MKT_01_STL_023,Beef (Rump),1304.04,3.38,3.386
2026-02-22,MKT_02,MKT_02_STL_028,Rice (Sinandomeng),160.31,3.162,2.882
2026-02-22,MKT_04,MKT_04_STL_010,Tomatoes,119.8,1.799,1.8
2026-02-22,MKT_04,MKT_04_STL_035,Garlic,397.72,2.985,2.741
2026-02-22,MKT_03,MKT_03_STL_011,Pork,736.69,2.32,2.322
2026-02-22,MKT_02,MKT_02_STL_004,Garlic,214.25,1.705,1.559
2026-02-22,MKT_01,MKT_01_STL_015,Pork,584.03,2.021,1.848
2026-02-22,MKT_02,MKT_02_STL_014,Red Onions,142.04,1.34,1.259
2026-02-22,MKT_02,MKT_02_STL_022,Garlic,404.0,3.215,2.98
2026-02-22,MKT_02,MKT_02_STL_017,Red Onions,164.72,1.554,1.557
2026-02-22,MKT_01,MKT_01_STL_020,Rice (Sinandomeng),150.55,2.925,2.927
2026-02-22,MKT_03,MKT_03_STL_001,Rice (Sinandomeng),94.69,1.643,1.573
2026-02-22,MKT_03,MKT_03_STL_004,Tilapia,224.76,1.617,1.616
2026-02-22,MKT_02,MKT_02_STL_007,Pork,170.78,0.572,0.529
2026-02-22,MKT_05,MKT_05_STL_006,Tilapia,172.14,1.225,1.141
2026-02-22,MKT_05,MKT_05_STL_009,Tilapia,448.96,3.195,3.196
2026-02-22,MKT_04,MKT_04_STL_012,Bangus,264.67,1.349,1.351
2026-02-22,MKT_01,MKT_01_STL_003,Chicken (Whole),148.79,0.855,0.809
2026-02-22,MKT_05,MKT_05_STL_003,Garlic,399.45,3.634,3.339
2026-02-22,MKT_01,MKT_01_STL_004,Pork,692.69,2.397,2.222
2026-02-22,MKT_04,MKT_04_STL_024,Cabbage,139.13,2.766,2.769
2026-02-22,MKT_01,MKT_01_STL_028,Tilapia,174.23,1.141,1.094
2026-02-22,MKT_01,MKT_01_STL_006,Tomatoes,133.79,2.194,1.996
2026-02-22,MKT_02,MKT_02_STL_006,Bangus,171.48,0.916,0.858
2026-02-22,MKT_05,MKT_05_STL_007,Garlic,173.01,1.574,1.481
2026-02-22,MKT_04,MKT_04_STL_032,Garlic,78.21,0.587,0.564
2026-02-22,MKT_04,MKT_04_STL_012,Whole Fish (Galunggong),723.56,3.071,3.068
2026-02-22,MKT_02,MKT_02_STL_023,Tomatoes,142.99,1.475,1.353
2026-02-22,MKT_02,MKT_02_STL_026,Bangus,114.39,0.611,0.611
2026-02-22,MKT_04,MKT_04_STL_009,Red Onions,73.06,0.617,0.617
2026-02-23,MKT_02,MKT_02_STL_012,Tomatoes,60.57,0.854,0.785
2026-02-23,MKT_03,MKT_03_STL_014,Beef (Rump),586.57,1.437,1.324
2026-02-23,MKT_03,MKT_03_STL_017,Bangus,133.82,0.803,0.739
2026-02-23,MKT_04,MKT_04_STL_005,Tomatoes,217.85,2.486,2.337
2026-02-23,MKT_04,MKT_04_STL_024,Potatoes,353.25,3.45,3.452
2026-02-23,MKT_03,MKT_03_STL_029,Pork,1038.04,3.321,3.029
2026-02-23,MKT_01,MKT_01_STL_005,Pork,181.24,0.587,0.588
2026-02-23,MKT_02,MKT_02_STL_016,Carrots,21.91,1.007,0.916
2026-02-23,MKT_05,MKT_05_STL_003,Bangus,232.15,1.232,1.179
2026-02-23,MKT_02,MKT_02_STL_009,Potatoes,364.2,3.406,3.207
2026-02-23,MKT_04,MKT_04_STL_028,Red Onions,416.01,3.802,3.469
2026-02-23,MKT_03,MKT_03_STL_013,Carrots,26.6,1.279,1.279
2026-02-23,MKT_03,MKT_03_STL_008,Pork,213.17,0.682,0.644
2026-02-23,MKT_04,MKT_04_STL_014,Beef (Rump),729.01,1.602,1.488
2026-02-23,MKT_04,MKT_04_STL_001,Whole Fish (Galunggong),343.0,1.773,1.639
2026-02-23,MKT_02,MKT_02_STL_009,Rice (Sinandomeng),131.21,2.356,2.25
2026-02-23,MKT_03,MKT_03_STL_026,Tilapia,455.86,3.087,3.086
2026-02-23,MKT_02,MKT_02_STL_001,Bangus,534.08,2.604,2.411
2026-02-23,MKT_03,MKT_03_STL_017,Chicken (Whole),476.25,2.412,2.234
2026-02-23,MKT_01,MKT_01_STL_006,Beef (Rump),677.63,1.589,1.466
2026-02-23,MKT_01,MKT_01_STL_005,Chicken (Whole),143.13,0.775,0.775
2026-02-23,MKT_02,MKT_02_STL_018,Potatoes,85.86,0.803,0.748
2026-02-24,MKT_01,MKT_01_STL_018,Chicken (Whole),488.6,2.58,2.585
2026-02-24,MKT_02,MKT_02_STL_010,Tomatoes,68.9,0.709,0.681
2026-02-24,MKT_04,MKT_04_STL_006,Chicken (Whole),414.43,2.024,1.904
2026-02-24,MKT_03,MKT_03_STL_004,Tomatoes,57.39,0.813,0.814
2026-02-24,MKT_02,MKT_02_STL_017,Garlic,331.63,2.784,2.785
2026-02-24,MKT_02,MKT_02_STL_014,Tilapia,395.11,2.944,2.781
2026-02-24,MKT_04,MKT_04_STL_031,Tomatoes,230.69,2.467,2.466
2026-02-24,MKT_01,MKT_01_STL_002,Pork,998.6,3.238,3.242
2026-02-24,MKT_03,MKT_03_STL_016,Tilapia,216.72,1.656,1.657
2026-02-24,MKT_04,MKT_04_STL_031,Garlic,254.74,2.041,2.04
2026-02-24,MKT_02,MKT_02_STL_028,Chicken (Whole),140.98,0.752,0.706
2026-02-24,MKT_02,MKT_02_STL_009,Cabbage,65.93,1.552,1.421
2026-02-24,MKT_04,MKT_04_STL_030,Cabbage,48.13,0.806,0.806
2026-02-24,MKT_04,MKT_04_STL_019,Pork,868.69,2.732,2.735
2026-02-24,MKT_02,MKT_02_STL_005,Tomatoes,107.38,1.105,1.061
2026-02-24,MKT_03,MKT_03_STL_008,Tomatoes,114.99,1.629,1.556
2026-02-24,MKT_05,MKT_05_STL_003,Red Onions,93.19,0.802,0.752
2026-02-24,MKT_05,MKT_05_STL_001,Rice (Sinandomeng),93.78,1.802,1.691
2026-02-24,MKT_04,MKT_04_STL_005,Tilapia,101.82,0.696,0.659
2026-02-24,MKT_02,MKT_02_STL_021,Pork,206.48,0.688,0.647
2026-02-24,MKT_01,MKT_01_STL_023,Bangus,197.38,1.08,1.082
2026-02-24,MKT_02,MKT_02_STL_016,Rice (Sinandomeng),141.72,2.446,2.282
2026-02-24,MKT_03,MKT_03_STL_027,Tomatoes,151.91,2.152,2.056
2026-02-24,MKT_03,MKT_03_STL_018,Carrots,53.58,2.441,2.439
2026-02-24,MKT_03,MKT_03_STL_031,Chicken (Whole),182.54,0.925,0.846
2026-02-24,MKT_04,MKT_04_STL_009,Garlic,161.88,1.297,1.299
2026-02-24,MKT_04,MKT_04_STL_002,Pork,460.74,1.449,1.326
2026-02-25,MKT_05,MKT_05_STL_008,Bangus,330.0,1.768,1.679
2026-02-25,MKT_02,MKT_02_STL_010,Potatoes,137.41,1.373,1.305
2026-02-25,MKT_03,MKT_03_STL_030,Chicken (Whole),282.0,1.541,1.543
2026-02-25,MKT_03,MKT_03_STL_021,Beef (Rump),1089.64,2.697,2.702
2026-02-25,MKT_03,MKT_03_STL_030,Tomatoes,282.29,2.719,2.717
2026-02-25,MKT_05,MKT_05_STL_003,Chicken (Whole),196.37,1.093,1.011
2026-02-25,MKT_05,MKT_05_STL_010,Rice (Sinandomeng),63.34,1.162,1.062
2026-02-25,MKT_03,MKT_03_STL_023,Rice (Sinandomeng),177.85,3.658,3.387
2026-02-25,MKT_03,MKT_03_STL_001,Bangus,311.42,1.578,1.502
2026-02-25,MKT_02,MKT_02_STL_015,Beef (Rump),1378.29,3.302,3.144
2026-02-25,MKT_04,MKT_04_STL_028,Whole Fish (Galunggong),657.34,3.29,3.059
2026-02-25,MKT_04,MKT_04_STL_031,Tomatoes,174.11,2.248,2.249
2026-02-25,MKT_01,MKT_01_STL_013,Chicken (Whole),310.26,2.0,1.918
2026-02-25,MKT_03,MKT_03_STL_033,Carrots,47.87,2.204,2.202
2026-02-25,MKT_04,MKT_04_STL_008,Chicken (Whole),384.75,2.073,2.076
2026-02-25,MKT_03,MKT_03_STL_020,Rice (Sinandomeng),143.72,2.956,2.826
2026-02-25,MKT_03,MKT_03_STL_015,Tilapia,315.07,2.014,1.858
2026-02-25,MKT_03,MKT_03_STL_027,Beef (Rump),1061.36,2.627,2.49
2026-02-25,MKT_02,MKT_02_STL_009,Tomatoes,55.78,0.574,0.541
2026-02-25,MKT_02,MKT_02_STL_030,Potatoes,160.93,1.608,1.501
2026-02-25,MKT_03,MKT_03_STL_011,Tomatoes,87.0,0.838,0.838
2026-02-25,MKT_02,MKT_02_STL_002,Potatoes,253.9,2.537,2.419
2026-02-25,MKT_03,MKT_03_STL_022,Bangus,605.67,3.069,3.069
2026-02-25,MKT_03,MKT_03_STL_010,Rice (Sinandomeng),76.28,1.569,1.572
2026-02-25,MKT_04,MKT_04_STL_016,Garlic,396.49,2.991,2.723
2026-02-25,MKT_02,MKT_02_STL_001,Tilapia,173.89,1.17,1.119
2026-02-25,MKT_02,MKT_02_STL_010,Bangus,451.17,2.653,2.416
2026-02-25,MKT_01,MKT_01_STL_022,Red Onions,409.61,3.412,3.198
2026-02-25,MKT_01,MKT_01_STL_020,Red Onions,123.17,1.026,1.025
2026-02-25,MKT_04,MKT_04_STL_004,Tilapia,542.37,3.365,3.164
2026-02-25,MKT_02,MKT_02_STL_002,Bangus,599.46,3.525,3.336
2026-02-25,MKT_04,MKT_04_STL_034,Chicken (Whole),115.63,0.623,0.623
2026-02-26,MKT_02,MKT_02_STL_004,Garlic,81.7,0.945,0.869
2026-02-26,MKT_04,MKT_04_STL_038,Garlic,482.59,3.702,3.404
2026-02-26,MKT_04,MKT_04_STL_030,Beef (Rump),343.03,0.829,0.831
2026-02-26,MKT_03,MKT_03_STL_013,Rice (Sinandomeng),98.99,1.896,1.899
2026-02-26,MKT_01,MKT_01_STL_001,Beef (Rump),975.67,2.56,2.371
2026-02-26,MKT_04,MKT_04_STL_023,Beef (Rump),846.61,2.046,1.96
2026-02-26,MKT_02,MKT_02_STL_030,Beef (Rump),227.84,0.57,0.547
2026-02-26,MKT_03,MKT_03_STL_024,Beef (Rump),1305.67,2.971,2.976
2026-02-26,MKT_04,MKT_04_STL_013,Tomatoes,103.59,1.51,1.417
2026-02-26,MKT_02,MKT_02_STL_008,Cabbage,141.3,3.131,3.002
2026-02-26,MKT_04,MKT_04_STL_024,Rice (Sinandomeng),85.61,1.549,1.551
2026-02-26,MKT_05,MKT_05_STL_006,Red Onions,324.91,2.711,2.496
2026-02-26,MKT_02,MKT_02_STL_001,Rice (Sinandomeng),193.16,3.639,3.361
2026-02-26,MKT_04,MKT_04_STL_034,Rice (Sinandomeng),192.51,3.483,3.488
2026-02-26,MKT_02,MKT_02_STL_027,Garlic,297.56,3.442,3.255
2026-02-26,MKT_02,MKT_02_STL_003,Carrots,41.21,2.038,1.92
2026-02-26,MKT_01,MKT_01_STL_010,Bangus,298.28,1.77,1.768
2026-02-26,MKT_01,MKT_01_STL_011,Pork,961.71,3.181,3.179
2026-02-26,MKT_04,MKT_04_STL_001,Garlic,200.49,1.538,1.432
2026-02-26,MKT_05,MKT_05_STL_005,Tilapia,417.68,2.908,2.913
2026-02-26,MKT_01,MKT_01_STL_025,Chicken (Whole),202.91,1.249,1.25
2026-02-26,MKT_01,MKT_01_STL_003,Chicken (Whole),238.17,1.466,1.403
2026-02-26,MKT_04,MKT_04_STL_021,Garlic,427.45,3.279,3.281
2026-02-26,MKT_04,MKT_04_STL_011,Rice (Sinandomeng),98.33,1.779,1.628
2026-02-26,MKT_03,MKT_03_STL_016,Bangus,127.54,0.788,0.788
2026-02-26,MKT_02,MKT_02_STL_010,Potatoes,163.5,1.578,1.44
2026-02-26,MKT_04,MKT_04_STL_003,Potatoes,176.05,1.669,1.573
2026-02-26,MKT_04,MKT_04_STL_007,Tomatoes,128.69,1.876,1.762
2026-02-26,MKT_05,MKT_05_STL_009,Carrots,69.65,3.232,3.238
2026-02-26,MKT_03,MKT_03_STL_030,Bangus,123.65,0.764,0.765
2026-02-27,MKT_04,MKT_04_STL_019,Whole Fish (Galunggong),287.23,1.227,1.228
2026-02-27,MKT_03,MKT_03_STL_030,Rice (Sinandomeng),128.89,2.365,2.363
2026-02-27,MKT_01,MKT_01_STL_015,Beef (Rump),311.71,0.721,0.661
2026-02-27,MKT_03,MKT_03_STL_019,Rice (Sinandomeng),92.98,1.706,1.709
2026-02-27,MKT_01,MKT_01_STL_010,Red Onions,202.52,1.878,1.881
2026-02-27,MKT_01,MKT_01_STL_004,Carrots,30.25,1.441,1.311
2026-02-27,MKT_04,MKT_04_STL_004,Pork,497.28,1.569,1.5
2026-02-27,MKT_04,MKT_04_STL_031,Beef (Rump),962.29,2.196,2.196
2026-02-27,MKT_01,MKT_01_STL_022,Carrots,19.5,0.929,0.864
2026-02-27,MKT_04,MKT_04_STL_010,Red Onions,325.34,2.713,2.718
2026-02-27,MKT_01,MKT_01_STL_001,Chicken (Whole),334.77,2.2,2.049
2026-02-27,MKT_02,MKT_02_STL_023,Tomatoes,60.75,0.994,0.909
2026-02-27,MKT_05,MKT_05_STL_004,Rice (Sinandomeng),92.98,1.485,1.403
2026-02-27,MKT_01,MKT_01_STL_008,Carrots,61.23,2.917,2.917
2026-02-27,MKT_02,MKT_02_STL_012,Chicken (Whole),164.02,0.878,0.844
2026-02-27,MKT_04,MKT_04_STL_022,Garlic,293.78,3.139,3.14
2026-02-27,MKT_02,MKT_02_STL_016,Chicken (Whole),222.12,1.189,1.113
2026-02-27,MKT_04,MKT_04_STL_017,Red Onions,219.21,1.828,1.831
2026-02-27,MKT_04,MKT_04_STL_039,Pork,474.46,1.497,1.4
2026-02-27,MKT_02,MKT_02_STL_012,Rice (Sinandomeng),172.33,3.229,2.961
2026-02-27,MKT_01,MKT_01_STL_009,Red Onions,148.71,1.379,1.281
2026-02-27,MKT_03,MKT_03_STL_015,Tomatoes,353.28,3.315,3.078
2026-02-27,MKT_03,MKT_03_STL_015,Bangus,199.65,0.978,0.939
2026-02-27,MKT_05,MKT_05_STL_006,Rice (Sinandomeng),199.79,3.191,2.956
2026-02-27,MKT_04,MKT_04_STL_026,Rice (Sinandomeng),122.06,2.202,2.035
2026-02-27,MKT_04,MKT_04_STL_023,Chicken (Whole),407.76,2.039,1.928
2026-02-27,MKT_03,MKT_03_STL_032,Pork,1072.17,3.375,3.377
2026-02-27,MKT_01,MKT_01_STL_010,Beef (Rump),723.72,1.674,1.674
2026-02-27,MKT_03,MKT_03_STL_001,Pork,654.42,2.06,1.892
2026-02-28,MKT_01,MKT_01_STL_025,Carrots,27.76,1.348,1.35
2026-02-28,MKT_02,MKT_02_STL_013,Bangus,94.59,0.564,0.533
2026-02-28,MKT_04,MKT_04_STL_012,Cabbage,168.97,2.451,2.451
2026-02-28,MKT_04,MKT_04_STL_008,Tomatoes,52.41,0.628,0.628
2026-02-28,MKT_02,MKT_02_STL_015,Rice (Sinandomeng),113.16,2.063,1.904
2026-02-28,MKT_01,MKT_01_STL_028,Beef (Rump),233.39,0.553,0.527
2026-02-28,MKT_01,MKT_01_STL_030,Red Onions,365.8,3.066,3.068
2026-02-28,MKT_02,MKT_02_STL_029,Tilapia,432.98,3.207,3.208
2026-02-28,MKT_03,MKT_03_STL_015,Pork,337.98,1.073,1.023
2026-02-28,MKT_04,MKT_04_STL_016,Cabbage,194.27,2.818,2.658
2026-02-28,MKT_01,MKT_01_STL_014,Rice (Sinandomeng),70.71,1.335,1.335
2026-02-28,MKT_03,MKT_03_STL_027,Beef (Rump),1481.2,3.414,3.27
2026-02-28,MKT_03,MKT_03_STL_029,Tomatoes,127.88,1.741,1.63
2026-02-28,MKT_05,MKT_05_STL_003,Rice (Sinandomeng),147.83,2.441,2.228
2026-02-28,MKT_04,MKT_04_STL_027,Whole Fish (Galunggong),493.71,2.615,2.477
2026-02-28,MKT_04,MKT_04_STL_012,Potatoes,144.57,1.473,1.472
2026-02-28,MKT_01,MKT_01_STL_017,Tilapia,288.76,2.455,2.253
2026-02-28,MKT_04,MKT_04_STL_014,Pork,226.47,0.693,0.635
2026-02-28,MKT_01,MKT_01_STL_017,Rice (Sinandomeng),68.33,1.29,1.195
2026-02-28,MKT_01,MKT_01_STL_012,Tomatoes,285.93,3.53,3.303
2026-02-28,MKT_04,MKT_04_STL_030,Whole Fish (Galunggong),225.62,1.195,1.195
2026-02-28,MKT_01,MKT_01_STL_024,Chicken (Whole),133.2,0.817,0.816
2026-02-28,MKT_01,MKT_01_STL_008,Bangus,536.47,2.765,2.767
2026-02-28,MKT_03,MKT_03_STL_029,Pork,228.05,0.724,0.686
2026-03-01,MKT_04,MKT_04_STL_037,Potatoes,66.56,0.781,0.719
2026-03-01,MKT_04,MKT_04_STL_029,Garlic,227.9,2.494,2.394
2026-03-01,MKT_03,MKT_03_STL_025,Rice (Sinandomeng),81.85,1.463,1.463
2026-03-01,MKT_03,MKT_03_STL_025,Bangus,170.68,0.9,0.9
2026-03-01,MKT_01,MKT_01_STL_022,Red Onions,131.9,1.16,1.099
2026-03-01,MKT_02,MKT_02_STL_022,Tomatoes,240.97,2.673,2.537
2026-03-01,MKT_03,MKT_03_STL_027,Rice (Sinandomeng),108.04,1.931,1.802
2026-03-01,MKT_03,MKT_03_STL_018,Chicken (Whole),126.93,0.757,0.758
2026-03-01,MKT_03,MKT_03_STL_005,Pork,373.56,1.209,1.111
2026-03-01,MKT_01,MKT_01_STL_015,Carrots,35.18,1.681,1.579
2026-03-01,MKT_01,MKT_01_STL_018,Red Onions,351.36,3.09,3.093
2026-03-01,MKT_04,MKT_04_STL_006,Cabbage,193.57,2.945,2.69
2026-03-01,MKT_03,MKT_03_STL_001,Tomatoes,116.8,1.126,1.07
2026-03-01,MKT_04,MKT_04_STL_032,Tomatoes,161.62,2.126,2.003
2026-03-01,MKT_02,MKT_02_STL_029,Red Onions,372.31,3.061,3.06
2026-03-01,MKT_05,MKT_05_STL_009,Tomatoes,120.29,1.781,1.783
2026-03-01,MKT_04,MKT_04_STL_031,Pork,674.8,2.203,2.207
2026-03-01,MKT_04,MKT_04_STL_002,Red Onions,137.57,1.461,1.395
2026-03-01,MKT_03,MKT_03_STL_013,Chicken (Whole),109.66,0.654,0.654
2026-03-01,MKT_01,MKT_01_STL_029,Carrots,24.55,1.173,1.172
2026-03-01,MKT_02,MKT_02_STL_027,Beef (Rump),713.77,1.774,1.671
2026-03-02,MKT_01,MKT_01_STL_024,Beef (Rump),274.85,0.724,0.724
2026-03-02,MKT_03,MKT_03_STL_007,Beef (Rump),713.39,1.695,1.698
2026-03-02,MKT_02,MKT_02_STL_028,Potatoes,301.78,3.413,3.175
2026-03-02,MKT_04,MKT_04_STL_025,Beef (Rump),1052.58,2.455,2.46
2026-03-02,MKT_01,MKT_01_STL_019,Bangus,224.39,1.36,1.283
2026-03-02,MKT_02,MKT_02_STL_010,Whole Fish (Galunggong),125.77,0.713,0.678
2026-03-02,MKT_03,MKT_03_STL_009,Tilapia,472.75,3.273,3.273
2026-03-02,MKT_04,MKT_04_STL_010,Carrots,26.5,1.205,1.207
2026-03-02,MKT_02,MKT_02_STL_022,Garlic,365.33,3.477,3.213
2026-03-02,MKT_03,MKT_03_STL_021,Carrots,31.96,1.535,1.538
2026-03-02,MKT_04,MKT_04_STL_030,Bangus,404.48,2.294,2.294
2026-03-02,MKT_04,MKT_04_STL_025,Pork,1068.99,3.161,3.163
2026-03-02,MKT_04,MKT_04_STL_030,Rice (Sinandomeng),77.97,1.31,1.312
2026-03-02,MKT_05,MKT_05_STL_005,Carrots,45.62,1.987,1.99
2026-03-02,MKT_05,MKT_05_STL_006,Tilapia,234.09,1.899,1.795
2026-03-02,MKT_02,MKT_02_STL_006,Chicken (Whole),101.43,0.588,0.564
2026-03-02,MKT_04,MKT_04_STL_018,Whole Fish (Galunggong),572.61,2.992,2.845
2026-03-02,MKT_03,MKT_03_STL_006,Bangus,547.31,2.761,2.546
2026-03-02,MKT_03,MKT_03_STL_014,Tomatoes,60.13,0.712,0.656
2026-03-02,MKT_02,MKT_02_STL_005,Potatoes,83.82,0.948,0.876
2026-03-02,MKT_01,MKT_01_STL_021,Red Onions,102.05,0.974,0.913
2026-03-02,MKT_03,MKT_03_STL_015,Tilapia,238.18,1.649,1.555
2026-03-02,MKT_02,MKT_02_STL_012,Carrots,27.25,1.27,1.215
2026-03-02,MKT_03,MKT_03_STL_019,Carrots,24.59,1.181,1.181
2026-03-02,MKT_02,MKT_02_STL_012,Whole Fish (Galunggong),545.57,3.093,2.88
2026-03-03,MKT_04,MKT_04_STL_025,Potatoes,106.09,1.248,1.25
2026-03-03,MKT_03,MKT_03_STL_021,Carrots,18.88,0.879,0.88
2026-03-03,MKT_03,MKT_03_STL_018,Carrots,30.97,1.442,1.442
2026-03-03,MKT_02,MKT_02_STL_025,Chicken (Whole),652.24,3.661,3.494
2026-03-03,MKT_04,MKT_04_STL_028,Bangus,333.28,2.028,1.936
2026-03-03,MKT_04,MKT_04_STL_008,Pork,235.83,0.73,0.729
2026-03-03,MKT_01,MKT_01_STL_013,Chicken (Whole),360.7,2.152,1.985
2026-03-03,MKT_03,MKT_03_STL_020,Tilapia,525.61,3.485,3.193
2026-03-03,MKT_03,MKT_03_STL_004,Tomatoes,262.41,2.641,2.639
2026-03-03,MKT_02,MKT_02_STL_014,Whole Fish (Galunggong),482.87,2.352,2.154
2026-03-03,MKT_04,MKT_04_STL_027,Chicken (Whole),394.87,2.198,2.081
2026-03-03,MKT_02,MKT_02_STL_013,Potatoes,172.65,2.222,2.124
2026-03-03,MKT_03,MKT_03_STL_012,Tilapia,522.59,3.465,3.201
2026-03-03,MKT_01,MKT_01_STL_020,Garlic,186.52,1.956,1.959
2026-03-03,MKT_04,MKT_04_STL_029,Rice (Sinandomeng),164.15,3.239,3.024
2026-03-03,MKT_02,MKT_02_STL_028,Beef (Rump),1093.24,2.87,2.726
2026-03-03,MKT_04,MKT_04_STL_019,Tilapia,364.61,2.676,2.675
2026-03-03,MKT_03,MKT_03_STL_003,Carrots,79.8,3.715,3.434
2026-03-03,MKT_04,MKT_04_STL_019,Cabbage,182.01,2.795,2.793
2026-03-03,MKT_02,MKT_02_STL_026,Carrots,39.1,1.993,1.997
2026-03-04,MKT_03,MKT_03_STL_024,Bangus,280.65,1.402,1.401
2026-03-04,MKT_01,MKT_01_STL_010,Carrots,28.34,1.337,1.337
2026-03-04,MKT_05,MKT_05_STL_006,Tomatoes,44.78,0.592,0.557
2026-03-04,MKT_01,MKT_01_STL_017,Tomatoes,51.95,0.666,0.633
2026-03-04,MKT_04,MKT_04_STL_009,Rice (Sinandomeng),148.94,2.479,2.48
2026-03-04,MKT_04,MKT_04_STL_021,Cabbage,75.79,1.414,1.415
2026-03-04,MKT_04,MKT_04_STL_014,Tilapia,482.67,3.625,3.312
2026-03-04,MKT_02,MKT_02_STL_025,Whole Fish (Galunggong),820.98,3.483,3.18
2026-03-04,MKT_05,MKT_05_STL_006,Beef (Rump),1347.73,3.152,2.931
2026-03-04,MKT_01,MKT_01_STL_011,Carrots,32.31,1.524,1.523
2026-03-04,MKT_01,MKT_01_STL_004,Bangus,558.18,3.366,3.097
2026-03-04,MKT_03,MKT_03_STL_022,Carrots,64.61,2.921,2.922
2026-03-04,MKT_04,MKT_04_STL_014,Potatoes,273.27,3.486,3.297
2026-03-04,MKT_01,MKT_01_STL_028,Red Onions,199.44,2.032,1.891
2026-03-04,MKT_02,MKT_02_STL_006,Garlic,357.66,2.963,2.807
2026-03-04,MKT_02,MKT_02_STL_011,Bangus,405.65,2.091,1.902
2026-03-04,MKT_02,MKT_02_STL_029,Chicken (Whole),157.94,0.894,0.896
2026-03-04,MKT_03,MKT_03_STL_031,Beef (Rump),354.37,0.799,0.757
2026-03-04,MKT_02,MKT_02_STL_008,Red Onions,183.51,1.49,1.387
2026-03-04,MKT_03,MKT_03_STL_014,Carrots,55.12,2.492,2.347
2026-03-04,MKT_02,MKT_02_STL_008,Cabbage,59.93,1.351,1.252
2026-03-04,MKT_03,MKT_03_STL_015,Carrots,20.75,0.938,0.873
2026-03-04,MKT_02,MKT_02_STL_019,Tilapia,465.67,3.281,3.008
2026-03-04,MKT_03,MKT_03_STL_008,Tomatoes,134.45,2.013,1.888
2026-03-04,MKT_02,MKT_02_STL_030,Tomatoes,59.28,0.649,0.611
2026-03-04,MKT_01,MKT_01_STL_023,Red Onions,113.07,1.152,1.154
2026-03-04,MKT_03,MKT_03_STL_017,Pork,423.65,1.431,1.329
2026-03-04,MKT_03,MKT_03_STL_032,Tilapia,424.69,3.358,3.36
2026-03-05,MKT_05,MKT_05_STL_004,Beef (Rump),614.82,1.368,1.279
2026-03-05,MKT_01,MKT_01_STL_003,Chicken (Whole),455.0,2.508,2.391
2026-03-05,MKT_03,MKT_03_STL_029,Carrots,26.91,1.293,1.198
2026-03-05,MKT_02,MKT_02_STL_030,Rice (Sinandomeng),161.26,2.787,2.553
2026-03-05,MKT_03,MKT_03_STL_010,Tilapia,81.1,0.626,0.626
2026-03-05,MKT_01,MKT_01_STL_030,Carrots,67.5,3.358,3.355
2026-03-05,MKT_05,MKT_05_STL_008,Beef (Rump),268.76,0.598,0.548
2026-03-05,MKT_01,MKT_01_STL_017,Tilapia,305.63,2.212,2.121
2026-03-05,MKT_03,MKT_03_STL_030,Chicken (Whole),287.06,1.546,1.549
2026-03-05,MKT_01,MKT_01_STL_008,Tomatoes,61.11,0.839,0.84
2026-03-05,MKT_05,MKT_05_STL_007,Chicken (Whole),314.19,1.569,1.477
2026-03-05,MKT_04,MKT_04_STL_030,Cabbage,104.83,1.748,1.748
2026-03-05,MKT_02,MKT_02_STL_017,Beef (Rump),394.02,0.928,0.929
2026-03-05,MKT_01,MKT_01_STL_019,Tilapia,221.35,1.602,1.505
2026-03-05,MKT_03,MKT_03_STL_010,Tilapia,247.98,1.914,1.912
2026-03-05,MKT_01,MKT_01_STL_007,Garlic,56.16,0.592,0.593
2026-03-05,MKT_01,MKT_01_STL_001,Beef (Rump),1406.65,3.603,3.291
2026-03-05,MKT_05,MKT_05_STL_002,Carrots,17.77,0.818,0.819
2026-03-05,MKT_01,MKT_01_STL_007,Tilapia,280.9,2.033,2.032
2026-03-05,MKT_01,MKT_01_STL_015,Red Onions,455.74,3.086,2.85
2026-03-05,MKT_03,MKT_03_STL_015,Chicken (Whole),326.8,1.76,1.637
2026-03-05,MKT_02,MKT_02_STL_019,Cabbage,190.41,2.847,2.679
2026-03-05,MKT_03,MKT_03_STL_021,Pork,996.85,3.369,3.366
2026-03-05,MKT_02,MKT_02_STL_005,Chicken (Whole),473.17,2.415,2.196
2026-03-05,MKT_01,MKT_01_STL_025,Red Onions,398.88,2.701,2.702
2026-03-05,MKT_02,MKT_02_STL_016,Pork,1032.43,3.261,3.043
2026-03-05,MKT_01,MKT_01_STL_006,Carrots,50.37,2.506,2.321
2026-03-05,MKT_02,MKT_02_STL_023,Red Onions,182.55,1.925,1.823
2026-03-06,MKT_05,MKT_05_STL_008,Chicken (Whole),324.48,1.617,1.486
2026-03-06,MKT_02,MKT_02_STL_019,Tilapia,151.19,1.263,1.193
2026-03-06,MKT_01,MKT_01_STL_030,Pork,767.12,2.577,2.579
2026-03-06,MKT_04,MKT_04_STL_002,Bangus,281.16,1.683,1.586
2026-03-06,MKT_05,MKT_05_STL_003,Red Onions,114.01,0.774,0.729
2026-03-06,MKT_04,MKT_04_STL_009,Tomatoes,148.51,2.314,2.316
2026-03-06,MKT_04,MKT_04_STL_003,Bangus,216.51,1.296,1.189
2026-03-06,MKT_05,MKT_05_STL_009,Rice (Sinandomeng),171.34,3.273,3.277
2026-03-06,MKT_04,MKT_04_STL_004,Bangus,455.07,2.724,2.522
2026-03-06,MKT_02,MKT_02_STL_018,Garlic,133.36,1.354,1.281
2026-03-06,MKT_01,MKT_01_STL_010,Tilapia,99.04,0.853,0.854
2026-03-06,MKT_02,MKT_02_STL_025,Red Onions,418.52,3.707,3.45
2026-03-06,MKT_02,MKT_02_STL_018,Cabbage,177.92,3.307,3.144
2026-03-06,MKT_04,MKT_04_STL_007,Rice (Sinandomeng),164.61,3.257,3.129
2026-03-06,MKT_02,MKT_02_STL_002,Pork,554.06,1.907,1.756
2026-03-06,MKT_02,MKT_02_STL_010,Potatoes,359.9,3.568,3.29
2026-03-06,MKT_02,MKT_02_STL_003,Rice (Sinandomeng),160.52,3.388,3.108
2026-03-06,MKT_03,MKT_03_STL_012,Carrots,58.82,2.825,2.57
2026-03-06,MKT_04,MKT_04_STL_039,Rice (Sinandomeng),110.78,2.192,2.045
2026-03-06,MKT_02,MKT_02_STL_008,Bangus,546.96,3.41,3.213
2026-03-06,MKT_03,MKT_03_STL_010,Bangus,454.5,2.588,2.591
2026-03-06,MKT_01,MKT_01_STL_015,Beef (Rump),402.74,0.937,0.857
2026-03-06,MKT_01,MKT_01_STL_014,Tilapia,264.03,2.274,2.274
2026-03-06,MKT_02,MKT_02_STL_008,Potatoes,69.6,0.69,0.636
2026-03-06,MKT_04,MKT_04_STL_031,Tilapia,448.13,3.352,3.35
2026-03-06,MKT_03,MKT_03_STL_012,Tomatoes,292.03,2.902,2.722
2026-03-06,MKT_01,MKT_01_STL_024,Tomatoes,266.94,2.601,2.6
2026-03-06,MKT_03,MKT_03_STL_003,Pork,303.5,0.996,0.957
2026-03-06,MKT_03,MKT_03_STL_017,Tilapia,389.61,2.692,2.522
2026-03-07,MKT_03,MKT_03_STL_011,Tomatoes,75.73,1.03,1.03
2026-03-07,MKT_04,MKT_04_STL_008,Beef (Rump),1504.26,3.328,3.334
2026-03-07,MKT_02,MKT_02_STL_004,Beef (Rump),805.49,2.065,1.98
2026-03-07,MKT_01,MKT_01_STL_022,Red Onions,320.18,3.431,3.192
2026-03-07,MKT_04,MKT_04_STL_002,Bangus,243.08,1.441,1.356
2026-03-07,MKT_04,MKT_04_STL_040,Whole Fish (Galunggong),211.85,1.033,1.035
2026-03-07,MKT_01,MKT_01_STL_030,Chicken (Whole),338.88,1.79,1.792
2026-03-07,MKT_04,MKT_04_STL_014,Garlic,185.68,1.531,1.443
2026-03-07,MKT_02,MKT_02_STL_018,Rice (Sinandomeng),50.5,0.904,0.856
2026-03-07,MKT_02,MKT_02_STL_005,Tomatoes,101.47,1.23,1.171
2026-03-07,MKT_02,MKT_02_STL_007,Beef (Rump),1467.05,3.761,3.466
2026-03-07,MKT_03,MKT_03_STL_019,Chicken (Whole),421.08,2.495,2.499
2026-03-07,MKT_01,MKT_01_STL_027,Chicken (Whole),436.95,2.308,2.156
2026-03-07,MKT_01,MKT_01_STL_024,Rice (Sinandomeng),27.73,0.582,0.582
2026-03-07,MKT_05,MKT_05_STL_008,Red Onions,311.58,2.223,2.114
2026-03-07,MKT_02,MKT_02_STL_014,Tomatoes,257.65,3.123,2.998
2026-03-07,MKT_03,MKT_03_STL_027,Chicken (Whole),249.1,1.476,1.346
2026-03-07,MKT_02,MKT_02_STL_030,Bangus,505.57,2.888,2.696
2026-03-07,MKT_02,MKT_02_STL_019,Tomatoes,119.62,1.45,1.385
2026-03-07,MKT_02,MKT_02_STL_010,Potatoes,329.09,3.412,3.258
2026-03-07,MKT_01,MKT_01_STL_022,Bangus,360.82,2.07,1.98
2026-03-07,MKT_03,MKT_03_STL_028,Rice (Sinandomeng),189.45,3.48,3.479
2026-03-07,MKT_01,MKT_01_STL_020,Pork,998.43,3.406,3.405
2026-03-07,MKT_04,MKT_04_STL_008,Potatoes,234.4,2.881,2.88
2026-03-07,MKT_03,MKT_03_STL_024,Tilapia,120.98,0.969,0.97
2026-03-07,MKT_03,MKT_03_STL_005,Tomatoes,188.28,2.561,2.392
2026-03-07,MKT_04,MKT_04_STL_032,Whole Fish (Galunggong),160.17,0.781,0.722
2026-03-07,MKT_03,MKT_03_STL_028,Carrots,37.32,1.801,1.8
2026-03-07,MKT_01,MKT_01_STL_017,Red Onions,147.82,1.584,1.453
2026-03-07,MKT_04,MKT_04_STL_025,Cabbage,203.56,3.013,3.013
2026-03-08,MKT_05,MKT_05_STL_010,Chicken (Whole),159.68,0.968,0.911
2026-03-08,MKT_04,MKT_04_STL_016,Chicken (Whole),537.87,2.661,2.52
2026-03-08,MKT_01,MKT_01_STL_007,Rice (Sinandomeng),109.41,1.951,1.954
2026-03-08,MKT_03,MKT_03_STL_028,Tomatoes,119.77,1.346,1.348
2026-03-08,MKT_02,MKT_02_STL_006,Pork,1170.34,3.658,3.352
2026-03-08,MKT_04,MKT_04_STL_004,Potatoes,120.23,1.219,1.143
2026-03-08,MKT_04,MKT_04_STL_032,Tomatoes,225.91,2.287,2.173
2026-03-08,MKT_01,MKT_01_STL_029,Rice (Sinandomeng),34.55,0.616,0.616
2026-03-08,MKT_05,MKT_05_STL_003,Garlic,173.3,1.764,1.641
2026-03-08,MKT_04,MKT_04_STL_016,Cabbage,100.98,1.657,1.546
2026-03-08,MKT_01,MKT_01_STL_020,Rice (Sinandomeng),175.87,3.136,3.134
2026-03-08,MKT_04,MKT_04_STL_024,Beef (Rump),1146.27,2.503,2.504
2026-03-08,MKT_04,MKT_04_STL_006,Cabbage,108.47,1.78,1.677
2026-03-08,MKT_04,MKT_04_STL_040,Tomatoes,136.71,1.384,1.386
2026-03-08,MKT_04,MKT_04_STL_005,Whole Fish (Galunggong),585.1,2.974,2.792
2026-03-08,MKT_04,MKT_04_STL_032,Tomatoes,157.46,1.594,1.476
2026-03-08,MKT_02,MKT_02_STL_030,Pork,361.21,1.129,1.029
2026-03-08,MKT_05,MKT_05_STL_006,Pork,534.21,1.642,1.543
2026-03-08,MKT_03,MKT_03_STL_027,Rice (Sinandomeng),167.39,3.016,2.821
2026-03-08,MKT_03,MKT_03_STL_016,Tomatoes,204.92,2.303,2.303
2026-03-09,MKT_02,MKT_02_STL_027,Beef (Rump),575.01,1.373,1.304
2026-03-09,MKT_04,MKT_04_STL_031,Whole Fish (Galunggong),381.98,1.726,1.727
2026-03-09,MKT_01,MKT_01_STL_024,Tilapia,194.26,1.284,1.285
2026-03-09,MKT_03,MKT_03_STL_004,Bangus,455.77,2.925,2.927
2026-03-09,MKT_01,MKT_01_STL_015,Beef (Rump),1331.67,3.419,3.237
2026-03-09,MKT_01,MKT_01_STL_009,Chicken (Whole),269.68,1.655,1.52
2026-03-09,MKT_01,MKT_01_STL_021,Beef (Rump),756.0,1.941,1.843
2026-03-09,MKT_03,MKT_03_STL_024,Rice (Sinandomeng),105.37,2.109,2.108
2026-03-09,MKT_03,MKT_03_STL_027,Pork,1122.11,3.601,3.344
2026-03-09,MKT_01,MKT_01_STL_004,Tilapia,144.03,0.952,0.888
2026-03-09,MKT_03,MKT_03_STL_008,Carrots,63.64,3.039,2.907
2026-03-09,MKT_02,MKT_02_STL_013,Potatoes,134.72,1.592,1.5
2026-03-09,MKT_01,MKT_01_STL_006,Red Onions,110.76,0.72,0.69
2026-03-09,MKT_02,MKT_02_STL_015,Chicken (Whole),273.42,1.668,1.586
2026-03-09,MKT_04,MKT_04_STL_011,Rice (Sinandomeng),176.01,3.206,3.014
2026-03-09,MKT_03,MKT_03_STL_026,Chicken (Whole),268.21,1.369,1.371
2026-03-09,MKT_04,MKT_04_STL_020,Tilapia,198.84,1.574,1.495
2026-03-09,MKT_02,MKT_02_STL_009,Potatoes,109.75,1.297,1.246
2026-03-09,MKT_03,MKT_03_STL_001,Carrots,62.05,2.963,2.765
2026-03-09,MKT_01,MKT_01_STL_001,Red Onions,278.59,1.811,1.694
2026-03-10,MKT_02,MKT_02_STL_014,Beef (Rump),630.61,1.48,1.404
2026-03-10,MKT_03,MKT_03_STL_017,Chicken (Whole),123.38,0.652,0.601
2026-03-10,MKT_03,MKT_03_STL_025,Bangus,446.53,2.462,2.466
2026-03-10,MKT_05,MKT_05_STL_002,Beef (Rump),1368.49,3.081,3.086
2026-03-10,MKT_02,MKT_02_STL_006,Red Onions,255.51,2.895,2.666
2026-03-10,MKT_01,MKT_01_STL_030,Bangus,91.06,0.56,0.56
2026-03-10,MKT_03,MKT_03_STL_023,Rice (Sinandomeng),47.68,0.846,0.787
2026-03-10,MKT_04,MKT_04_STL_028,Bangus,204.67,1.166,1.083
2026-03-10,MKT_03,MKT_03_STL_012,Beef (Rump),1339.47,3.041,2.854
2026-03-10,MKT_01,MKT_01_STL_015,Carrots,30.7,1.501,1.406
2026-03-10,MKT_02,MKT_02_STL_013,Pork,431.08,1.396,1.293
2026-03-10,MKT_03,MKT_03_STL_004,Tomatoes,135.44,1.629,1.63
2026-03-10,MKT_02,MKT_02_STL_009,Chicken (Whole),669.05,3.652,3.401
2026-03-10,MKT_02,MKT_02_STL_023,Tomatoes,120.63,1.464,1.353
2026-03-10,MKT_02,MKT_02_STL_002,Red Onions,113.41,1.285,1.234
2026-03-10,MKT_02,MKT_02_STL_005,Tomatoes,242.5,2.943,2.683
2026-03-10,MKT_04,MKT_04_STL_017,Whole Fish (Galunggong),495.55,2.136,2.14
2026-03-10,MKT_02,MKT_02_STL_027,Chicken (Whole),426.31,2.327,2.234
2026-03-10,MKT_02,MKT_02_STL_004,Whole Fish (Galunggong),234.23,1.27,1.196
2026-03-10,MKT_04,MKT_04_STL_034,Garlic,77.12,0.826,0.827
2026-03-10,MKT_04,MKT_04_STL_033,Rice (Sinandomeng),179.44,3.218,2.929
2026-03-10,MKT_04,MKT_04_STL_022,Pork,681.95,2.18,2.183
2026-03-10,MKT_04,MKT_04_STL_014,Tomatoes,153.75,2.383,2.28
2026-03-10,MKT_02,MKT_02_STL_030,Bangus,427.53,2.51,2.349
2026-03-10,MKT_02,MKT_02_STL_013,Potatoes,316.0,3.278,3.019
2026-03-11,MKT_04,MKT_04_STL_008,Whole Fish (Galunggong),430.21,1.978,1.98
2026-03-11,MKT_04,MKT_04_STL_015,Potatoes,121.59,1.588,1.514
2026-03-11,MKT_02,MKT_02_STL_023,Tilapia,329.67,2.762,2.567
2026-03-11,MKT_02,MKT_02_STL_030,Carrots,27.68,1.373,1.304
2026-03-11,MKT_02,MKT_02_STL_028,Red Onions,312.4,3.094,2.884
2026-03-11,MKT_02,MKT_02_STL_026,Tilapia,402.72,3.374,3.378
2026-03-11,MKT_03,MKT_03_STL_016,Tomatoes,276.6,2.626,2.627
2026-03-11,MKT_02,MKT_02_STL_008,Potatoes,308.38,3.634,3.478
2026-03-11,MKT_02,MKT_02_STL_020,Pork,508.43,1.774,1.777
2026-03-11,MKT_01,MKT_01_STL_004,Rice (Sinandomeng),155.17,2.909,2.771
2026-03-11,MKT_03,MKT_03_STL_030,Pork,318.88,0.998,0.999
2026-03-11,MKT_02,MKT_02_STL_028,Pork,188.3,0.657,0.617
2026-03-11,MKT_03,MKT_03_STL_006,Rice (Sinandomeng),145.57,2.548,2.378
2026-03-11,MKT_03,MKT_03_STL_006,Rice (Sinandomeng),168.36,2.947,2.747
2026-03-11,MKT_04,MKT_04_STL_035,Bangus,89.35,0.553,0.528
2026-03-11,MKT_02,MKT_02_STL_017,Beef (Rump),1034.37,2.662,2.66
2026-03-11,MKT_03,MKT_03_STL_027,Beef (Rump),882.32,2.226,2.067
2026-03-11,MKT_03,MKT_03_STL_001,Tilapia,358.94,2.3,2.191
2026-03-11,MKT_05,MKT_05_STL_005,Beef (Rump),864.85,2.067,2.07
2026-03-11,MKT_02,MKT_02_STL_011,Garlic,379.53,3.565,3.356
2026-03-11,MKT_03,MKT_03_STL_020,Beef (Rump),799.48,2.017,1.916
2026-03-12,MKT_04,MKT_04_STL_024,Potatoes,255.51,2.661,2.66
2026-03-12,MKT_02,MKT_02_STL_021,Rice (Sinandomeng),58.81,1.075,0.993
2026-03-12,MKT_04,MKT_04_STL_008,Tomatoes,44.96,0.529,0.529
2026-03-12,MKT_01,MKT_01_STL_020,Rice (Sinandomeng),97.03,1.913,1.911
2026-03-12,MKT_03,MKT_03_STL_007,Carrots,31.1,1.434,1.436
2026-03-12,MKT_04,MKT_04_STL_002,Potatoes,80.18,0.835,0.782
2026-03-12,MKT_01,MKT_01_STL_011,Pork,210.94,0.683,0.683
2026-03-12,MKT_01,MKT_01_STL_021,Rice (Sinandomeng),38.29,0.755,0.7
2026-03-12,MKT_03,MKT_03_STL_015,Chicken (Whole),305.47,1.598,1.535
2026-03-12,MKT_02,MKT_02_STL_015,Chicken (Whole),263.64,1.442,1.324
2026-03-12,MKT_04,MKT_04_STL_005,Bangus,442.57,2.384,2.253
2026-03-12,MKT_03,MKT_03_STL_003,Bangus,550.8,3.546,3.303
2026-03-12,MKT_02,MKT_02_STL_005,Cabbage,159.9,2.589,2.478
2026-03-12,MKT_05,MKT_05_STL_009,Rice (Sinandomeng),41.64,0.808,0.809
2026-03-12,MKT_03,MKT_03_STL_028,Rice (Sinandomeng),67.52,1.287,1.289
2026-03-12,MKT_04,MKT_04_STL_003,Whole Fish (Galunggong),436.48,2.23,2.067
2026-03-12,MKT_02,MKT_02_STL_015,Bangus,273.03,1.619,1.49
2026-03-12,MKT_01,MKT_01_STL_007,Garlic,247.02,2.316,2.314
2026-03-12,MKT_01,MKT_01_STL_018,Garlic,267.08,2.504,2.505
2026-03-12,MKT_01,MKT_01_STL_006,Rice (Sinandomeng),27.14,0.535,0.508
2026-03-12,MKT_03,MKT_03_STL_003,Chicken (Whole),160.96,0.842,0.774
2026-03-12,MKT_04,MKT_04_STL_016,Rice (Sinandomeng),55.65,0.994,0.93
2026-03-12,MKT_02,MKT_02_STL_011,Carrots,34.75,1.608,1.47
2026-03-12,MKT_04,MKT_04_STL_027,Carrots,20.95,0.992,0.911
2026-03-12,MKT_01,MKT_01_STL_013,Bangus,460.66,2.644,2.495
2026-03-12,MKT_02,MKT_02_STL_013,Red Onions,334.9,2.931,2.78
2026-03-12,MKT_03,MKT_03_STL_019,Bangus,253.34,1.631,1.632
2026-03-12,MKT_01,MKT_01_STL_012,Tomatoes,99.1,1.706,1.565
2026-03-12,MKT_03,MKT_03_STL_004,Tilapia,276.32,2.093,2.092
2026-03-12,MKT_02,MKT_02_STL_023,Chicken (Whole),675.01,3.692,3.366
2026-03-13,MKT_04,MKT_04_STL_008,Potatoes,71.79,0.928,0.929
2026-03-13,MKT_02,MKT_02_STL_010,Tomatoes,160.46,2.142,1.97
2026-03-13,MKT_01,MKT_01_STL_011,Pork,668.3,2.172,2.174
2026-03-13,MKT_04,MKT_04_STL_004,Tilapia,183.53,1.129,1.034
2026-03-13,MKT_04,MKT_04_STL_019,Tomatoes,207.5,2.809,2.812
2026-03-13,MKT_02,MKT_02_STL_029,Bangus,168.33,1.141,1.141
2026-03-13,MKT_03,MKT_03_STL_033,Chicken (Whole),337.75,1.645,1.647
2026-03-13,MKT_02,MKT_02_STL_009,Potatoes,329.28,3.666,3.486
2026-03-13,MKT_04,MKT_04_STL_004,Tilapia,351.45,2.162,2.078
2026-03-13,MKT_03,MKT_03_STL_005,Beef (Rump),705.68,1.626,1.485
2026-03-13,MKT_02,MKT_02_STL_003,Beef (Rump),944.39,2.09,2.008
2026-03-13,MKT_04,MKT_04_STL_038,Beef (Rump),275.58,0.635,0.601
2026-03-13,MKT_02,MKT_02_STL_014,Tomatoes,139.63,1.864,1.695
2026-03-13,MKT_03,MKT_03_STL_012,Beef (Rump),598.92,1.38,1.323
2026-03-13,MKT_04,MKT_04_STL_036,Garlic,333.74,3.243,2.97
2026-03-13,MKT_01,MKT_01_STL_015,Tomatoes,315.42,3.764,3.492
2026-03-13,MKT_02,MKT_02_STL_023,Tomatoes,83.0,1.108,1.021
2026-03-13,MKT_01,MKT_01_STL_016,Red Onions,368.14,3.046,2.922
2026-03-13,MKT_04,MKT_04_STL_036,Carrots,54.94,2.533,2.339
2026-03-13,MKT_02,MKT_02_STL_006,Potatoes,265.78,2.959,2.709
2026-03-13,MKT_04,MKT_04_STL_029,Rice (Sinandomeng),48.11,0.815,0.748
2026-03-13,MKT_01,MKT_01_STL_009,Pork,221.54,0.72,0.668
2026-03-13,MKT_02,MKT_02_STL_027,Carrots,30.84,1.575,1.443
2026-03-13,MKT_02,MKT_02_STL_013,Beef (Rump),1639.35,3.628,3.45
2026-03-13,MKT_01,MKT_01_STL_016,Garlic,241.53,2.875,2.712
2026-03-13,MKT_03,MKT_03_STL_005,Tilapia,545.37,3.353,3.193
2026-03-13,MKT_01,MKT_01_STL_027,Garlic,237.83,2.831,2.666
2026-03-13,MKT_01,MKT_01_STL_001,Carrots,76.96,3.535,3.322
2026-03-14,MKT_01,MKT_01_STL_025,Pork,320.31,1.079,1.079
2026-03-14,MKT_04,MKT_04_STL_025,Rice (Sinandomeng),137.43,2.682,2.687
2026-03-14,MKT_03,MKT_03_STL_023,Tomatoes,51.64,0.683,0.634
2026-03-14,MKT_02,MKT_02_STL_021,Potatoes,210.0,2.118,2.016
2026-03-14,MKT_03,MKT_03_STL_017,Carrots,31.98,1.539,1.433
2026-03-14,MKT_03,MKT_03_STL_030,Pork,493.3,1.524,1.524
2026-03-14,MKT_04,MKT_04_STL_002,Potatoes,65.79,0.831,0.758
2026-03-14,MKT_01,MKT_01_STL_004,Pork,263.61,0.888,0.849
2026-03-14,MKT_01,MKT_01_STL_015,Pork,337.53,1.137,1.057
2026-03-14,MKT_04,MKT_04_STL_017,Carrots,60.31,2.801,2.8
2026-03-14,MKT_04,MKT_04_STL_018,Chicken (Whole),536.53,2.577,2.414
2026-03-14,MKT_02,MKT_02_STL_011,Potatoes,349.5,3.525,3.33
2026-03-14,MKT_04,MKT_04_STL_009,Cabbage,151.74,2.429,2.427
2026-03-14,MKT_04,MKT_04_STL_037,Chicken (Whole),618.98,2.973,2.742
2026-03-14,MKT_05,MKT_05_STL_010,Beef (Rump),330.51,0.714,0.66
2026-03-14,MKT_02,MKT_02_STL_030,Rice (Sinandomeng),71.47,1.436,1.337
2026-03-14,MKT_04,MKT_04_STL_028,Bangus,256.22,1.238,1.178
2026-03-14,MKT_01,MKT_01_STL_022,Chicken (Whole),200.93,1.09,1.031
2026-03-14,MKT_04,MKT_04_STL_014,Potatoes,150.58,1.902,1.819
2026-03-14,MKT_02,MKT_02_STL_030,Tilapia,313.22,2.372,2.236
2026-03-14,MKT_04,MKT_04_STL_002,Cabbage,140.87,2.255,2.069
2026-03-15,MKT_02,MKT_02_STL_030,Carrots,78.72,3.601,3.349
2026-03-15,MKT_05,MKT_05_STL_008,Rice (Sinandomeng),129.83,2.225,2.114
2026-03-15,MKT_04,MKT_04_STL_021,Potatoes,159.48,1.802,1.802
2026-03-15,MKT_02,MKT_02_STL_004,Cabbage,172.82,3.041,2.889
2026-03-15,MKT_04,MKT_04_STL_015,Potatoes,323.38,3.654,3.405
2026-03-15,MKT_02,MKT_02_STL_019,Potatoes,223.28,3.014,2.883
2026-03-15,MKT_01,MKT_01_STL_021,Chicken (Whole),251.08,1.362,1.275
2026-03-15,MKT_02,MKT_02_STL_018,Carrots,76.47,3.498,3.266
2026-03-15,MKT_05,MKT_05_STL_009,Rice (Sinandomeng),112.32,1.925,1.926
2026-03-15,MKT_01,MKT_01_STL_022,Tilapia,209.06,1.718,1.617
2026-03-15,MKT_02,MKT_02_STL_028,Garlic,402.87,3.394,3.204
2026-03-15,MKT_02,MKT_02_STL_022,Pork,831.51,2.608,2.388
2026-03-15,MKT_01,MKT_01_STL_009,Carrots,22.17,1.043,0.976
2026-03-15,MKT_01,MKT_01_STL_030,Tilapia,296.92,2.44,2.444
2026-03-15,MKT_04,MKT_04_STL_017,Tilapia,200.12,1.418,1.419
2026-03-15,MKT_04,MKT_04_STL_023,Rice (Sinandomeng),155.8,2.939,2.756
2026-03-15,MKT_03,MKT_03_STL_012,Tomatoes,183.69,2.467,2.281
2026-03-15,MKT_05,MKT_05_STL_004,Bangus,355.38,2.026,1.921
2026-03-15,MKT_01,MKT_01_STL_029,Tilapia,280.13,2.302,2.303
2026-03-15,MKT_04,MKT_04_STL_011,Bangus,231.31,1.539,1.401
2026-03-15,MKT_01,MKT_01_STL_001,Chicken (Whole),562.64,3.052,2.79
2026-03-15,MKT_01,MKT_01_STL_014,Red Onions,115.32,0.823,0.824
2026-03-15,MKT_02,MKT_02_STL_013,Beef (Rump),1382.62,3.577,3.362
2026-03-15,MKT_01,MKT_01_STL_026,Carrots,21.07,0.991,0.992
2026-03-15,MKT_02,MKT_02_STL_006,Beef (Rump),1340.87,3.469,3.16
2026-03-16,MKT_02,MKT_02_STL_025,Garlic,274.56,2.888,2.756
2026-03-16,MKT_03,MKT_03_STL_004,Tilapia,397.85,2.861,2.866
2026-03-16,MKT_04,MKT_04_STL_029,Pork,497.05,1.551,1.428
2026-03-16,MKT_03,MKT_03_STL_018,Tilapia,260.46,1.873,1.876
2026-03-16,MKT_02,MKT_02_STL_026,Carrots,50.65,2.473,2.476
2026-03-16,MKT_03,MKT_03_STL_005,Rice (Sinandomeng),86.24,1.467,1.404
2026-03-16,MKT_01,MKT_01_STL_012,Chicken (Whole),586.4,3.276,3.073
2026-03-16,MKT_01,MKT_01_STL_011,Chicken (Whole),172.2,0.962,0.962
2026-03-16,MKT_05,MKT_05_STL_010,Tilapia,73.15,0.541,0.515
2026-03-16,MKT_03,MKT_03_STL_015,Pork,654.91,2.067,1.912
2026-03-16,MKT_02,MKT_02_STL_014,Potatoes,110.39,1.215,1.137
2026-03-16,MKT_03,MKT_03_STL_016,Bangus,543.41,2.994,2.994
2026-03-16,MKT_03,MKT_03_STL_017,Pork,557.96,1.761,1.663
2026-03-16,MKT_01,MKT_01_STL_019,Rice (Sinandomeng),87.56,1.801,1.7
2026-03-16,MKT_03,MKT_03_STL_003,Beef (Rump),1306.88,3.207,2.959
2026-03-16,MKT_03,MKT_03_STL_002,Bangus,415.63,2.29,2.291
2026-03-16,MKT_01,MKT_01_STL_025,Tilapia,254.07,1.965,1.965
2026-03-16,MKT_04,MKT_04_STL_032,Garlic,59.54,0.635,0.581
2026-03-16,MKT_04,MKT_04_STL_021,Rice (Sinandomeng),155.9,2.801,2.804
2026-03-16,MKT_01,MKT_01_STL_006,Tilapia,269.46,2.084,2.004
2026-03-16,MKT_02,MKT_02_STL_020,Garlic,262.11,2.757,2.755
2026-03-16,MKT_02,MKT_02_STL_007,Cabbage,64.43,1.273,1.19
2026-03-16,MKT_03,MKT_03_STL_018,Carrots,24.7,1.133,1.134
2026-03-16,MKT_04,MKT_04_STL_009,Tilapia,222.09,1.65,1.652
2026-03-16,MKT_03,MKT_03_STL_007,Rice (Sinandomeng),79.6,1.354,1.355
2026-03-16,MKT_05,MKT_05_STL_003,Tomatoes,65.62,0.663,0.604
2026-03-17,MKT_04,MKT_04_STL_013,Rice (Sinandomeng),60.98,1.071,0.991
2026-03-17,MKT_03,MKT_03_STL_032,Pork,581.17,1.892,1.895
2026-03-17,MKT_04,MKT_04_STL_033,Cabbage,147.23,2.912,2.698
2026-03-17,MKT_03,MKT_03_STL_013,Bangus,568.42,2.905,2.911
2026-03-17,MKT_01,MKT_01_STL_017,Tilapia,130.78,0.948,0.886
2026-03-17,MKT_01,MKT_01_STL_006,Tomatoes,53.82,0.577,0.535
2026-03-17,MKT_04,MKT_04_STL_011,Cabbage,93.64,1.852,1.705
2026-03-17,MKT_01,MKT_01_STL_014,Beef (Rump),719.32,1.775,1.775
2026-03-17,MKT_02,MKT_02_STL_018,Pork,798.64,2.515,2.311
2026-03-17,MKT_03,MKT_03_STL_021,Tomatoes,163.35,2.007,2.006
2026-03-17,MKT_03,MKT_03_STL_023,Tilapia,425.97,3.331,3.033
2026-03-17,MKT_03,MKT_03_STL_022,Pork,878.2,2.859,2.856
2026-03-17,MKT_03,MKT_03_STL_023,Bangus,635.93,3.25,3.111
2026-03-17,MKT_01,MKT_01_STL_009,Carrots,34.35,1.656,1.511
2026-03-17,MKT_02,MKT_02_STL_025,Garlic,113.91,1.364,1.274
2026-03-17,MKT_02,MKT_02_STL_006,Garlic,239.17,2.864,2.683
2026-03-17,MKT_01,MKT_01_STL_026,Carrots,39.2,1.89,1.894
2026-03-17,MKT_05,MKT_05_STL_002,Tomatoes,130.26,1.878,1.881
2026-03-17,MKT_01,MKT_01_STL_016,Garlic,279.48,2.7,2.559
2026-03-17,MKT_01,MKT_01_STL_020,Tilapia,348.46,2.526,2.525
2026-03-17,MKT_03,MKT_03_STL_006,Carrots,48.01,2.236,2.128
2026-03-17,MKT_01,MKT_01_STL_011,Tilapia,241.41,1.75,1.751
2026-03-17,MKT_03,MKT_03_STL_022,Beef (Rump),946.24,2.407,2.408
2026-03-17,MKT_05,MKT_05_STL_007,Tilapia,415.0,2.89,2.696
2026-03-17,MKT_01,MKT_01_STL_022,Bangus,206.61,1.302,1.246
2026-03-17,MKT_04,MKT_04_STL_023,Pork,302.92,0.921,0.878
2026-03-17,MKT_03,MKT_03_STL_006,Tomatoes,154.15,1.894,1.793
2026-03-17,MKT_02,MKT_02_STL_008,Tomatoes,217.29,2.707,2.567
2026-03-17,MKT_04,MKT_04_STL_005,Potatoes,340.21,3.181,2.961
2026-03-17,MKT_03,MKT_03_STL_022,Carrots,15.65,0.729,0.73
2026-03-17,MKT_01,MKT_01_STL_023,Rice (Sinandomeng),124.39,2.328,2.328
2026-03-17,MKT_03,MKT_03_STL_022,Pork,506.22,1.648,1.646
2026-03-17,MKT_04,MKT_04_STL_035,Pork,536.44,1.631,1.513
2026-03-18,MKT_02,MKT_02_STL_028,Bangus,289.73,1.789,1.702
2026-03-18,MKT_02,MKT_02_STL_016,Potatoes,139.3,1.372,1.271
2026-03-18,MKT_05,MKT_05_STL_001,Pork,1089.73,3.21,3.011
2026-03-18,MKT_04,MKT_04_STL_019,Pork,899.31,2.88,2.881
2026-03-18,MKT_04,MKT_04_STL_038,Beef (Rump),1041.48,2.517,2.347
2026-03-18,MKT_04,MKT_04_STL_014,Whole Fish (Galunggong),307.69,1.339,1.231
2026-03-18,MKT_01,MKT_01_STL_020,Tilapia,279.9,2.217,2.22
2026-03-18,MKT_04,MKT_04_STL_022,Bangus,265.58,1.324,1.324
2026-03-18,MKT_02,MKT_02_STL_001,Rice (Sinandomeng),69.48,1.438,1.331
2026-03-18,MKT_01,MKT_01_STL_009,Garlic,181.16,1.782,1.696
2026-03-18,MKT_03,MKT_03_STL_002,Beef (Rump),525.6,1.317,1.318
2026-03-18,MKT_02,MKT_02_STL_003,Carrots,67.65,3.072,2.846
2026-03-18,MKT_04,MKT_04_STL_026,Beef (Rump),579.29,1.4,1.301
2026-03-18,MKT_03,MKT_03_STL_002,Tilapia,121.21,0.79,0.791
2026-03-18,MKT_04,MKT_04_STL_003,Potatoes,139.77,1.539,1.474
2026-03-18,MKT_01,MKT_01_STL_016,Beef (Rump),1132.78,2.889,2.684
2026-03-18,MKT_01,MKT_01_STL_006,Tomatoes,164.04,2.441,2.264
2026-03-18,MKT_01,MKT_01_STL_004,Tilapia,286.59,2.27,2.124
2026-03-18,MKT_01,MKT_01_STL_002,Red Onions,62.35,0.537,0.538
2026-03-18,MKT_01,MKT_01_STL_013,Tilapia,393.14,3.114,2.968
2026-03-18,MKT_02,MKT_02_STL_021,Potatoes,217.38,2.141,1.997
2026-03-18,MKT_03,MKT_03_STL_012,Rice (Sinandomeng),158.58,2.658,2.519
2026-03-18,MKT_03,MKT_03_STL_003,Carrots,57.19,2.666,2.482
2026-03-18,MKT_04,MKT_04_STL_039,Pork,802.51,2.57,2.394
2026-03-18,MKT_04,MKT_04_STL_008,Tilapia,110.56,0.749,0.749
2026-03-18,MKT_02,MKT_02_STL_028,Red Onions,235.98,1.7,1.608
2026-03-18,MKT_05,MKT_05_STL_008,Tilapia,331.25,1.98,1.854
2026-03-18,MKT_03,MKT_03_STL_023,Rice (Sinandomeng),148.79,2.494,2.375
2026-03-18,MKT_03,MKT_03_STL_011,Tilapia,336.47,2.193,2.195
2026-03-19,MKT_04,MKT_04_STL_039,Whole Fish (Galunggong),728.51,3.671,3.42
2026-03-19,MKT_02,MKT_02_STL_015,Tomatoes,216.96,3.686,3.469
2026-03-19,MKT_03,MKT_03_STL_005,Rice (Sinandomeng),98.06,1.793,1.635
2026-03-19,MKT_03,MKT_03_STL_009,Pork,241.15,0.79,0.791
2026-03-19,MKT_04,MKT_04_STL_037,Pork,750.51,2.324,2.212
2026-03-19,MKT_03,MKT_03_STL_020,Rice (Sinandomeng),168.34,3.078,2.801
2026-03-19,MKT_02,MKT_02_STL_018,Bangus,390.89,2.281,2.15
2026-03-19,MKT_04,MKT_04_STL_036,Chicken (Whole),359.32,1.888,1.755
2026-03-19,MKT_03,MKT_03_STL_018,Tilapia,387.58,2.811,2.811
2026-03-19,MKT_03,MKT_03_STL_018,Tilapia,276.59,2.006,2.007
2026-03-19,MKT_04,MKT_04_STL_009,Chicken (Whole),585.23,3.075,3.077
2026-03-19,MKT_02,MKT_02_STL_020,Tomatoes,80.05,1.36,1.359
2026-03-19,MKT_01,MKT_01_STL_018,Rice (Sinandomeng),169.92,3.267,3.272
2026-03-19,MKT_05,MKT_05_STL_002,Beef (Rump),216.88,0.51,0.51
2026-03-19,MKT_02,MKT_02_STL_027,Whole Fish (Galunggong),376.3,1.987,1.892
2026-03-19,MKT_04,MKT_04_STL_031,Pork,532.85,1.65,1.65
2026-03-19,MKT_01,MKT_01_STL_007,Bangus,328.58,1.731,1.731
2026-03-19,MKT_02,MKT_02_STL_021,Garlic,100.64,1.263,1.173
2026-03-19,MKT_01,MKT_01_STL_023,Red Onions,463.92,3.496,3.497
2026-03-19,MKT_03,MKT_03_STL_032,Bangus,609.11,3.333,3.336
2026-03-20,MKT_03,MKT_03_STL_028,Rice (Sinandomeng),122.55,2.207,2.208
2026-03-20,MKT_03,MKT_03_STL_019,Pork,1029.02,3.35,3.356
2026-03-20,MKT_02,MKT_02_STL_030,Garlic,368.8,3.401,3.151
2026-03-20,MKT_01,MKT_01_STL_006,Red Onions,271.87,2.139,2.034
2026-03-20,MKT_04,MKT_04_STL_036,Rice (Sinandomeng),121.58,2.029,1.873
2026-03-20,MKT_04,MKT_04_STL_036,Chicken (Whole),215.41,1.125,1.026
2026-03-20,MKT_01,MKT_01_STL_011,Chicken (Whole),225.53,1.466,1.468
2026-03-20,MKT_03,MKT_03_STL_013,Carrots,23.8,1.12,1.121
2026-03-20,MKT_04,MKT_04_STL_003,Chicken (Whole),521.02,2.721,2.551
2026-03-20,MKT_04,MKT_04_STL_028,Chicken (Whole),607.76,3.174,2.89
2026-03-20,MKT_04,MKT_04_STL_007,Red Onions,398.18,2.638,2.424
2026-03-20,MKT_01,MKT_01_STL_005,Tilapia,411.64,3.118,3.116
2026-03-20,MKT_05,MKT_05_STL_010,Chicken (Whole),404.88,2.071,1.887
2026-03-20,MKT_04,MKT_04_STL_001,Carrots,67.79,2.968,2.746
2026-03-20,MKT_03,MKT_03_STL_009,Bangus,471.06,3.104,3.101
2026-03-20,MKT_01,MKT_01_STL_002,Bangus,134.89,0.71,0.711
2026-03-20,MKT_01,MKT_01_STL_025,Beef (Rump),1293.67,3.149,3.15
2026-03-20,MKT_03,MKT_03_STL_031,Carrots,42.05,1.979,1.816
2026-03-20,MKT_04,MKT_04_STL_037,Carrots,33.51,1.467,1.379
2026-03-20,MKT_04,MKT_04_STL_029,Potatoes,292.54,2.979,2.806
2026-03-20,MKT_03,MKT_03_STL_013,Tomatoes,119.05,1.783,1.786
2026-03-20,MKT_05,MKT_05_STL_006,Rice (Sinandomeng),178.98,3.301,3.041
2026-03-20,MKT_04,MKT_04_STL_029,Garlic,243.05,2.89,2.761
2026-03-20,MKT_01,MKT_01_STL_004,Rice (Sinandomeng),89.13,1.726,1.599
2026-03-20,MKT_03,MKT_03_STL_022,Rice (Sinandomeng),179.92,3.24,3.239
2026-03-20,MKT_03,MKT_03_STL_001,Chicken (Whole),236.76,1.371,1.294
2026-03-20,MKT_04,MKT_04_STL_031,Potatoes,71.0,0.723,0.722
2026-03-21,MKT_04,MKT_04_STL_035,Whole Fish (Galunggong),257.28,1.303,1.234
2026-03-21,MKT_01,MKT_01_STL_015,Beef (Rump),1157.75,2.722,2.568
2026-03-21,MKT_03,MKT_03_STL_002,Tomatoes,204.44,2.598,2.599
2026-03-21,MKT_04,MKT_04_STL_014,Garlic,60.88,0.636,0.607
2026-03-21,MKT_01,MKT_01_STL_011,Red Onions,167.92,1.363,1.365
2026-03-21,MKT_04,MKT_04_STL_040,Tilapia,298.24,2.191,2.191
2026-03-21,MKT_03,MKT_03_STL_016,Beef (Rump),1333.06,3.329,3.334
2026-03-21,MKT_03,MKT_03_STL_023,Beef (Rump),822.5,2.054,1.926
2026-03-21,MKT_01,MKT_01_STL_030,Beef (Rump),409.59,0.963,0.963
2026-03-21,MKT_02,MKT_02_STL_013,Rice (Sinandomeng),50.55,0.994,0.94
2026-03-21,MKT_04,MKT_04_STL_009,Bangus,254.79,1.27,1.272
2026-03-21,MKT_02,MKT_02_STL_003,Chicken (Whole),384.8,2.36,2.25
2026-03-21,MKT_04,MKT_04_STL_009,Carrots,28.09,1.278,1.278
2026-03-21,MKT_04,MKT_04_STL_036,Potatoes,350.03,3.332,3.111
2026-03-21,MKT_02,MKT_02_STL_019,Tomatoes,225.09,2.473,2.355
2026-03-21,MKT_05,MKT_05_STL_006,Tilapia,350.23,2.615,2.432
2026-03-21,MKT_01,MKT_01_STL_011,Red Onions,177.65,1.442,1.443
2026-03-21,MKT_03,MKT_03_STL_017,Tomatoes,210.18,2.671,2.445
2026-03-21,MKT_04,MKT_04_STL_005,Tomatoes,91.21,1.122,1.026
2026-03-21,MKT_01,MKT_01_STL_013,Carrots,56.58,2.616,2.506
2026-03-21,MKT_03,MKT_03_STL_026,Chicken (Whole),235.23,1.426,1.428
2026-03-21,MKT_02,MKT_02_STL_023,Beef (Rump),1041.17,2.521,2.326
2026-03-21,MKT_03,MKT_03_STL_007,Pork,788.21,2.448,2.45
2026-03-21,MKT_03,MKT_03_STL_008,Tomatoes,187.36,2.381,2.208
2026-03-21,MKT_02,MKT_02_STL_022,Carrots,67.1,3.294,3.02
2026-03-21,MKT_02,MKT_02_STL_018,Whole Fish (Galunggong),755.38,3.132,2.863
2026-03-21,MKT_04,MKT_04_STL_039,Potatoes,125.64,1.196,1.108
2026-03-21,MKT_04,MKT_04_STL_014,Bangus,523.62,2.61,2.379
2026-03-21,MKT_01,MKT_01_STL_016,Red Onions,92.77,0.753,0.702
2026-03-21,MKT_04,MKT_04_STL_038,Red Onions,498.71,3.26,3.04
2026-03-21,MKT_05,MKT_05_STL_001,Pork,1141.19,3.559,3.411
2026-03-21,MKT_02,MKT_02_STL_027,Garlic,197.58,2.182,2.069
2026-03-21,MKT_01,MKT_01_STL_030,Rice (Sinandomeng),140.01,2.569,2.569
2026-03-21,MKT_02,MKT_02_STL_021,Chicken (Whole),209.19,1.283,1.185
2026-03-21,MKT_02,MKT_02_STL_027,Rice (Sinandomeng),34.03,0.669,0.621
2026-03-22,MKT_01,MKT_01_STL_007,Pork,873.11,2.73,2.729
2026-03-22,MKT_01,MKT_01_STL_014,Pork,1027.58,3.213,3.218
2026-03-22,MKT_02,MKT_02_STL_017,Beef (Rump),280.37,0.682,0.683
2026-03-22,MKT_04,MKT_04_STL_009,Garlic,365.99,2.783,2.785
2026-03-22,MKT_03,MKT_03_STL_015,Pork,723.25,2.294,2.111
2026-03-22,MKT_02,MKT_02_STL_008,Tilapia,439.9,2.997,2.87
2026-03-22,MKT_05,MKT_05_STL_003,Tomatoes,93.07,0.887,0.849
2026-03-22,MKT_04,MKT_04_STL_007,Chicken (Whole),169.4,0.86,0.8
2026-03-22,MKT_03,MKT_03_STL_011,Tomatoes,101.21,1.397,1.4
2026-03-22,MKT_03,MKT_03_STL_020,Bangus,633.52,3.227,3.083
2026-03-22,MKT_03,MKT_03_STL_026,Tomatoes,204.89,2.828,2.832
2026-03-22,MKT_04,MKT_04_STL_037,Whole Fish (Galunggong),554.23,2.61,2.405
2026-03-22,MKT_01,MKT_01_STL_003,Carrots,27.08,1.336,1.255
2026-03-22,MKT_05,MKT_05_STL_010,Beef (Rump),914.01,2.078,1.978
2026-03-22,MKT_05,MKT_05_STL_006,Red Onions,214.16,2.061,1.95
2026-03-22,MKT_02,MKT_02_STL_006,Cabbage,87.84,1.528,1.399
2026-03-22,MKT_03,MKT_03_STL_017,Chicken (Whole),294.68,1.646,1.523
2026-03-22,MKT_01,MKT_01_STL_008,Red Onions,126.71,1.425,1.426
2026-03-22,MKT_02,MKT_02_STL_014,Whole Fish (Galunggong),660.12,3.568,3.337
2026-03-22,MKT_02,MKT_02_STL_029,Tilapia,466.61,3.179,3.18
2026-03-22,MKT_02,MKT_02_STL_021,Tomatoes,108.83,1.032,0.989
2026-03-22,MKT_02,MKT_02_STL_002,Bangus,420.73,2.634,2.519
2026-03-22,MKT_05,MKT_05_STL_007,Tomatoes,173.24,1.651,1.527
2026-03-22,MKT_04,MKT_04_STL_028,Rice (Sinandomeng),64.64,1.131,1.081
2026-03-22,MKT_03,MKT_03_STL_029,Chicken (Whole),218.42,1.22,1.14
2026-03-22,MKT_03,MKT_03_STL_025,Tilapia,398.4,2.797,2.799
2026-03-22,MKT_03,MKT_03_STL_021,Beef (Rump),1339.93,3.279,3.283
2026-03-22,MKT_01,MKT_01_STL_011,Rice (Sinandomeng),70.75,1.469,1.471
2026-03-23,MKT_02,MKT_02_STL_006,Whole Fish (Galunggong),230.82,1.065,1.015
2026-03-23,MKT_04,MKT_04_STL_033,Cabbage,51.88,1.066,0.971
2026-03-23,MKT_02,MKT_02_STL_002,Tomatoes,244.44,2.675,2.46
2026-03-23,MKT_04,MKT_04_STL_025,Whole Fish (Galunggong),605.62,2.675,2.679
2026-03-23,MKT_03,MKT_03_STL_006,Beef (Rump),825.69,2.091,1.916
2026-03-23,MKT_02,MKT_02_STL_002,Beef (Rump),706.25,1.706,1.612
2026-03-23,MKT_04,MKT_04_STL_033,Potatoes,149.8,1.694,1.562
2026-03-23,MKT_01,MKT_01_STL_029,Tomatoes,116.81,1.424,1.424
2026-03-23,MKT_02,MKT_02_STL_019,Whole Fish (Galunggong),412.0,1.901,1.751
2026-03-23,MKT_01,MKT_01_STL_007,Bangus,126.2,0.665,0.666
2026-03-23,MKT_02,MKT_02_STL_030,Cabbage,199.61,3.203,2.916
2026-03-23,MKT_01,MKT_01_STL_028,Beef (Rump),229.37,0.604,0.558
2026-03-23,MKT_01,MKT_01_STL_008,Chicken (Whole),436.34,2.483,2.486
2026-03-23,MKT_02,MKT_02_STL_016,Tilapia,87.19,0.608,0.571
2026-03-23,MKT_02,MKT_02_STL_003,Bangus,241.07,1.586,1.477
2026-03-23,MKT_03,MKT_03_STL_023,Chicken (Whole),600.85,3.115,2.892
2026-03-23,MKT_03,MKT_03_STL_013,Tomatoes,205.9,3.064,3.069
2026-03-23,MKT_02,MKT_02_STL_012,Chicken (Whole),182.86,1.063,0.981
2026-03-23,MKT_01,MKT_01_STL_018,Garlic,162.67,1.912,1.91
2026-03-23,MKT_01,MKT_01_STL_005,Carrots,58.8,2.842,2.844
2026-03-23,MKT_02,MKT_02_STL_030,Potatoes,200.8,2.072,1.961
2026-03-23,MKT_04,MKT_04_STL_005,Garlic,229.0,2.356,2.258
2026-03-23,MKT_02,MKT_02_STL_005,Carrots,52.78,2.556,2.419
2026-03-23,MKT_01,MKT_01_STL_007,Tilapia,252.01,1.812,1.814
2026-03-23,MKT_04,MKT_04_STL_009,Tomatoes,98.61,0.903,0.903
2026-03-23,MKT_05,MKT_05_STL_006,Tilapia,564.25,3.72,3.432
2026-03-23,MKT_03,MKT_03_STL_022,Rice (Sinandomeng),169.97,3.121,3.122
2026-03-23,MKT_02,MKT_02_STL_010,Garlic,107.32,1.15,1.1
2026-03-23,MKT_01,MKT_01_STL_023,Chicken (Whole),260.61,1.483,1.484
2026-03-23,MKT_04,MKT_04_STL_004,Cabbage,66.87,1.374,1.282
2026-03-23,MKT_02,MKT_02_STL_015,Beef (Rump),1114.85,2.693,2.569
2026-03-23,MKT_01,MKT_01_STL_003,Pork,1034.71,3.367,3.112
2026-03-24,MKT_01,MKT_01_STL_006,Tilapia,466.51,3.43,3.215
2026-03-24,MKT_03,MKT_03_STL_017,Chicken (Whole),215.43,1.124,1.052
2026-03-24,MKT_03,MKT_03_STL_011,Tomatoes,155.96,1.585,1.587
2026-03-24,MKT_05,MKT_05_STL_001,Beef (Rump),629.0,1.373,1.266
2026-03-24,MKT_05,MKT_05_STL_009,Carrots,19.65,0.921,0.921
2026-03-24,MKT_05,MKT_05_STL_003,Bangus,303.72,1.806,1.689
2026-03-24,MKT_02,MKT_02_STL_024,Carrots,63.77,3.126,2.995
2026-03-24,MKT_04,MKT_04_STL_035,Red Onions,242.28,1.74,1.62
2026-03-24,MKT_04,MKT_04_STL_018,Carrots,80.06,3.691,3.379
2026-03-24,MKT_04,MKT_04_STL_032,Tilapia,397.01,3.07,2.87
2026-03-24,MKT_01,MKT_01_STL_003,Garlic,179.88,1.567,1.501
2026-03-24,MKT_02,MKT_02_STL_028,Pork,727.68,2.412,2.196
2026-03-24,MKT_02,MKT_02_STL_023,Whole Fish (Galunggong),199.48,0.878,0.837
2026-03-24,MKT_01,MKT_01_STL_014,Red Onions,347.45,3.034,3.039
2026-03-24,MKT_04,MKT_04_STL_006,Tomatoes,173.32,2.562,2.33
2026-03-24,MKT_04,MKT_04_STL_007,Whole Fish (Galunggong),158.1,0.777,0.719
2026-03-24,MKT_04,MKT_04_STL_013,Beef (Rump),972.69,2.074,1.897
2026-03-24,MKT_04,MKT_04_STL_004,Potatoes,110.22,1.014,0.957
2026-03-24,MKT_04,MKT_04_STL_031,Rice (Sinandomeng),134.68,2.442,2.444
2026-03-24,MKT_01,MKT_01_STL_030,Red Onions,325.69,2.844,2.843
2026-03-24,MKT_02,MKT_02_STL_014,Bangus,681.52,3.371,3.168
2026-03-24,MKT_02,MKT_02_STL_030,Beef (Rump),246.12,0.566,0.519
2026-03-24,MKT_01,MKT_01_STL_026,Carrots,10.59,0.525,0.526
2026-03-24,MKT_05,MKT_05_STL_009,Rice (Sinandomeng),75.33,1.275,1.277
2026-03-24,MKT_01,MKT_01_STL_008,Tilapia,285.21,2.097,2.097
2026-03-24,MKT_03,MKT_03_STL_018,Chicken (Whole),538.37,2.809,2.81
2026-03-24,MKT_02,MKT_02_STL_020,Tilapia,465.81,3.18,3.18
2026-03-24,MKT_01,MKT_01_STL_012,Garlic,119.5,1.041,0.958
2026-03-24,MKT_02,MKT_02_STL_026,Chicken (Whole),266.02,1.423,1.425
2026-03-24,MKT_03,MKT_03_STL_030,Carrots,63.66,2.837,2.838
2026-03-25,MKT_04,MKT_04_STL_029,Tilapia,501.03,3.41,3.112
2026-03-25,MKT_02,MKT_02_STL_021,Cabbage,78.59,1.192,1.126
2026-03-25,MKT_04,MKT_04_STL_020,Bangus,738.08,3.66,3.473
2026-03-25,MKT_03,MKT_03_STL_014,Chicken (Whole),560.98,2.934,2.817
2026-03-25,MKT_04,MKT_04_STL_040,Tomatoes,70.22,0.87,0.869
2026-03-25,MKT_03,MKT_03_STL_002,Carrots,39.79,1.832,1.832
2026-03-25,MKT_02,MKT_02_STL_007,Potatoes,98.19,1.174,1.126
2026-03-25,MKT_03,MKT_03_STL_030,Tomatoes,146.55,1.696,1.698
2026-03-25,MKT_03,MKT_03_STL_005,Bangus,469.8,2.379,2.271
2026-03-25,MKT_03,MKT_03_STL_026,Rice (Sinandomeng),104.85,2.019,2.02
2026-03-25,MKT_04,MKT_04_STL_011,Red Onions,114.77,0.939,0.865
2026-03-25,MKT_03,MKT_03_STL_020,Pork,1170.04,3.603,3.322
2026-03-25,MKT_04,MKT_04_STL_023,Tilapia,427.71,2.911,2.749
2026-03-25,MKT_04,MKT_04_STL_034,Chicken (Whole),204.38,1.129,1.131
2026-03-25,MKT_04,MKT_04_STL_018,Red Onions,203.76,1.667,1.58
2026-03-25,MKT_03,MKT_03_STL_025,Pork,1080.73,3.328,3.335
2026-03-25,MKT_02,MKT_02_STL_017,Bangus,430.88,2.908,2.91
2026-03-25,MKT_03,MKT_03_STL_005,Pork,556.93,1.715,1.564
2026-03-25,MKT_04,MKT_04_STL_040,Pork,563.78,1.803,1.802
2026-03-25,MKT_04,MKT_04_STL_006,Beef (Rump),534.63,1.286,1.188
2026-03-25,MKT_01,MKT_01_STL_017,Bangus,511.42,3.256,3.128
2026-03-25,MKT_03,MKT_03_STL_003,Beef (Rump),1232.04,2.941,2.689
2026-03-26,MKT_02,MKT_02_STL_025,Rice (Sinandomeng),164.53,3.196,3.042
2026-03-26,MKT_03,MKT_03_STL_033,Carrots,18.71,0.883,0.884
2026-03-26,MKT_01,MKT_01_STL_014,Tomatoes,202.31,2.782,2.787
2026-03-26,MKT_01,MKT_01_STL_006,Chicken (Whole),556.11,3.346,3.099
2026-03-26,MKT_04,MKT_04_STL_016,Tilapia,412.9,2.563,2.353
2026-03-26,MKT_03,MKT_03_STL_010,Bangus,170.63,1.018,1.017
2026-03-26,MKT_02,MKT_02_STL_025,Rice (Sinandomeng),152.79,2.968,2.726
2026-03-26,MKT_02,MKT_02_STL_023,Rice (Sinandomeng),89.94,1.747,1.595
2026-03-26,MKT_04,MKT_04_STL_009,Whole Fish (Galunggong),198.29,0.986,0.987
2026-03-26,MKT_01,MKT_01_STL_010,Beef (Rump),721.06,1.709,1.711
2026-03-26,MKT_03,MKT_03_STL_023,Beef (Rump),1117.36,2.465,2.366
2026-03-26,MKT_03,MKT_03_STL_002,Carrots,31.7,1.496,1.495
2026-03-26,MKT_04,MKT_04_STL_016,Carrots,59.97,2.837,2.705
2026-03-26,MKT_05,MKT_05_STL_004,Bangus,120.0,0.679,0.639
2026-03-26,MKT_02,MKT_02_STL_019,Garlic,241.7,2.802,2.668
2026-03-26,MKT_04,MKT_04_STL_026,Pork,187.61,0.596,0.545
2026-03-26,MKT_04,MKT_04_STL_036,Pork,578.27,1.837,1.76
2026-03-26,MKT_01,MKT_01_STL_023,Tomatoes,137.59,1.892,1.893
2026-03-26,MKT_04,MKT_04_STL_010,Red Onions,206.0,1.822,1.821
2026-03-26,MKT_02,MKT_02_STL_015,Whole Fish (Galunggong),478.98,2.552,2.411
2026-03-26,MKT_03,MKT_03_STL_026,Tomatoes,286.34,3.195,3.199
2026-03-27,MKT_01,MKT_01_STL_008,Red Onions,200.89,1.597,1.597
2026-03-27,MKT_01,MKT_01_STL_006,Pork,668.1,2.097,1.933
2026-03-27,MKT_04,MKT_04_STL_011,Garlic,118.35,1.147,1.089
2026-03-27,MKT_04,MKT_04_STL_021,Rice (Sinandomeng),172.53,2.911,2.916
2026-03-27,MKT_02,MKT_02_STL_003,Cabbage,43.58,0.781,0.747
2026-03-27,MKT_04,MKT_04_STL_017,Bangus,228.32,1.347,1.347
2026-03-27,MKT_05,MKT_05_STL_005,Chicken (Whole),220.26,1.177,1.179
2026-03-27,MKT_04,MKT_04_STL_026,Cabbage,91.82,1.519,1.403
2026-03-27,MKT_04,MKT_04_STL_020,Tomatoes,284.32,2.683,2.505
2026-03-27,MKT_02,MKT_02_STL_011,Garlic,390.17,3.657,3.463
2026-03-27,MKT_04,MKT_04_STL_004,Rice (Sinandomeng),93.47,1.577,1.484
2026-03-27,MKT_02,MKT_02_STL_005,Rice (Sinandomeng),121.33,2.453,2.238
2026-03-27,MKT_05,MKT_05_STL_004,Carrots,65.01,2.985,2.744
2026-03-27,MKT_04,MKT_04_STL_032,Cabbage,40.92,0.677,0.644
2026-03-27,MKT_02,MKT_02_STL_009,Rice (Sinandomeng),28.93,0.585,0.543
2026-03-27,MKT_01,MKT_01_STL_002,Chicken (Whole),185.48,0.985,0.986
2026-03-27,MKT_03,MKT_03_STL_019,Tomatoes,174.82,1.95,1.952
2026-03-27,MKT_04,MKT_04_STL_038,Cabbage,206.38,3.414,3.109
2026-03-27,MKT_02,MKT_02_STL_009,Bangus,392.71,1.954,1.856
2026-03-27,MKT_01,MKT_01_STL_001,Garlic,147.92,1.374,1.288
2026-03-27,MKT_05,MKT_05_STL_004,Beef (Rump),1146.11,2.641,2.466
2026-03-27,MKT_04,MKT_04_STL_005,Tilapia,233.17,1.653,1.512
2026-03-27,MKT_04,MKT_04_STL_005,Beef (Rump),727.98,1.664,1.523
2026-03-27,MKT_03,MKT_03_STL_023,Tomatoes,241.07,2.689,2.49
2026-03-27,MKT_02,MKT_02_STL_004,Tilapia,431.77,2.946,2.79
2026-03-27,MKT_01,MKT_01_STL_008,Tilapia,230.25,1.777,1.78
2026-03-27,MKT_04,MKT_04_STL_008,Red Onions,142.82,0.878,0.879
2026-03-27,MKT_04,MKT_04_STL_025,Tomatoes,316.32,2.985,2.99
2026-03-27,MKT_05,MKT_05_STL_001,Beef (Rump),404.46,0.932,0.879
2026-03-27,MKT_04,MKT_04_STL_013,Tomatoes,210.56,1.987,1.808
2026-03-28,MKT_04,MKT_04_STL_024,Red Onions,142.64,1.048,1.048
2026-03-28,MKT_04,MKT_04_STL_015,Red Onions,161.02,1.183,1.085
2026-03-28,MKT_04,MKT_04_STL_034,Chicken (Whole),561.13,2.824,2.828
2026-03-28,MKT_03,MKT_03_STL_016,Tilapia,255.39,2.078,2.077
2026-03-28,MKT_04,MKT_04_STL_028,Garlic,324.75,3.3,3.08
2026-03-28,MKT_04,MKT_04_STL_015,Whole Fish (Galunggong),547.29,2.251,2.099
2026-03-28,MKT_03,MKT_03_STL_017,Rice (Sinandomeng),84.34,1.698,1.623
2026-03-28,MKT_04,MKT_04_STL_035,Rice (Sinandomeng),140.67,2.625,2.405
2026-03-28,MKT_04,MKT_04_STL_011,Chicken (Whole),653.33,3.288,3.03
2026-03-28,MKT_02,MKT_02_STL_014,Rice (Sinandomeng),130.14,2.328,2.122
2026-03-28,MKT_02,MKT_02_STL_004,Bangus,594.89,3.249,3.075
2026-03-28,MKT_02,MKT_02_STL_014,Bangus,278.31,1.52,1.389
2026-03-28,MKT_01,MKT_01_STL_010,Bangus,564.75,3.179,3.181
2026-03-28,MKT_04,MKT_04_STL_040,Rice (Sinandomeng),142.66,2.662,2.665
2026-03-28,MKT_02,MKT_02_STL_012,Pork,420.07,1.346,1.254
2026-03-28,MKT_04,MKT_04_STL_005,Beef (Rump),542.95,1.221,1.126
2026-03-28,MKT_03,MKT_03_STL_013,Pork,224.93,0.677,0.678
2026-03-28,MKT_05,MKT_05_STL_010,Rice (Sinandomeng),120.32,2.039,1.943
2026-03-28,MKT_02,MKT_02_STL_020,Whole Fish (Galunggong),775.39,3.432,3.429
2026-03-28,MKT_04,MKT_04_STL_014,Bangus,602.12,3.084,2.859
2026-03-28,MKT_04,MKT_04_STL_020,Bangus,468.38,2.399,2.274
2026-03-28,MKT_03,MKT_03_STL_006,Tilapia,96.11,0.782,0.712
2026-03-29,MKT_04,MKT_04_STL_019,Rice (Sinandomeng),169.44,3.173,3.178
2026-03-29,MKT_01,MKT_01_STL_027,Garlic,379.11,3.497,3.333
2026-03-29,MKT_02,MKT_02_STL_021,Tomatoes,101.46,0.979,0.927
2026-03-29,MKT_03,MKT_03_STL_029,Tilapia,86.11,0.557,0.532
2026-03-29,MKT_04,MKT_04_STL_038,Beef (Rump),1012.5,2.252,2.073
2026-03-29,MKT_03,MKT_03_STL_010,Tomatoes,72.59,1.196,1.197
2026-03-29,MKT_02,MKT_02_STL_027,Pork,721.05,2.287,2.124
2026-03-29,MKT_04,MKT_04_STL_028,Rice (Sinandomeng),41.71,0.781,0.711
2026-03-29,MKT_03,MKT_03_STL_006,Tilapia,530.09,3.429,3.126
2026-03-29,MKT_03,MKT_03_STL_032,Carrots,34.34,1.646,1.645
2026-03-29,MKT_01,MKT_01_STL_007,Pork,738.87,2.379,2.381
2026-03-29,MKT_02,MKT_02_STL_025,Rice (Sinandomeng),173.06,3.384,3.129
2026-03-29,MKT_03,MKT_03_STL_022,Tomatoes,168.17,2.771,2.775
2026-03-29,MKT_04,MKT_04_STL_030,Pork,240.06,0.766,0.766
2026-03-29,MKT_01,MKT_01_STL_017,Garlic,353.85,3.264,3.095
2026-03-29,MKT_02,MKT_02_STL_015,Cabbage,108.94,2.147,1.984
2026-03-29,MKT_04,MKT_04_STL_023,Bangus,297.91,1.903,1.765
2026-03-29,MKT_02,MKT_02_STL_028,Whole Fish (Galunggong),300.6,1.453,1.341
2026-03-29,MKT_04,MKT_04_STL_018,Beef (Rump),1558.31,3.466,3.214
2026-03-29,MKT_02,MKT_02_STL_027,Tilapia,281.33,1.918,1.759
2026-03-29,MKT_03,MKT_03_STL_021,Tilapia,115.63,0.748,0.749
2026-03-29,MKT_04,MKT_04_STL_040,Whole Fish (Galunggong),420.97,1.957,1.957
2026-03-29,MKT_02,MKT_02_STL_006,Chicken (Whole),423.09,2.455,2.273
2026-03-29,MKT_03,MKT_03_STL_031,Pork,1229.05,3.805,3.492
2026-03-29,MKT_04,MKT_04_STL_033,Tomatoes,230.88,2.379,2.182
2026-03-29,MKT_02,MKT_02_STL_011,Bangus,451.66,2.534,2.32
2026-03-29,MKT_05,MKT_05_STL_004,Bangus,121.02,0.655,0.626
2026-03-29,MKT_04,MKT_04_STL_028,Whole Fish (Galunggong),546.16,2.539,2.428
2026-03-30,MKT_04,MKT_04_STL_008,Pork,1054.66,3.396,3.4
2026-03-30,MKT_04,MKT_04_STL_016,Garlic,246.93,2.755,2.518
2026-03-30,MKT_01,MKT_01_STL_011,Bangus,467.35,2.946,2.946
2026-03-30,MKT_02,MKT_02_STL_009,Carrots,34.92,1.677,1.542
2026-03-30,MKT_01,MKT_01_STL_006,Tomatoes,195.26,2.378,2.22
2026-03-30,MKT_04,MKT_04_STL_032,Bangus,661.43,3.167,2.939
2026-03-30,MKT_01,MKT_01_STL_018,Bangus,396.92,2.502,2.507
2026-03-30,MKT_02,MKT_02_STL_004,Garlic,109.65,1.123,1.042
2026-03-30,MKT_04,MKT_04_STL_020,Tilapia,111.11,0.872,0.796
2026-03-30,MKT_02,MKT_02_STL_023,Whole Fish (Galunggong),115.62,0.624,0.585
2026-03-30,MKT_01,MKT_01_STL_002,Beef (Rump),613.57,1.576,1.576
2026-03-30,MKT_02,MKT_02_STL_019,Tilapia,518.29,3.609,3.421
2026-03-30,MKT_01,MKT_01_STL_005,Tomatoes,233.85,2.848,2.851
2026-03-30,MKT_04,MKT_04_STL_002,Potatoes,397.21,3.667,3.473
2026-03-30,MKT_01,MKT_01_STL_002,Rice (Sinandomeng),57.39,1.128,1.128
2026-03-30,MKT_02,MKT_02_STL_007,Red Onions,343.22,2.651,2.445
2026-03-30,MKT_01,MKT_01_STL_009,Tilapia,376.09,2.986,2.843
2026-03-30,MKT_02,MKT_02_STL_022,Tomatoes,226.45,3.254,3.07
2026-03-30,MKT_03,MKT_03_STL_001,Chicken (Whole),301.27,1.535,1.45
2026-03-30,MKT_03,MKT_03_STL_007,Pork,793.62,2.415,2.418
2026-03-30,MKT_04,MKT_04_STL_010,Tomatoes,239.99,2.419,2.418
2026-03-30,MKT_04,MKT_04_STL_029,Chicken (Whole),264.94,1.401,1.294
2026-03-30,MKT_03,MKT_03_STL_020,Tilapia,206.59,1.611,1.511
2026-03-31,MKT_03,MKT_03_STL_033,Rice (Sinandomeng),183.4,3.375,3.378
2026-03-31,MKT_03,MKT_03_STL_001,Pork,355.0,1.132,1.069
2026-03-31,MKT_03,MKT_03_STL_026,Beef (Rump),1179.76,2.769,2.77
2026-03-31,MKT_05,MKT_05_STL_010,Bangus,459.97,2.46,2.355
2026-03-31,MKT_01,MKT_01_STL_019,Pork,250.95,0.831,0.772
2026-03-31,MKT_01,MKT_01_STL_011,Bangus,567.37,3.052,3.057
2026-03-31,MKT_02,MKT_02_STL_008,Tilapia,292.3,2.232,2.098
2026-03-31,MKT_04,MKT_04_STL_035,Bangus,160.75,0.89,0.811
2026-03-31,MKT_01,MKT_01_STL_020,Beef (Rump),939.17,2.342,2.34
2026-03-31,MKT_02,MKT_02_STL_017,Tilapia,457.84,3.496,3.498
2026-03-31,MKT_02,MKT_02_STL_005,Carrots,26.33,1.299,1.238
2026-03-31,MKT_03,MKT_03_STL_002,Beef (Rump),246.26,0.578,0.579
2026-03-31,MKT_02,MKT_02_STL_003,Potatoes,291.59,3.639,3.45
2026-03-31,MKT_02,MKT_02_STL_014,Chicken (Whole),361.42,1.983,1.821
2026-03-31,MKT_02,MKT_02_STL_025,Rice (Sinandomeng),26.38,0.566,0.537
2026-03-31,MKT_04,MKT_04_STL_005,Carrots,69.02,3.285,3.073
2026-03-31,MKT_04,MKT_04_STL_038,Tomatoes,199.21,1.871,1.744
2026-03-31,MKT_01,MKT_01_STL_019,Garlic,107.57,1.132,1.077
2026-03-31,MKT_03,MKT_03_STL_015,Bangus,422.32,2.604,2.382
2026-03-31,MKT_04,MKT_04_STL_037,Bangus,535.72,2.966,2.74
2026-03-31,MKT_02,MKT_02_STL_006,Tilapia,402.31,3.072,2.91
2026-03-31,MKT_02,MKT_02_STL_004,Tilapia,228.66,1.746,1.594
2026-03-31,MKT_04,MKT_04_STL_020,Chicken (Whole),276.55,1.55,1.46
2026-03-31,MKT_02,MKT_02_STL_012,Potatoes,79.01,0.986,0.903
2026-03-31,MKT_04,MKT_04_STL_019,Potatoes,106.91,1.241,1.241
2026-03-31,MKT_02,MKT_02_STL_008,Rice (Sinandomeng),40.31,0.865,0.79
2026-03-31,MKT_04,MKT_04_STL_016,Red Onions,334.39,2.814,2.625
2026-03-31,MKT_01,MKT_01_STL_026,Pork,882.11,2.921,2.922
2026-03-31,MKT_04,MKT_04_STL_034,Potatoes,133.1,1.545,1.545
2026-03-31,MKT_04,MKT_04_STL_020,Red Onions,370.87,3.121,2.963
2026-03-31,MKT_04,MKT_04_STL_004,Beef (Rump),949.4,2.319,2.223
